#
# There is insufficient memory for the Java Runtime Environment to continue.
# Native memory allocation (mmap) failed to map 480247808 bytes. Error detail: G1 virtual space
# Possible reasons:
#   The system is out of physical RAM or swap space
#   This process is running with CompressedOops enabled, and the Java Heap may be blocking the growth of the native heap
# Possible solutions:
#   Reduce memory load on the system
#   Increase physical memory or swap space
#   Check if swap backing store is full
#   Decrease Java heap size (-Xmx/-Xms)
#   Decrease number of Java threads
#   Decrease Java thread stack sizes (-Xss)
#   Set larger code cache with -XX:ReservedCodeCacheSize=
#   JVM is running with Zero Based Compressed Oops mode in which the Java heap is
#     placed in the first 32GB address space. The Java Heap base address is the
#     maximum limit for the native heap growth. Please use -XX:HeapBaseMinAddress
#     to set the Java Heap base and to place the Java Heap above 32GB virtual address.
# This output file may be truncated or incomplete.
#
#  Out of Memory Error (os_windows.cpp:3618), pid=26088, tid=4332
#
# JRE version: OpenJDK Runtime Environment Temurin-17.0.19+10 (17.0.19+10) (build 17.0.19+10)
# Java VM: OpenJDK 64-Bit Server VM Temurin-17.0.19+10 (17.0.19+10, mixed mode, sharing, tiered, compressed oops, compressed class ptrs, g1 gc, windows-amd64)
# No core dump will be written. Minidumps are not enabled by default on client versions of Windows
#

---------------  S U M M A R Y ------------

Command Line: -Dapplication.home=C:\Program Files\Eclipse Adoptium\jdk-17.0.19.10-hotspot --add-modules=ALL-DEFAULT -Xms8m -Djdk.module.main=jdk.compiler jdk.compiler/com.sun.tools.javac.Main -encoding UTF-8 -cp @target/classpath.txt -d target/classes D:\Projects\AFM\backend-service\src\main\java\com\afm\backend\BackendServiceApplication.java D:\Projects\AFM\backend-service\src\main\java\com\afm\backend\config\JwtRequestFilter.java D:\Projects\AFM\backend-service\src\main\java\com\afm\backend\config\SecurityConfig.java D:\Projects\AFM\backend-service\src\main\java\com\afm\backend\controller\ApplicationController.java D:\Projects\AFM\backend-service\src\main\java\com\afm\backend\controller\AuthController.java D:\Projects\AFM\backend-service\src\main\java\com\afm\backend\controller\JobVacancyController.java D:\Projects\AFM\backend-service\src\main\java\com\afm\backend\controller\LeadController.java D:\Projects\AFM\backend-service\src\main\java\com\afm\backend\controller\SettingsController.java D:\Projects\AFM\backend-service\src\main\java\com\afm\backend\controller\UserController.java D:\Projects\AFM\backend-service\src\main\java\com\afm\backend\entity\Application.java D:\Projects\AFM\backend-service\src\main\java\com\afm\backend\entity\FeatureToggle.java D:\Projects\AFM\backend-service\src\main\java\com\afm\backend\entity\JobVacancy.java D:\Projects\AFM\backend-service\src\main\java\com\afm\backend\entity\Lead.java D:\Projects\AFM\backend-service\src\main\java\com\afm\backend\entity\PasswordResetToken.java D:\Projects\AFM\backend-service\src\main\java\com\afm\backend\entity\User.java D:\Projects\AFM\backend-service\src\main\java\com\afm\backend\repository\ApplicationRepository.java D:\Projects\AFM\backend-service\src\main\java\com\afm\backend\repository\FeatureToggleRepository.java D:\Projects\AFM\backend-service\src\main\java\com\afm\backend\repository\JobVacancyRepository.java D:\Projects\AFM\backend-service\src\main\java\com\afm\backend\repository\LeadRepository.java D:\Projects\AFM\backend-service\src\main\java\com\afm\backend\repository\PasswordResetTokenRepository.java D:\Projects\AFM\backend-service\src\main\java\com\afm\backend\repository\UserRepository.java D:\Projects\AFM\backend-service\src\main\java\com\afm\backend\service\EmailService.java D:\Projects\AFM\backend-service\src\main\java\com\afm\backend\service\JwtUserDetailsService.java D:\Projects\AFM\backend-service\src\main\java\com\afm\backend\util\JwtUtil.java

Host: Intel(R) Core(TM) i7-9850H CPU @ 2.60GHz, 12 cores, 15G,  Windows 11 , 64 bit Build 26100 (10.0.26100.8875)
Time: Tue Aug 11 17:39:08 2026 India Standard Time elapsed time: 23.259924 seconds (0d 0h 0m 23s)

---------------  T H R E A D  ---------------

Current thread (0x000001927e6b7270):  VMThread "VM Thread" [stack: 0x0000004d57800000,0x0000004d57900000] [id=4332]

Stack: [0x0000004d57800000,0x0000004d57900000]
Native frames: (J=compiled Java code, j=interpreted, Vv=VM code, C=native code)
V  [jvm.dll+0x684b29]
V  [jvm.dll+0x83a2d5]
V  [jvm.dll+0x83bd4e]
V  [jvm.dll+0x83c3d3]
V  [jvm.dll+0x24905f]
V  [jvm.dll+0x6818e9]
V  [jvm.dll+0x6766ea]
V  [jvm.dll+0x3093b7]
V  [jvm.dll+0x3109a6]
V  [jvm.dll+0x360f1e]
V  [jvm.dll+0x36115d]
V  [jvm.dll+0x2e043c]
V  [jvm.dll+0x2de812]
V  [jvm.dll+0x2ddfac]
V  [jvm.dll+0x320c6b]
V  [jvm.dll+0x840bed]
V  [jvm.dll+0x841923]
V  [jvm.dll+0x841e4f]
V  [jvm.dll+0x842235]
V  [jvm.dll+0x8422fe]
V  [jvm.dll+0x7eaf1c]
V  [jvm.dll+0x6839f7]
C  [ucrtbase.dll+0x2cd30]
C  [KERNEL32.DLL+0x2e957]
C  [ntdll.dll+0xaad6c]

VM_Operation (0x0000004d572fcf60): G1CollectForAllocation, mode: safepoint, requested by thread 0x0000019278531530


---------------  P R O C E S S  ---------------

Threads class SMR info:
_java_thread_list=0x000001926772ac50, length=14, elements={
0x0000019278531530, 0x000001927e6bd670, 0x000001927e6be140, 0x000001927e6d9b80,
0x000001927e6dc460, 0x000001927e6dd340, 0x000001927e6ddc10, 0x000001927e6e0820,
0x000001927e6e1130, 0x000001927e6e9a50, 0x000001927e6a8380, 0x000001921ebbe9d0,
0x0000019269784fe0, 0x00000192645673f0
}

Java Threads: ( => current thread )
  0x0000019278531530 JavaThread "main" [_thread_blocked, id=4492, stack(0x0000004d57200000,0x0000004d57300000)]
  0x000001927e6bd670 JavaThread "Reference Handler" daemon [_thread_blocked, id=28016, stack(0x0000004d57900000,0x0000004d57a00000)]
  0x000001927e6be140 JavaThread "Finalizer" daemon [_thread_blocked, id=24060, stack(0x0000004d57a00000,0x0000004d57b00000)]
  0x000001927e6d9b80 JavaThread "Signal Dispatcher" daemon [_thread_blocked, id=32200, stack(0x0000004d57b00000,0x0000004d57c00000)]
  0x000001927e6dc460 JavaThread "Attach Listener" daemon [_thread_blocked, id=3388, stack(0x0000004d57c00000,0x0000004d57d00000)]
  0x000001927e6dd340 JavaThread "Service Thread" daemon [_thread_blocked, id=21920, stack(0x0000004d57d00000,0x0000004d57e00000)]
  0x000001927e6ddc10 JavaThread "Monitor Deflation Thread" daemon [_thread_blocked, id=6036, stack(0x0000004d57e00000,0x0000004d57f00000)]
  0x000001927e6e0820 JavaThread "C2 CompilerThread0" daemon [_thread_blocked, id=15020, stack(0x0000004d57f00000,0x0000004d58000000)]
  0x000001927e6e1130 JavaThread "C1 CompilerThread0" daemon [_thread_blocked, id=12488, stack(0x0000004d58000000,0x0000004d58100000)]
  0x000001927e6e9a50 JavaThread "Sweeper thread" daemon [_thread_blocked, id=6068, stack(0x0000004d58100000,0x0000004d58200000)]
  0x000001927e6a8380 JavaThread "Common-Cleaner" daemon [_thread_blocked, id=19484, stack(0x0000004d58200000,0x0000004d58300000)]
  0x000001921ebbe9d0 JavaThread "Notification Thread" daemon [_thread_blocked, id=16136, stack(0x0000004d58400000,0x0000004d58500000)]
  0x0000019269784fe0 JavaThread "C2 CompilerThread1" daemon [_thread_blocked, id=8348, stack(0x0000004d58c00000,0x0000004d58d00000)]
  0x00000192645673f0 JavaThread "C2 CompilerThread2" daemon [_thread_blocked, id=4276, stack(0x0000004d58d00000,0x0000004d58e00000)]

Other Threads:
=>0x000001927e6b7270 VMThread "VM Thread" [stack: 0x0000004d57800000,0x0000004d57900000] [id=4332]
  0x000001921ebbeeb0 WatcherThread [stack: 0x0000004d58500000,0x0000004d58600000] [id=27176]
  0x000001927859de50 GCTaskThread "GC Thread#0" [stack: 0x0000004d57300000,0x0000004d57400000] [id=26544]
  0x000001921ed12310 GCTaskThread "GC Thread#1" [stack: 0x0000004d58600000,0x0000004d58700000] [id=18960]
  0x000001921ed209a0 GCTaskThread "GC Thread#2" [stack: 0x0000004d58700000,0x0000004d58800000] [id=28760]
  0x000001921ed20c60 GCTaskThread "GC Thread#3" [stack: 0x0000004d58800000,0x0000004d58900000] [id=14664]
  0x0000019264304c20 GCTaskThread "GC Thread#4" [stack: 0x0000004d58300000,0x0000004d58400000] [id=17708]
  0x00000192645e0470 GCTaskThread "GC Thread#5" [stack: 0x0000004d58900000,0x0000004d58a00000] [id=18872]
  0x0000019267810a90 GCTaskThread "GC Thread#6" [stack: 0x0000004d58e00000,0x0000004d58f00000] [id=24628]
  0x0000019269426210 GCTaskThread "GC Thread#7" [stack: 0x0000004d58f00000,0x0000004d59000000] [id=32452]
  0x0000019267bbf310 GCTaskThread "GC Thread#8" [stack: 0x0000004d59800000,0x0000004d59900000] [id=22288]
  0x0000019267bbe810 GCTaskThread "GC Thread#9" [stack: 0x0000004d59900000,0x0000004d59a00000] [id=4700]
  0x00000192785af950 ConcurrentGCThread "G1 Main Marker" [stack: 0x0000004d57400000,0x0000004d57500000] [id=5332]
  0x00000192785b0f50 ConcurrentGCThread "G1 Conc#0" [stack: 0x0000004d57500000,0x0000004d57600000] [id=6288]
  0x00000192652775b0 ConcurrentGCThread "G1 Conc#1" [stack: 0x0000004d58a00000,0x0000004d58b00000] [id=15052]
  0x0000019264649e20 ConcurrentGCThread "G1 Conc#2" [stack: 0x0000004d58b00000,0x0000004d58c00000] [id=28368]
  0x000001927e583390 ConcurrentGCThread "G1 Refine#0" [stack: 0x0000004d57600000,0x0000004d57700000] [id=29392]
  0x000001926ad95cd0 ConcurrentGCThread "G1 Refine#1" [stack: 0x0000004d59000000,0x0000004d59100000] [id=10952]
  0x0000019265a04ae0 ConcurrentGCThread "G1 Refine#2" [stack: 0x0000004d59100000,0x0000004d59200000] [id=17696]
  0x000001921ee12210 ConcurrentGCThread "G1 Refine#3" [stack: 0x0000004d59200000,0x0000004d59300000] [id=30420]
  0x0000019264c6e810 ConcurrentGCThread "G1 Refine#4" [stack: 0x0000004d59300000,0x0000004d59400000] [id=6524]
  0x0000019267c11b40 ConcurrentGCThread "G1 Refine#5" [stack: 0x0000004d59400000,0x0000004d59500000] [id=24524]
  0x0000019268e13010 ConcurrentGCThread "G1 Refine#6" [stack: 0x0000004d59500000,0x0000004d59600000] [id=29152]
  0x0000019265afd0c0 ConcurrentGCThread "G1 Refine#7" [stack: 0x0000004d59600000,0x0000004d59700000] [id=7768]
  0x0000019264a64f20 ConcurrentGCThread "G1 Refine#8" [stack: 0x0000004d59700000,0x0000004d59800000] [id=31852]
  0x000001926baa60b0 ConcurrentGCThread "G1 Refine#9" [stack: 0x0000004d59a00000,0x0000004d59b00000] [id=14088]
  0x000001927e583b70 ConcurrentGCThread "G1 Service" [stack: 0x0000004d57700000,0x0000004d57800000] [id=13864]

Threads with active compile tasks:
C2 CompilerThread0  23343 6930   !   4       com.sun.tools.javac.code.Types$MembersClosureCache::visitClassType (216 bytes)
C2 CompilerThread1  23343 6923   !   4       com.sun.tools.javac.main.JavaCompiler::readSourceFile (435 bytes)
C2 CompilerThread2  23343 6929       4       com.sun.tools.javac.code.Types$MembersClosureCache::visitClassType (10 bytes)

VM state: at safepoint (normal execution)

VM Mutex/Monitor currently owned by a thread:  ([mutex/lock_event])
[0x000001927852b5a0] Threads_lock - owner thread: 0x000001927e6b7270
[0x000001927852c050] Heap_lock - owner thread: 0x0000019278531530

Heap address: 0x0000000703600000, size: 4042 MB, Compressed Oops mode: Zero based, Oop shift amount: 3

CDS archive(s) mapped at: [0x000001921f000000-0x000001921fbb0000-0x000001921fbb0000), size 12255232, SharedBaseAddress: 0x000001921f000000, ArchiveRelocationMode: 1.
Compressed class space mapped at: 0x0000019220000000-0x0000019260000000, reserved size: 1073741824
Narrow klass base: 0x000001921f000000, Narrow klass shift: 0, Narrow klass range: 0x100000000

GC Precious Log:
 CPUs: 12 total, 12 available
 Memory: 16165M
 Large Page Support: Disabled
 NUMA Support: Disabled
 Compressed Oops: Enabled (Zero based)
 Heap Region Size: 2M
 Heap Min Capacity: 8M
 Heap Initial Capacity: 8M
 Heap Max Capacity: 4042M
 Pre-touch: Disabled
 Parallel Workers: 10
 Concurrent Workers: 3
 Concurrent Refinement Workers: 10
 Periodic GC: Disabled

Heap:
 garbage-first heap   total 950272K, used 629979K [0x0000000703600000, 0x0000000800000000)
  region size 2048K, 10 young (20480K), 10 survivors (20480K)
 Metaspace       used 14365K, committed 14592K, reserved 1114112K
  class space    used 1440K, committed 1536K, reserved 1048576K

Heap Regions: E=young(eden), S=young(survivor), O=old, HS=humongous(starts), HC=humongous(continues), CS=collection set, F=free, OA=open archive, CA=closed archive, TAMS=top-at-mark-start (previous, next)
|   0|0x0000000703600000, 0x0000000703800000, 0x0000000703800000|100%| O|  |TAMS 0x0000000703800000, 0x0000000703600000| Untracked 
|   1|0x0000000703800000, 0x0000000703a00000, 0x0000000703a00000|100%| O|  |TAMS 0x0000000703a00000, 0x0000000703800000| Untracked 
|   2|0x0000000703a00000, 0x0000000703c00000, 0x0000000703c00000|100%| O|  |TAMS 0x0000000703c00000, 0x0000000703a00000| Untracked 
|   3|0x0000000703c00000, 0x0000000703e00000, 0x0000000703e00000|100%| O|  |TAMS 0x0000000703e00000, 0x0000000703c00000| Untracked 
|   4|0x0000000703e00000, 0x0000000704000000, 0x0000000704000000|100%| O|  |TAMS 0x0000000704000000, 0x0000000703e00000| Untracked 
|   5|0x0000000704000000, 0x0000000704200000, 0x0000000704200000|100%| O|  |TAMS 0x0000000704200000, 0x0000000704000000| Untracked 
|   6|0x0000000704200000, 0x0000000704400000, 0x0000000704400000|100%| O|  |TAMS 0x0000000704400000, 0x0000000704200000| Untracked 
|   7|0x0000000704400000, 0x0000000704600000, 0x0000000704600000|100%| O|  |TAMS 0x0000000704600000, 0x0000000704400000| Untracked 
|   8|0x0000000704600000, 0x0000000704800000, 0x0000000704800000|100%| O|  |TAMS 0x0000000704800000, 0x0000000704600000| Untracked 
|   9|0x0000000704800000, 0x0000000704a00000, 0x0000000704a00000|100%|HS|  |TAMS 0x0000000704a00000, 0x0000000704800000| Complete 
|  10|0x0000000704a00000, 0x0000000704c00000, 0x0000000704c00000|100%| O|  |TAMS 0x0000000704c00000, 0x0000000704a00000| Untracked 
|  11|0x0000000704c00000, 0x0000000704e00000, 0x0000000704e00000|100%| O|  |TAMS 0x0000000704e00000, 0x0000000704c00000| Untracked 
|  12|0x0000000704e00000, 0x0000000705000000, 0x0000000705000000|100%| O|  |TAMS 0x0000000705000000, 0x0000000704e00000| Untracked 
|  13|0x0000000705000000, 0x0000000705200000, 0x0000000705200000|100%| O|  |TAMS 0x0000000705200000, 0x0000000705000000| Untracked 
|  14|0x0000000705200000, 0x0000000705400000, 0x0000000705400000|100%| O|  |TAMS 0x0000000705400000, 0x0000000705200000| Untracked 
|  15|0x0000000705400000, 0x0000000705600000, 0x0000000705600000|100%| O|  |TAMS 0x0000000705600000, 0x0000000705400000| Untracked 
|  16|0x0000000705600000, 0x0000000705800000, 0x0000000705800000|100%| O|  |TAMS 0x0000000705800000, 0x0000000705600000| Untracked 
|  17|0x0000000705800000, 0x0000000705a00000, 0x0000000705a00000|100%| O|  |TAMS 0x0000000705a00000, 0x0000000705800000| Untracked 
|  18|0x0000000705a00000, 0x0000000705c00000, 0x0000000705c00000|100%| O|  |TAMS 0x0000000705c00000, 0x0000000705a00000| Untracked 
|  19|0x0000000705c00000, 0x0000000705e00000, 0x0000000705e00000|100%| O|  |TAMS 0x0000000705e00000, 0x0000000705c00000| Untracked 
|  20|0x0000000705e00000, 0x0000000706000000, 0x0000000706000000|100%| O|  |TAMS 0x0000000706000000, 0x0000000705e00000| Untracked 
|  21|0x0000000706000000, 0x0000000706200000, 0x0000000706200000|100%| O|  |TAMS 0x0000000706200000, 0x0000000706000000| Untracked 
|  22|0x0000000706200000, 0x0000000706400000, 0x0000000706400000|100%| O|  |TAMS 0x0000000706400000, 0x0000000706200000| Untracked 
|  23|0x0000000706400000, 0x0000000706600000, 0x0000000706600000|100%| O|  |TAMS 0x0000000706600000, 0x0000000706400000| Untracked 
|  24|0x0000000706600000, 0x0000000706800000, 0x0000000706800000|100%| O|  |TAMS 0x0000000706800000, 0x0000000706600000| Untracked 
|  25|0x0000000706800000, 0x0000000706a00000, 0x0000000706a00000|100%| O|  |TAMS 0x0000000706a00000, 0x0000000706800000| Untracked 
|  26|0x0000000706a00000, 0x0000000706c00000, 0x0000000706c00000|100%| O|  |TAMS 0x0000000706c00000, 0x0000000706a00000| Untracked 
|  27|0x0000000706c00000, 0x0000000706e00000, 0x0000000706e00000|100%| O|  |TAMS 0x0000000706e00000, 0x0000000706c00000| Untracked 
|  28|0x0000000706e00000, 0x0000000707000000, 0x0000000707000000|100%| O|  |TAMS 0x0000000707000000, 0x0000000706e00000| Untracked 
|  29|0x0000000707000000, 0x0000000707200000, 0x0000000707200000|100%| O|  |TAMS 0x0000000707200000, 0x0000000707000000| Untracked 
|  30|0x0000000707200000, 0x0000000707400000, 0x0000000707400000|100%| O|  |TAMS 0x0000000707400000, 0x0000000707200000| Untracked 
|  31|0x0000000707400000, 0x0000000707600000, 0x0000000707600000|100%| O|  |TAMS 0x0000000707600000, 0x0000000707400000| Untracked 
|  32|0x0000000707600000, 0x0000000707800000, 0x0000000707800000|100%| O|  |TAMS 0x0000000707800000, 0x0000000707600000| Untracked 
|  33|0x0000000707800000, 0x0000000707a00000, 0x0000000707a00000|100%| O|  |TAMS 0x0000000707a00000, 0x0000000707800000| Untracked 
|  34|0x0000000707a00000, 0x0000000707c00000, 0x0000000707c00000|100%|HS|  |TAMS 0x0000000707c00000, 0x0000000707a00000| Complete 
|  35|0x0000000707c00000, 0x0000000707e00000, 0x0000000707e00000|100%| O|  |TAMS 0x0000000707e00000, 0x0000000707c00000| Untracked 
|  36|0x0000000707e00000, 0x0000000708000000, 0x0000000708000000|100%| O|  |TAMS 0x0000000708000000, 0x0000000707e00000| Untracked 
|  37|0x0000000708000000, 0x0000000708200000, 0x0000000708200000|100%| O|  |TAMS 0x0000000708200000, 0x0000000708000000| Untracked 
|  38|0x0000000708200000, 0x0000000708400000, 0x0000000708400000|100%| O|  |TAMS 0x0000000708400000, 0x0000000708200000| Untracked 
|  39|0x0000000708400000, 0x0000000708600000, 0x0000000708600000|100%| O|  |TAMS 0x0000000708600000, 0x0000000708400000| Untracked 
|  40|0x0000000708600000, 0x0000000708800000, 0x0000000708800000|100%| O|  |TAMS 0x0000000708800000, 0x0000000708600000| Untracked 
|  41|0x0000000708800000, 0x0000000708a00000, 0x0000000708a00000|100%| O|  |TAMS 0x0000000708a00000, 0x0000000708800000| Untracked 
|  42|0x0000000708a00000, 0x0000000708c00000, 0x0000000708c00000|100%| O|  |TAMS 0x0000000708c00000, 0x0000000708a00000| Untracked 
|  43|0x0000000708c00000, 0x0000000708e00000, 0x0000000708e00000|100%| O|  |TAMS 0x0000000708e00000, 0x0000000708c00000| Untracked 
|  44|0x0000000708e00000, 0x0000000709000000, 0x0000000709000000|100%| O|  |TAMS 0x0000000709000000, 0x0000000708e00000| Untracked 
|  45|0x0000000709000000, 0x0000000709200000, 0x0000000709200000|100%| O|  |TAMS 0x0000000709200000, 0x0000000709000000| Untracked 
|  46|0x0000000709200000, 0x0000000709400000, 0x0000000709400000|100%| O|  |TAMS 0x0000000709200000, 0x0000000709200000| Untracked 
|  47|0x0000000709400000, 0x0000000709600000, 0x0000000709600000|100%| O|  |TAMS 0x0000000709600000, 0x0000000709400000| Untracked 
|  48|0x0000000709600000, 0x0000000709800000, 0x0000000709800000|100%| O|  |TAMS 0x0000000709800000, 0x0000000709600000| Untracked 
|  49|0x0000000709800000, 0x0000000709a00000, 0x0000000709a00000|100%| O|  |TAMS 0x0000000709a00000, 0x0000000709800000| Untracked 
|  50|0x0000000709a00000, 0x0000000709c00000, 0x0000000709c00000|100%| O|  |TAMS 0x0000000709c00000, 0x0000000709a00000| Untracked 
|  51|0x0000000709c00000, 0x0000000709e00000, 0x0000000709e00000|100%| O|  |TAMS 0x0000000709e00000, 0x0000000709c00000| Untracked 
|  52|0x0000000709e00000, 0x000000070a000000, 0x000000070a000000|100%| O|  |TAMS 0x000000070a000000, 0x0000000709e00000| Untracked 
|  53|0x000000070a000000, 0x000000070a200000, 0x000000070a200000|100%| O|  |TAMS 0x000000070a200000, 0x000000070a000000| Untracked 
|  54|0x000000070a200000, 0x000000070a400000, 0x000000070a400000|100%| O|  |TAMS 0x000000070a400000, 0x000000070a200000| Untracked 
|  55|0x000000070a400000, 0x000000070a600000, 0x000000070a600000|100%| O|  |TAMS 0x000000070a600000, 0x000000070a400000| Untracked 
|  56|0x000000070a600000, 0x000000070a800000, 0x000000070a800000|100%| O|  |TAMS 0x000000070a800000, 0x000000070a600000| Untracked 
|  57|0x000000070a800000, 0x000000070aa00000, 0x000000070aa00000|100%| O|  |TAMS 0x000000070aa00000, 0x000000070a800000| Untracked 
|  58|0x000000070aa00000, 0x000000070ac00000, 0x000000070ac00000|100%| O|  |TAMS 0x000000070ac00000, 0x000000070aa00000| Untracked 
|  59|0x000000070ac00000, 0x000000070ae00000, 0x000000070ae00000|100%| O|  |TAMS 0x000000070ae00000, 0x000000070ac00000| Untracked 
|  60|0x000000070ae00000, 0x000000070b000000, 0x000000070b000000|100%| O|  |TAMS 0x000000070b000000, 0x000000070ae00000| Untracked 
|  61|0x000000070b000000, 0x000000070b200000, 0x000000070b200000|100%| O|  |TAMS 0x000000070b000000, 0x000000070b000000| Untracked 
|  62|0x000000070b200000, 0x000000070b400000, 0x000000070b400000|100%| O|  |TAMS 0x000000070b400000, 0x000000070b200000| Untracked 
|  63|0x000000070b400000, 0x000000070b600000, 0x000000070b600000|100%| O|  |TAMS 0x000000070b600000, 0x000000070b400000| Untracked 
|  64|0x000000070b600000, 0x000000070b800000, 0x000000070b800000|100%| O|  |TAMS 0x000000070b800000, 0x000000070b600000| Untracked 
|  65|0x000000070b800000, 0x000000070ba00000, 0x000000070ba00000|100%| O|  |TAMS 0x000000070b961c00, 0x000000070b800000| Untracked 
|  66|0x000000070ba00000, 0x000000070bc00000, 0x000000070bc00000|100%| O|  |TAMS 0x000000070ba00000, 0x000000070ba00000| Untracked 
|  67|0x000000070bc00000, 0x000000070be00000, 0x000000070be00000|100%| O|  |TAMS 0x000000070bc00000, 0x000000070bc00000| Untracked 
|  68|0x000000070be00000, 0x000000070c000000, 0x000000070c000000|100%| O|  |TAMS 0x000000070be00000, 0x000000070be00000| Untracked 
|  69|0x000000070c000000, 0x000000070c200000, 0x000000070c200000|100%| O|  |TAMS 0x000000070c000000, 0x000000070c000000| Untracked 
|  70|0x000000070c200000, 0x000000070c400000, 0x000000070c400000|100%| O|  |TAMS 0x000000070c200000, 0x000000070c200000| Untracked 
|  71|0x000000070c400000, 0x000000070c600000, 0x000000070c600000|100%| O|  |TAMS 0x000000070c400000, 0x000000070c400000| Untracked 
|  72|0x000000070c600000, 0x000000070c800000, 0x000000070c800000|100%| O|  |TAMS 0x000000070c600000, 0x000000070c600000| Untracked 
|  73|0x000000070c800000, 0x000000070ca00000, 0x000000070ca00000|100%| O|  |TAMS 0x000000070c800000, 0x000000070c800000| Untracked 
|  74|0x000000070ca00000, 0x000000070cc00000, 0x000000070cc00000|100%| O|  |TAMS 0x000000070ca00000, 0x000000070ca00000| Untracked 
|  75|0x000000070cc00000, 0x000000070ce00000, 0x000000070ce00000|100%| O|  |TAMS 0x000000070cc00000, 0x000000070cc00000| Untracked 
|  76|0x000000070ce00000, 0x000000070d000000, 0x000000070d000000|100%| O|  |TAMS 0x000000070ce00000, 0x000000070ce00000| Untracked 
|  77|0x000000070d000000, 0x000000070d200000, 0x000000070d200000|100%| O|  |TAMS 0x000000070d000000, 0x000000070d000000| Untracked 
|  78|0x000000070d200000, 0x000000070d400000, 0x000000070d400000|100%| O|  |TAMS 0x000000070d200000, 0x000000070d200000| Untracked 
|  79|0x000000070d400000, 0x000000070d600000, 0x000000070d600000|100%| O|  |TAMS 0x000000070d400000, 0x000000070d400000| Untracked 
|  80|0x000000070d600000, 0x000000070d800000, 0x000000070d800000|100%| O|  |TAMS 0x000000070d600000, 0x000000070d600000| Untracked 
|  81|0x000000070d800000, 0x000000070da00000, 0x000000070da00000|100%| O|  |TAMS 0x000000070d800000, 0x000000070d800000| Untracked 
|  82|0x000000070da00000, 0x000000070dc00000, 0x000000070dc00000|100%| O|  |TAMS 0x000000070da00000, 0x000000070da00000| Untracked 
|  83|0x000000070dc00000, 0x000000070de00000, 0x000000070de00000|100%| O|  |TAMS 0x000000070dc00000, 0x000000070dc00000| Untracked 
|  84|0x000000070de00000, 0x000000070e000000, 0x000000070e000000|100%| O|  |TAMS 0x000000070de00000, 0x000000070de00000| Untracked 
|  85|0x000000070e000000, 0x000000070e200000, 0x000000070e200000|100%| O|  |TAMS 0x000000070e000000, 0x000000070e000000| Untracked 
|  86|0x000000070e200000, 0x000000070e400000, 0x000000070e400000|100%| O|  |TAMS 0x000000070e200000, 0x000000070e200000| Untracked 
|  87|0x000000070e400000, 0x000000070e600000, 0x000000070e600000|100%| O|  |TAMS 0x000000070e400000, 0x000000070e400000| Untracked 
|  88|0x000000070e600000, 0x000000070e800000, 0x000000070e800000|100%| O|  |TAMS 0x000000070e600000, 0x000000070e600000| Untracked 
|  89|0x000000070e800000, 0x000000070ea00000, 0x000000070ea00000|100%| O|  |TAMS 0x000000070e800000, 0x000000070e800000| Untracked 
|  90|0x000000070ea00000, 0x000000070ec00000, 0x000000070ec00000|100%| O|  |TAMS 0x000000070ea00000, 0x000000070ea00000| Untracked 
|  91|0x000000070ec00000, 0x000000070ee00000, 0x000000070ee00000|100%| O|  |TAMS 0x000000070ec00000, 0x000000070ec00000| Untracked 
|  92|0x000000070ee00000, 0x000000070f000000, 0x000000070f000000|100%| O|  |TAMS 0x000000070ee00000, 0x000000070ee00000| Untracked 
|  93|0x000000070f000000, 0x000000070f200000, 0x000000070f200000|100%| O|  |TAMS 0x000000070f000000, 0x000000070f000000| Untracked 
|  94|0x000000070f200000, 0x000000070f400000, 0x000000070f400000|100%| O|  |TAMS 0x000000070f200000, 0x000000070f200000| Untracked 
|  95|0x000000070f400000, 0x000000070f600000, 0x000000070f600000|100%| O|  |TAMS 0x000000070f400000, 0x000000070f400000| Untracked 
|  96|0x000000070f600000, 0x000000070f800000, 0x000000070f800000|100%| O|  |TAMS 0x000000070f600000, 0x000000070f600000| Untracked 
|  97|0x000000070f800000, 0x000000070fa00000, 0x000000070fa00000|100%| O|  |TAMS 0x000000070f800000, 0x000000070f800000| Untracked 
|  98|0x000000070fa00000, 0x000000070fc00000, 0x000000070fc00000|100%| O|  |TAMS 0x000000070fa00000, 0x000000070fa00000| Untracked 
|  99|0x000000070fc00000, 0x000000070fe00000, 0x000000070fe00000|100%| O|  |TAMS 0x000000070fc00000, 0x000000070fc00000| Untracked 
| 100|0x000000070fe00000, 0x0000000710000000, 0x0000000710000000|100%| O|  |TAMS 0x000000070fe00000, 0x000000070fe00000| Untracked 
| 101|0x0000000710000000, 0x0000000710200000, 0x0000000710200000|100%| O|  |TAMS 0x0000000710000000, 0x0000000710000000| Untracked 
| 102|0x0000000710200000, 0x0000000710400000, 0x0000000710400000|100%| O|  |TAMS 0x0000000710200000, 0x0000000710200000| Untracked 
| 103|0x0000000710400000, 0x0000000710600000, 0x0000000710600000|100%| O|  |TAMS 0x0000000710400000, 0x0000000710400000| Untracked 
| 104|0x0000000710600000, 0x0000000710800000, 0x0000000710800000|100%| O|  |TAMS 0x0000000710600000, 0x0000000710600000| Untracked 
| 105|0x0000000710800000, 0x0000000710a00000, 0x0000000710a00000|100%| O|  |TAMS 0x0000000710800000, 0x0000000710800000| Untracked 
| 106|0x0000000710a00000, 0x0000000710c00000, 0x0000000710c00000|100%| O|  |TAMS 0x0000000710a00000, 0x0000000710a00000| Untracked 
| 107|0x0000000710c00000, 0x0000000710e00000, 0x0000000710e00000|100%| O|  |TAMS 0x0000000710c00000, 0x0000000710c00000| Untracked 
| 108|0x0000000710e00000, 0x0000000711000000, 0x0000000711000000|100%| O|  |TAMS 0x0000000710e00000, 0x0000000710e00000| Untracked 
| 109|0x0000000711000000, 0x0000000711200000, 0x0000000711200000|100%| O|  |TAMS 0x0000000711000000, 0x0000000711000000| Untracked 
| 110|0x0000000711200000, 0x0000000711400000, 0x0000000711400000|100%| O|  |TAMS 0x0000000711200000, 0x0000000711200000| Untracked 
| 111|0x0000000711400000, 0x0000000711600000, 0x0000000711600000|100%| O|  |TAMS 0x0000000711400000, 0x0000000711400000| Untracked 
| 112|0x0000000711600000, 0x0000000711800000, 0x0000000711800000|100%| O|  |TAMS 0x0000000711600000, 0x0000000711600000| Untracked 
| 113|0x0000000711800000, 0x0000000711a00000, 0x0000000711a00000|100%| O|  |TAMS 0x0000000711800000, 0x0000000711800000| Untracked 
| 114|0x0000000711a00000, 0x0000000711c00000, 0x0000000711c00000|100%| O|  |TAMS 0x0000000711a00000, 0x0000000711a00000| Untracked 
| 115|0x0000000711c00000, 0x0000000711e00000, 0x0000000711e00000|100%| O|  |TAMS 0x0000000711c00000, 0x0000000711c00000| Untracked 
| 116|0x0000000711e00000, 0x0000000712000000, 0x0000000712000000|100%| O|  |TAMS 0x0000000711e00000, 0x0000000711e00000| Untracked 
| 117|0x0000000712000000, 0x0000000712200000, 0x0000000712200000|100%| O|  |TAMS 0x0000000712000000, 0x0000000712000000| Untracked 
| 118|0x0000000712200000, 0x0000000712400000, 0x0000000712400000|100%| O|  |TAMS 0x0000000712200000, 0x0000000712200000| Untracked 
| 119|0x0000000712400000, 0x0000000712600000, 0x0000000712600000|100%| O|  |TAMS 0x0000000712400000, 0x0000000712400000| Untracked 
| 120|0x0000000712600000, 0x0000000712800000, 0x0000000712800000|100%| O|  |TAMS 0x0000000712600000, 0x0000000712600000| Untracked 
| 121|0x0000000712800000, 0x0000000712a00000, 0x0000000712a00000|100%| O|  |TAMS 0x0000000712800000, 0x0000000712800000| Untracked 
| 122|0x0000000712a00000, 0x0000000712c00000, 0x0000000712c00000|100%| O|  |TAMS 0x0000000712a00000, 0x0000000712a00000| Untracked 
| 123|0x0000000712c00000, 0x0000000712e00000, 0x0000000712e00000|100%| O|  |TAMS 0x0000000712c00000, 0x0000000712c00000| Untracked 
| 124|0x0000000712e00000, 0x0000000713000000, 0x0000000713000000|100%| O|  |TAMS 0x0000000712e00000, 0x0000000712e00000| Untracked 
| 125|0x0000000713000000, 0x0000000713200000, 0x0000000713200000|100%| O|  |TAMS 0x0000000713000000, 0x0000000713000000| Untracked 
| 126|0x0000000713200000, 0x0000000713400000, 0x0000000713400000|100%| O|  |TAMS 0x0000000713200000, 0x0000000713200000| Untracked 
| 127|0x0000000713400000, 0x0000000713600000, 0x0000000713600000|100%| O|  |TAMS 0x0000000713400000, 0x0000000713400000| Untracked 
| 128|0x0000000713600000, 0x0000000713800000, 0x0000000713800000|100%| O|  |TAMS 0x0000000713600000, 0x0000000713600000| Untracked 
| 129|0x0000000713800000, 0x0000000713a00000, 0x0000000713a00000|100%| O|  |TAMS 0x0000000713800000, 0x0000000713800000| Untracked 
| 130|0x0000000713a00000, 0x0000000713c00000, 0x0000000713c00000|100%| O|  |TAMS 0x0000000713a00000, 0x0000000713a00000| Untracked 
| 131|0x0000000713c00000, 0x0000000713e00000, 0x0000000713e00000|100%| O|  |TAMS 0x0000000713c00000, 0x0000000713c00000| Untracked 
| 132|0x0000000713e00000, 0x0000000714000000, 0x0000000714000000|100%| O|  |TAMS 0x0000000713e00000, 0x0000000713e00000| Untracked 
| 133|0x0000000714000000, 0x0000000714200000, 0x0000000714200000|100%| O|  |TAMS 0x0000000714000000, 0x0000000714000000| Untracked 
| 134|0x0000000714200000, 0x0000000714400000, 0x0000000714400000|100%| O|  |TAMS 0x0000000714200000, 0x0000000714200000| Untracked 
| 135|0x0000000714400000, 0x0000000714600000, 0x0000000714600000|100%| O|  |TAMS 0x0000000714400000, 0x0000000714400000| Untracked 
| 136|0x0000000714600000, 0x0000000714800000, 0x0000000714800000|100%| O|  |TAMS 0x0000000714600000, 0x0000000714600000| Untracked 
| 137|0x0000000714800000, 0x0000000714a00000, 0x0000000714a00000|100%| O|  |TAMS 0x0000000714800000, 0x0000000714800000| Untracked 
| 138|0x0000000714a00000, 0x0000000714c00000, 0x0000000714c00000|100%| O|  |TAMS 0x0000000714a00000, 0x0000000714a00000| Untracked 
| 139|0x0000000714c00000, 0x0000000714e00000, 0x0000000714e00000|100%| O|  |TAMS 0x0000000714c00000, 0x0000000714c00000| Untracked 
| 140|0x0000000714e00000, 0x0000000715000000, 0x0000000715000000|100%| O|  |TAMS 0x0000000714e00000, 0x0000000714e00000| Untracked 
| 141|0x0000000715000000, 0x0000000715200000, 0x0000000715200000|100%| O|  |TAMS 0x0000000715000000, 0x0000000715000000| Untracked 
| 142|0x0000000715200000, 0x0000000715400000, 0x0000000715400000|100%| O|  |TAMS 0x0000000715200000, 0x0000000715200000| Untracked 
| 143|0x0000000715400000, 0x0000000715600000, 0x0000000715600000|100%| O|  |TAMS 0x0000000715400000, 0x0000000715400000| Untracked 
| 144|0x0000000715600000, 0x0000000715800000, 0x0000000715800000|100%| O|  |TAMS 0x0000000715600000, 0x0000000715600000| Untracked 
| 145|0x0000000715800000, 0x0000000715a00000, 0x0000000715a00000|100%| O|  |TAMS 0x0000000715800000, 0x0000000715800000| Untracked 
| 146|0x0000000715a00000, 0x0000000715c00000, 0x0000000715c00000|100%| O|  |TAMS 0x0000000715a00000, 0x0000000715a00000| Untracked 
| 147|0x0000000715c00000, 0x0000000715e00000, 0x0000000715e00000|100%| O|  |TAMS 0x0000000715c00000, 0x0000000715c00000| Untracked 
| 148|0x0000000715e00000, 0x0000000716000000, 0x0000000716000000|100%| O|  |TAMS 0x0000000715e00000, 0x0000000715e00000| Untracked 
| 149|0x0000000716000000, 0x0000000716200000, 0x0000000716200000|100%| O|  |TAMS 0x0000000716000000, 0x0000000716000000| Untracked 
| 150|0x0000000716200000, 0x0000000716400000, 0x0000000716400000|100%| O|  |TAMS 0x0000000716200000, 0x0000000716200000| Untracked 
| 151|0x0000000716400000, 0x0000000716600000, 0x0000000716600000|100%|HS|  |TAMS 0x0000000716400000, 0x0000000716400000| Complete 
| 152|0x0000000716600000, 0x0000000716800000, 0x0000000716800000|100%|HC|  |TAMS 0x0000000716600000, 0x0000000716600000| Complete 
| 153|0x0000000716800000, 0x0000000716a00000, 0x0000000716a00000|100%|HC|  |TAMS 0x0000000716800000, 0x0000000716800000| Complete 
| 154|0x0000000716a00000, 0x0000000716c00000, 0x0000000716c00000|100%| O|  |TAMS 0x0000000716a00000, 0x0000000716a00000| Untracked 
| 155|0x0000000716c00000, 0x0000000716e00000, 0x0000000716e00000|100%| O|  |TAMS 0x0000000716c00000, 0x0000000716c00000| Untracked 
| 156|0x0000000716e00000, 0x0000000717000000, 0x0000000717000000|100%| O|  |TAMS 0x0000000716e00000, 0x0000000716e00000| Untracked 
| 157|0x0000000717000000, 0x0000000717200000, 0x0000000717200000|100%| O|  |TAMS 0x0000000717000000, 0x0000000717000000| Untracked 
| 158|0x0000000717200000, 0x0000000717400000, 0x0000000717400000|100%| O|  |TAMS 0x0000000717200000, 0x0000000717200000| Untracked 
| 159|0x0000000717400000, 0x0000000717600000, 0x0000000717600000|100%| O|  |TAMS 0x0000000717400000, 0x0000000717400000| Untracked 
| 160|0x0000000717600000, 0x0000000717800000, 0x0000000717800000|100%| O|  |TAMS 0x0000000717600000, 0x0000000717600000| Untracked 
| 161|0x0000000717800000, 0x0000000717a00000, 0x0000000717a00000|100%| O|  |TAMS 0x0000000717800000, 0x0000000717800000| Untracked 
| 162|0x0000000717a00000, 0x0000000717c00000, 0x0000000717c00000|100%| O|  |TAMS 0x0000000717a00000, 0x0000000717a00000| Untracked 
| 163|0x0000000717c00000, 0x0000000717e00000, 0x0000000717e00000|100%| O|  |TAMS 0x0000000717c00000, 0x0000000717c00000| Untracked 
| 164|0x0000000717e00000, 0x0000000718000000, 0x0000000718000000|100%| O|  |TAMS 0x0000000717e00000, 0x0000000717e00000| Untracked 
| 165|0x0000000718000000, 0x0000000718200000, 0x0000000718200000|100%| O|  |TAMS 0x0000000718000000, 0x0000000718000000| Untracked 
| 166|0x0000000718200000, 0x0000000718400000, 0x0000000718400000|100%| O|  |TAMS 0x0000000718200000, 0x0000000718200000| Untracked 
| 167|0x0000000718400000, 0x0000000718600000, 0x0000000718600000|100%| O|  |TAMS 0x0000000718400000, 0x0000000718400000| Untracked 
| 168|0x0000000718600000, 0x0000000718800000, 0x0000000718800000|100%| O|  |TAMS 0x0000000718600000, 0x0000000718600000| Untracked 
| 169|0x0000000718800000, 0x0000000718a00000, 0x0000000718a00000|100%| O|  |TAMS 0x0000000718800000, 0x0000000718800000| Untracked 
| 170|0x0000000718a00000, 0x0000000718c00000, 0x0000000718c00000|100%| O|  |TAMS 0x0000000718a00000, 0x0000000718a00000| Untracked 
| 171|0x0000000718c00000, 0x0000000718e00000, 0x0000000718e00000|100%| O|  |TAMS 0x0000000718c00000, 0x0000000718c00000| Untracked 
| 172|0x0000000718e00000, 0x0000000719000000, 0x0000000719000000|100%| O|  |TAMS 0x0000000718e00000, 0x0000000718e00000| Untracked 
| 173|0x0000000719000000, 0x0000000719200000, 0x0000000719200000|100%| O|  |TAMS 0x0000000719000000, 0x0000000719000000| Untracked 
| 174|0x0000000719200000, 0x0000000719400000, 0x0000000719400000|100%| O|  |TAMS 0x0000000719200000, 0x0000000719200000| Untracked 
| 175|0x0000000719400000, 0x0000000719600000, 0x0000000719600000|100%| O|  |TAMS 0x0000000719400000, 0x0000000719400000| Untracked 
| 176|0x0000000719600000, 0x0000000719800000, 0x0000000719800000|100%| O|  |TAMS 0x0000000719600000, 0x0000000719600000| Untracked 
| 177|0x0000000719800000, 0x0000000719a00000, 0x0000000719a00000|100%| O|  |TAMS 0x0000000719800000, 0x0000000719800000| Untracked 
| 178|0x0000000719a00000, 0x0000000719c00000, 0x0000000719c00000|100%| O|  |TAMS 0x0000000719a00000, 0x0000000719a00000| Untracked 
| 179|0x0000000719c00000, 0x0000000719e00000, 0x0000000719e00000|100%| O|  |TAMS 0x0000000719c00000, 0x0000000719c00000| Untracked 
| 180|0x0000000719e00000, 0x000000071a000000, 0x000000071a000000|100%| O|  |TAMS 0x0000000719e00000, 0x0000000719e00000| Untracked 
| 181|0x000000071a000000, 0x000000071a200000, 0x000000071a200000|100%| O|  |TAMS 0x000000071a000000, 0x000000071a000000| Untracked 
| 182|0x000000071a200000, 0x000000071a400000, 0x000000071a400000|100%| O|  |TAMS 0x000000071a200000, 0x000000071a200000| Untracked 
| 183|0x000000071a400000, 0x000000071a600000, 0x000000071a600000|100%| O|  |TAMS 0x000000071a400000, 0x000000071a400000| Untracked 
| 184|0x000000071a600000, 0x000000071a800000, 0x000000071a800000|100%| O|  |TAMS 0x000000071a600000, 0x000000071a600000| Untracked 
| 185|0x000000071a800000, 0x000000071aa00000, 0x000000071aa00000|100%| O|  |TAMS 0x000000071a800000, 0x000000071a800000| Untracked 
| 186|0x000000071aa00000, 0x000000071ac00000, 0x000000071ac00000|100%| O|  |TAMS 0x000000071aa00000, 0x000000071aa00000| Untracked 
| 187|0x000000071ac00000, 0x000000071ae00000, 0x000000071ae00000|100%| O|  |TAMS 0x000000071ac00000, 0x000000071ac00000| Untracked 
| 188|0x000000071ae00000, 0x000000071b000000, 0x000000071b000000|100%| O|  |TAMS 0x000000071ae00000, 0x000000071ae00000| Untracked 
| 189|0x000000071b000000, 0x000000071b200000, 0x000000071b200000|100%| O|  |TAMS 0x000000071b000000, 0x000000071b000000| Untracked 
| 190|0x000000071b200000, 0x000000071b400000, 0x000000071b400000|100%| O|  |TAMS 0x000000071b200000, 0x000000071b200000| Untracked 
| 191|0x000000071b400000, 0x000000071b600000, 0x000000071b600000|100%| O|  |TAMS 0x000000071b400000, 0x000000071b400000| Untracked 
| 192|0x000000071b600000, 0x000000071b800000, 0x000000071b800000|100%| O|  |TAMS 0x000000071b600000, 0x000000071b600000| Untracked 
| 193|0x000000071b800000, 0x000000071ba00000, 0x000000071ba00000|100%| O|  |TAMS 0x000000071b800000, 0x000000071b800000| Untracked 
| 194|0x000000071ba00000, 0x000000071bc00000, 0x000000071bc00000|100%| O|  |TAMS 0x000000071ba00000, 0x000000071ba00000| Untracked 
| 195|0x000000071bc00000, 0x000000071be00000, 0x000000071be00000|100%| O|  |TAMS 0x000000071bc00000, 0x000000071bc00000| Untracked 
| 196|0x000000071be00000, 0x000000071c000000, 0x000000071c000000|100%| O|  |TAMS 0x000000071be00000, 0x000000071be00000| Untracked 
| 197|0x000000071c000000, 0x000000071c200000, 0x000000071c200000|100%| O|  |TAMS 0x000000071c000000, 0x000000071c000000| Untracked 
| 198|0x000000071c200000, 0x000000071c400000, 0x000000071c400000|100%| O|  |TAMS 0x000000071c200000, 0x000000071c200000| Untracked 
| 199|0x000000071c400000, 0x000000071c600000, 0x000000071c600000|100%| O|  |TAMS 0x000000071c400000, 0x000000071c400000| Untracked 
| 200|0x000000071c600000, 0x000000071c800000, 0x000000071c800000|100%| O|  |TAMS 0x000000071c600000, 0x000000071c600000| Untracked 
| 201|0x000000071c800000, 0x000000071ca00000, 0x000000071ca00000|100%| O|  |TAMS 0x000000071c800000, 0x000000071c800000| Untracked 
| 202|0x000000071ca00000, 0x000000071cc00000, 0x000000071cc00000|100%| O|  |TAMS 0x000000071ca00000, 0x000000071ca00000| Untracked 
| 203|0x000000071cc00000, 0x000000071ce00000, 0x000000071ce00000|100%| O|  |TAMS 0x000000071cc00000, 0x000000071cc00000| Untracked 
| 204|0x000000071ce00000, 0x000000071d000000, 0x000000071d000000|100%| O|  |TAMS 0x000000071ce00000, 0x000000071ce00000| Untracked 
| 205|0x000000071d000000, 0x000000071d200000, 0x000000071d200000|100%| O|  |TAMS 0x000000071d000000, 0x000000071d000000| Untracked 
| 206|0x000000071d200000, 0x000000071d400000, 0x000000071d400000|100%| O|  |TAMS 0x000000071d200000, 0x000000071d200000| Untracked 
| 207|0x000000071d400000, 0x000000071d600000, 0x000000071d600000|100%| O|  |TAMS 0x000000071d400000, 0x000000071d400000| Untracked 
| 208|0x000000071d600000, 0x000000071d800000, 0x000000071d800000|100%| O|  |TAMS 0x000000071d600000, 0x000000071d600000| Untracked 
| 209|0x000000071d800000, 0x000000071da00000, 0x000000071da00000|100%| O|  |TAMS 0x000000071d800000, 0x000000071d800000| Untracked 
| 210|0x000000071da00000, 0x000000071dc00000, 0x000000071dc00000|100%| O|  |TAMS 0x000000071da00000, 0x000000071da00000| Untracked 
| 211|0x000000071dc00000, 0x000000071de00000, 0x000000071de00000|100%| O|  |TAMS 0x000000071dc00000, 0x000000071dc00000| Untracked 
| 212|0x000000071de00000, 0x000000071e000000, 0x000000071e000000|100%| O|  |TAMS 0x000000071de00000, 0x000000071de00000| Untracked 
| 213|0x000000071e000000, 0x000000071e200000, 0x000000071e200000|100%| O|  |TAMS 0x000000071e000000, 0x000000071e000000| Untracked 
| 214|0x000000071e200000, 0x000000071e400000, 0x000000071e400000|100%| O|  |TAMS 0x000000071e200000, 0x000000071e200000| Untracked 
| 215|0x000000071e400000, 0x000000071e600000, 0x000000071e600000|100%| O|  |TAMS 0x000000071e400000, 0x000000071e400000| Untracked 
| 216|0x000000071e600000, 0x000000071e800000, 0x000000071e800000|100%| O|  |TAMS 0x000000071e600000, 0x000000071e600000| Untracked 
| 217|0x000000071e800000, 0x000000071ea00000, 0x000000071ea00000|100%| O|  |TAMS 0x000000071e800000, 0x000000071e800000| Untracked 
| 218|0x000000071ea00000, 0x000000071ec00000, 0x000000071ec00000|100%| O|  |TAMS 0x000000071ea00000, 0x000000071ea00000| Untracked 
| 219|0x000000071ec00000, 0x000000071ee00000, 0x000000071ee00000|100%| O|  |TAMS 0x000000071ec00000, 0x000000071ec00000| Untracked 
| 220|0x000000071ee00000, 0x000000071f000000, 0x000000071f000000|100%| O|  |TAMS 0x000000071ee00000, 0x000000071ee00000| Untracked 
| 221|0x000000071f000000, 0x000000071f200000, 0x000000071f200000|100%| O|  |TAMS 0x000000071f000000, 0x000000071f000000| Untracked 
| 222|0x000000071f200000, 0x000000071f400000, 0x000000071f400000|100%| O|  |TAMS 0x000000071f200000, 0x000000071f200000| Untracked 
| 223|0x000000071f400000, 0x000000071f600000, 0x000000071f600000|100%| O|  |TAMS 0x000000071f400000, 0x000000071f400000| Untracked 
| 224|0x000000071f600000, 0x000000071f800000, 0x000000071f800000|100%| O|  |TAMS 0x000000071f600000, 0x000000071f600000| Untracked 
| 225|0x000000071f800000, 0x000000071fa00000, 0x000000071fa00000|100%| O|  |TAMS 0x000000071f800000, 0x000000071f800000| Untracked 
| 226|0x000000071fa00000, 0x000000071fc00000, 0x000000071fc00000|100%| O|  |TAMS 0x000000071fa00000, 0x000000071fa00000| Untracked 
| 227|0x000000071fc00000, 0x000000071fe00000, 0x000000071fe00000|100%| O|  |TAMS 0x000000071fc00000, 0x000000071fc00000| Untracked 
| 228|0x000000071fe00000, 0x0000000720000000, 0x0000000720000000|100%| O|  |TAMS 0x000000071fe00000, 0x000000071fe00000| Untracked 
| 229|0x0000000720000000, 0x0000000720200000, 0x0000000720200000|100%| O|  |TAMS 0x0000000720000000, 0x0000000720000000| Untracked 
| 230|0x0000000720200000, 0x0000000720400000, 0x0000000720400000|100%| O|  |TAMS 0x0000000720200000, 0x0000000720200000| Untracked 
| 231|0x0000000720400000, 0x0000000720600000, 0x0000000720600000|100%| O|  |TAMS 0x0000000720400000, 0x0000000720400000| Untracked 
| 232|0x0000000720600000, 0x0000000720800000, 0x0000000720800000|100%| O|  |TAMS 0x0000000720600000, 0x0000000720600000| Untracked 
| 233|0x0000000720800000, 0x0000000720a00000, 0x0000000720a00000|100%| O|  |TAMS 0x0000000720800000, 0x0000000720800000| Untracked 
| 234|0x0000000720a00000, 0x0000000720c00000, 0x0000000720c00000|100%| O|  |TAMS 0x0000000720a00000, 0x0000000720a00000| Untracked 
| 235|0x0000000720c00000, 0x0000000720e00000, 0x0000000720e00000|100%| O|  |TAMS 0x0000000720c00000, 0x0000000720c00000| Untracked 
| 236|0x0000000720e00000, 0x0000000721000000, 0x0000000721000000|100%| O|  |TAMS 0x0000000720e00000, 0x0000000720e00000| Untracked 
| 237|0x0000000721000000, 0x0000000721200000, 0x0000000721200000|100%| O|  |TAMS 0x0000000721000000, 0x0000000721000000| Untracked 
| 238|0x0000000721200000, 0x0000000721400000, 0x0000000721400000|100%| O|  |TAMS 0x0000000721200000, 0x0000000721200000| Untracked 
| 239|0x0000000721400000, 0x0000000721600000, 0x0000000721600000|100%| O|  |TAMS 0x0000000721400000, 0x0000000721400000| Untracked 
| 240|0x0000000721600000, 0x0000000721800000, 0x0000000721800000|100%| O|  |TAMS 0x0000000721600000, 0x0000000721600000| Untracked 
| 241|0x0000000721800000, 0x0000000721a00000, 0x0000000721a00000|100%| O|  |TAMS 0x0000000721800000, 0x0000000721800000| Untracked 
| 242|0x0000000721a00000, 0x0000000721c00000, 0x0000000721c00000|100%| O|  |TAMS 0x0000000721a00000, 0x0000000721a00000| Untracked 
| 243|0x0000000721c00000, 0x0000000721e00000, 0x0000000721e00000|100%| O|  |TAMS 0x0000000721c00000, 0x0000000721c00000| Untracked 
| 244|0x0000000721e00000, 0x0000000722000000, 0x0000000722000000|100%| O|  |TAMS 0x0000000721e00000, 0x0000000721e00000| Untracked 
| 245|0x0000000722000000, 0x0000000722200000, 0x0000000722200000|100%| O|  |TAMS 0x0000000722000000, 0x0000000722000000| Untracked 
| 246|0x0000000722200000, 0x0000000722400000, 0x0000000722400000|100%| O|  |TAMS 0x0000000722200000, 0x0000000722200000| Untracked 
| 247|0x0000000722400000, 0x0000000722600000, 0x0000000722600000|100%| O|  |TAMS 0x0000000722400000, 0x0000000722400000| Untracked 
| 248|0x0000000722600000, 0x0000000722800000, 0x0000000722800000|100%| O|  |TAMS 0x0000000722600000, 0x0000000722600000| Untracked 
| 249|0x0000000722800000, 0x0000000722a00000, 0x0000000722a00000|100%| O|  |TAMS 0x0000000722800000, 0x0000000722800000| Untracked 
| 250|0x0000000722a00000, 0x0000000722c00000, 0x0000000722c00000|100%| O|  |TAMS 0x0000000722a00000, 0x0000000722a00000| Untracked 
| 251|0x0000000722c00000, 0x0000000722e00000, 0x0000000722e00000|100%| O|  |TAMS 0x0000000722c00000, 0x0000000722c00000| Untracked 
| 252|0x0000000722e00000, 0x0000000723000000, 0x0000000723000000|100%| O|  |TAMS 0x0000000722e00000, 0x0000000722e00000| Untracked 
| 253|0x0000000723000000, 0x0000000723200000, 0x0000000723200000|100%| O|  |TAMS 0x0000000723000000, 0x0000000723000000| Untracked 
| 254|0x0000000723200000, 0x0000000723400000, 0x0000000723400000|100%| O|  |TAMS 0x0000000723200000, 0x0000000723200000| Untracked 
| 255|0x0000000723400000, 0x0000000723600000, 0x0000000723600000|100%| O|  |TAMS 0x0000000723400000, 0x0000000723400000| Untracked 
| 256|0x0000000723600000, 0x0000000723800000, 0x0000000723800000|100%| O|  |TAMS 0x0000000723600000, 0x0000000723600000| Untracked 
| 257|0x0000000723800000, 0x0000000723a00000, 0x0000000723a00000|100%| O|  |TAMS 0x0000000723800000, 0x0000000723800000| Untracked 
| 258|0x0000000723a00000, 0x0000000723c00000, 0x0000000723c00000|100%| O|  |TAMS 0x0000000723a00000, 0x0000000723a00000| Untracked 
| 259|0x0000000723c00000, 0x0000000723e00000, 0x0000000723e00000|100%| O|  |TAMS 0x0000000723c00000, 0x0000000723c00000| Untracked 
| 260|0x0000000723e00000, 0x0000000724000000, 0x0000000724000000|100%| O|  |TAMS 0x0000000723e00000, 0x0000000723e00000| Untracked 
| 261|0x0000000724000000, 0x0000000724200000, 0x0000000724200000|100%| O|  |TAMS 0x0000000724000000, 0x0000000724000000| Untracked 
| 262|0x0000000724200000, 0x0000000724400000, 0x0000000724400000|100%| O|  |TAMS 0x0000000724200000, 0x0000000724200000| Untracked 
| 263|0x0000000724400000, 0x0000000724600000, 0x0000000724600000|100%| O|  |TAMS 0x0000000724400000, 0x0000000724400000| Untracked 
| 264|0x0000000724600000, 0x0000000724800000, 0x0000000724800000|100%| O|  |TAMS 0x0000000724600000, 0x0000000724600000| Untracked 
| 265|0x0000000724800000, 0x0000000724a00000, 0x0000000724a00000|100%| O|  |TAMS 0x0000000724800000, 0x0000000724800000| Untracked 
| 266|0x0000000724a00000, 0x0000000724c00000, 0x0000000724c00000|100%| O|  |TAMS 0x0000000724a00000, 0x0000000724a00000| Untracked 
| 267|0x0000000724c00000, 0x0000000724e00000, 0x0000000724e00000|100%| O|  |TAMS 0x0000000724c00000, 0x0000000724c00000| Untracked 
| 268|0x0000000724e00000, 0x0000000725000000, 0x0000000725000000|100%| O|  |TAMS 0x0000000724e00000, 0x0000000724e00000| Untracked 
| 269|0x0000000725000000, 0x0000000725200000, 0x0000000725200000|100%| O|  |TAMS 0x0000000725000000, 0x0000000725000000| Untracked 
| 270|0x0000000725200000, 0x0000000725400000, 0x0000000725400000|100%| O|  |TAMS 0x0000000725200000, 0x0000000725200000| Untracked 
| 271|0x0000000725400000, 0x0000000725600000, 0x0000000725600000|100%| O|  |TAMS 0x0000000725400000, 0x0000000725400000| Untracked 
| 272|0x0000000725600000, 0x0000000725800000, 0x0000000725800000|100%| O|  |TAMS 0x0000000725600000, 0x0000000725600000| Untracked 
| 273|0x0000000725800000, 0x0000000725a00000, 0x0000000725a00000|100%| O|  |TAMS 0x0000000725800000, 0x0000000725800000| Untracked 
| 274|0x0000000725a00000, 0x0000000725c00000, 0x0000000725c00000|100%| O|  |TAMS 0x0000000725a00000, 0x0000000725a00000| Untracked 
| 275|0x0000000725c00000, 0x0000000725e00000, 0x0000000725e00000|100%| O|  |TAMS 0x0000000725c00000, 0x0000000725c00000| Untracked 
| 276|0x0000000725e00000, 0x0000000726000000, 0x0000000726000000|100%| O|  |TAMS 0x0000000725e00000, 0x0000000725e00000| Untracked 
| 277|0x0000000726000000, 0x0000000726200000, 0x0000000726200000|100%| O|  |TAMS 0x0000000726000000, 0x0000000726000000| Untracked 
| 278|0x0000000726200000, 0x0000000726400000, 0x0000000726400000|100%| O|  |TAMS 0x0000000726200000, 0x0000000726200000| Untracked 
| 279|0x0000000726400000, 0x0000000726600000, 0x0000000726600000|100%| O|  |TAMS 0x0000000726400000, 0x0000000726400000| Untracked 
| 280|0x0000000726600000, 0x0000000726800000, 0x0000000726800000|100%| O|  |TAMS 0x0000000726600000, 0x0000000726600000| Untracked 
| 281|0x0000000726800000, 0x0000000726a00000, 0x0000000726a00000|100%| O|  |TAMS 0x0000000726800000, 0x0000000726800000| Untracked 
| 282|0x0000000726a00000, 0x0000000726c00000, 0x0000000726c00000|100%| O|  |TAMS 0x0000000726a00000, 0x0000000726a00000| Untracked 
| 283|0x0000000726c00000, 0x0000000726e00000, 0x0000000726e00000|100%| O|  |TAMS 0x0000000726c00000, 0x0000000726c00000| Untracked 
| 284|0x0000000726e00000, 0x0000000727000000, 0x0000000727000000|100%| O|  |TAMS 0x0000000726e00000, 0x0000000726e00000| Untracked 
| 285|0x0000000727000000, 0x0000000727200000, 0x0000000727200000|100%| O|  |TAMS 0x0000000727000000, 0x0000000727000000| Untracked 
| 286|0x0000000727200000, 0x0000000727400000, 0x0000000727400000|100%| O|  |TAMS 0x0000000727200000, 0x0000000727200000| Untracked 
| 287|0x0000000727400000, 0x0000000727600000, 0x0000000727600000|100%| O|  |TAMS 0x0000000727400000, 0x0000000727400000| Untracked 
| 288|0x0000000727600000, 0x0000000727800000, 0x0000000727800000|100%| O|  |TAMS 0x0000000727600000, 0x0000000727600000| Untracked 
| 289|0x0000000727800000, 0x0000000727a00000, 0x0000000727a00000|100%| O|  |TAMS 0x0000000727800000, 0x0000000727800000| Untracked 
| 290|0x0000000727a00000, 0x0000000727c00000, 0x0000000727c00000|100%| O|  |TAMS 0x0000000727a00000, 0x0000000727a00000| Untracked 
| 291|0x0000000727c00000, 0x0000000727e00000, 0x0000000727e00000|100%| O|  |TAMS 0x0000000727c00000, 0x0000000727c00000| Untracked 
| 292|0x0000000727e00000, 0x0000000728000000, 0x0000000728000000|100%| O|  |TAMS 0x0000000727e00000, 0x0000000727e00000| Untracked 
| 293|0x0000000728000000, 0x0000000728200000, 0x0000000728200000|100%| O|  |TAMS 0x0000000728000000, 0x0000000728000000| Untracked 
| 294|0x0000000728200000, 0x0000000728400000, 0x0000000728400000|100%| O|  |TAMS 0x0000000728200000, 0x0000000728200000| Untracked 
| 295|0x0000000728400000, 0x0000000728600000, 0x0000000728600000|100%| O|  |TAMS 0x0000000728400000, 0x0000000728400000| Untracked 
| 296|0x0000000728600000, 0x0000000728800000, 0x0000000728800000|100%| O|  |TAMS 0x0000000728600000, 0x0000000728600000| Untracked 
| 297|0x0000000728800000, 0x00000007289e5600, 0x0000000728a00000| 94%| O|  |TAMS 0x0000000728800000, 0x0000000728800000| Untracked 
| 298|0x0000000728a00000, 0x0000000728a00000, 0x0000000728c00000|  0%| F|  |TAMS 0x0000000728a00000, 0x0000000728a00000| Untracked 
| 299|0x0000000728c00000, 0x0000000728c00000, 0x0000000728e00000|  0%| F|  |TAMS 0x0000000728c00000, 0x0000000728c00000| Untracked 
| 300|0x0000000728e00000, 0x0000000728e00000, 0x0000000729000000|  0%| F|  |TAMS 0x0000000728e00000, 0x0000000728e00000| Untracked 
| 301|0x0000000729000000, 0x0000000729000000, 0x0000000729200000|  0%| F|  |TAMS 0x0000000729000000, 0x0000000729000000| Untracked 
| 302|0x0000000729200000, 0x0000000729200000, 0x0000000729400000|  0%| F|  |TAMS 0x0000000729200000, 0x0000000729200000| Untracked 
| 303|0x0000000729400000, 0x0000000729400000, 0x0000000729600000|  0%| F|  |TAMS 0x0000000729400000, 0x0000000729400000| Untracked 
| 304|0x0000000729600000, 0x0000000729600000, 0x0000000729800000|  0%| F|  |TAMS 0x0000000729600000, 0x0000000729600000| Untracked 
| 305|0x0000000729800000, 0x0000000729800000, 0x0000000729a00000|  0%| F|  |TAMS 0x0000000729800000, 0x0000000729800000| Untracked 
| 306|0x0000000729a00000, 0x0000000729a00000, 0x0000000729c00000|  0%| F|  |TAMS 0x0000000729a00000, 0x0000000729a00000| Untracked 
| 307|0x0000000729c00000, 0x0000000729c00000, 0x0000000729e00000|  0%| F|  |TAMS 0x0000000729c00000, 0x0000000729c00000| Untracked 
| 308|0x0000000729e00000, 0x0000000729e00000, 0x000000072a000000|  0%| F|  |TAMS 0x0000000729e00000, 0x0000000729e00000| Untracked 
| 309|0x000000072a000000, 0x000000072a000000, 0x000000072a200000|  0%| F|  |TAMS 0x000000072a000000, 0x000000072a000000| Untracked 
| 310|0x000000072a200000, 0x000000072a200000, 0x000000072a400000|  0%| F|  |TAMS 0x000000072a200000, 0x000000072a200000| Untracked 
| 311|0x000000072a400000, 0x000000072a400000, 0x000000072a600000|  0%| F|  |TAMS 0x000000072a400000, 0x000000072a400000| Untracked 
| 312|0x000000072a600000, 0x000000072a600000, 0x000000072a800000|  0%| F|  |TAMS 0x000000072a600000, 0x000000072a600000| Untracked 
| 313|0x000000072a800000, 0x000000072a800000, 0x000000072aa00000|  0%| F|  |TAMS 0x000000072a800000, 0x000000072a800000| Untracked 
| 314|0x000000072aa00000, 0x000000072aa00000, 0x000000072ac00000|  0%| F|  |TAMS 0x000000072aa00000, 0x000000072aa00000| Untracked 
| 315|0x000000072ac00000, 0x000000072ac00000, 0x000000072ae00000|  0%| F|  |TAMS 0x000000072ac00000, 0x000000072ac00000| Untracked 
| 316|0x000000072ae00000, 0x000000072ae00000, 0x000000072b000000|  0%| F|  |TAMS 0x000000072ae00000, 0x000000072ae00000| Untracked 
| 317|0x000000072b000000, 0x000000072b000000, 0x000000072b200000|  0%| F|  |TAMS 0x000000072b000000, 0x000000072b000000| Untracked 
| 318|0x000000072b200000, 0x000000072b200000, 0x000000072b400000|  0%| F|  |TAMS 0x000000072b200000, 0x000000072b200000| Untracked 
| 319|0x000000072b400000, 0x000000072b400000, 0x000000072b600000|  0%| F|  |TAMS 0x000000072b400000, 0x000000072b400000| Untracked 
| 320|0x000000072b600000, 0x000000072b600000, 0x000000072b800000|  0%| F|  |TAMS 0x000000072b600000, 0x000000072b600000| Untracked 
| 321|0x000000072b800000, 0x000000072b800000, 0x000000072ba00000|  0%| F|  |TAMS 0x000000072b800000, 0x000000072b800000| Untracked 
| 322|0x000000072ba00000, 0x000000072ba00000, 0x000000072bc00000|  0%| F|  |TAMS 0x000000072ba00000, 0x000000072ba00000| Untracked 
| 323|0x000000072bc00000, 0x000000072bc00000, 0x000000072be00000|  0%| F|  |TAMS 0x000000072bc00000, 0x000000072bc00000| Untracked 
| 324|0x000000072be00000, 0x000000072be00000, 0x000000072c000000|  0%| F|  |TAMS 0x000000072be00000, 0x000000072be00000| Untracked 
| 325|0x000000072c000000, 0x000000072c000000, 0x000000072c200000|  0%| F|  |TAMS 0x000000072c000000, 0x000000072c000000| Untracked 
| 326|0x000000072c200000, 0x000000072c200000, 0x000000072c400000|  0%| F|  |TAMS 0x000000072c200000, 0x000000072c200000| Untracked 
| 327|0x000000072c400000, 0x000000072c400000, 0x000000072c600000|  0%| F|  |TAMS 0x000000072c400000, 0x000000072c400000| Untracked 
| 328|0x000000072c600000, 0x000000072c600000, 0x000000072c800000|  0%| F|  |TAMS 0x000000072c600000, 0x000000072c600000| Untracked 
| 329|0x000000072c800000, 0x000000072c800000, 0x000000072ca00000|  0%| F|  |TAMS 0x000000072c800000, 0x000000072c800000| Untracked 
| 330|0x000000072ca00000, 0x000000072ca00000, 0x000000072cc00000|  0%| F|  |TAMS 0x000000072ca00000, 0x000000072ca00000| Untracked 
| 331|0x000000072cc00000, 0x000000072cc00000, 0x000000072ce00000|  0%| F|  |TAMS 0x000000072cc00000, 0x000000072cc00000| Untracked 
| 332|0x000000072ce00000, 0x000000072ce00000, 0x000000072d000000|  0%| F|  |TAMS 0x000000072ce00000, 0x000000072ce00000| Untracked 
| 333|0x000000072d000000, 0x000000072d000000, 0x000000072d200000|  0%| F|  |TAMS 0x000000072d000000, 0x000000072d000000| Untracked 
| 334|0x000000072d200000, 0x000000072d200000, 0x000000072d400000|  0%| F|  |TAMS 0x000000072d200000, 0x000000072d200000| Untracked 
| 335|0x000000072d400000, 0x000000072d400000, 0x000000072d600000|  0%| F|  |TAMS 0x000000072d400000, 0x000000072d400000| Untracked 
| 336|0x000000072d600000, 0x000000072d600000, 0x000000072d800000|  0%| F|  |TAMS 0x000000072d600000, 0x000000072d600000| Untracked 
| 337|0x000000072d800000, 0x000000072d800000, 0x000000072da00000|  0%| F|  |TAMS 0x000000072d800000, 0x000000072d800000| Untracked 
| 338|0x000000072da00000, 0x000000072da00000, 0x000000072dc00000|  0%| F|  |TAMS 0x000000072da00000, 0x000000072da00000| Untracked 
| 339|0x000000072dc00000, 0x000000072dc00000, 0x000000072de00000|  0%| F|  |TAMS 0x000000072dc00000, 0x000000072dc00000| Untracked 
| 340|0x000000072de00000, 0x000000072de00000, 0x000000072e000000|  0%| F|  |TAMS 0x000000072de00000, 0x000000072de00000| Untracked 
| 341|0x000000072e000000, 0x000000072e000000, 0x000000072e200000|  0%| F|  |TAMS 0x000000072e000000, 0x000000072e000000| Untracked 
| 342|0x000000072e200000, 0x000000072e200000, 0x000000072e400000|  0%| F|  |TAMS 0x000000072e200000, 0x000000072e200000| Untracked 
| 343|0x000000072e400000, 0x000000072e400000, 0x000000072e600000|  0%| F|  |TAMS 0x000000072e400000, 0x000000072e400000| Untracked 
| 344|0x000000072e600000, 0x000000072e600000, 0x000000072e800000|  0%| F|  |TAMS 0x000000072e600000, 0x000000072e600000| Untracked 
| 345|0x000000072e800000, 0x000000072e800000, 0x000000072ea00000|  0%| F|  |TAMS 0x000000072e800000, 0x000000072e800000| Untracked 
| 346|0x000000072ea00000, 0x000000072ea00000, 0x000000072ec00000|  0%| F|  |TAMS 0x000000072ea00000, 0x000000072ea00000| Untracked 
| 347|0x000000072ec00000, 0x000000072ec00000, 0x000000072ee00000|  0%| F|  |TAMS 0x000000072ec00000, 0x000000072ec00000| Untracked 
| 348|0x000000072ee00000, 0x000000072ee00000, 0x000000072f000000|  0%| F|  |TAMS 0x000000072ee00000, 0x000000072ee00000| Untracked 
| 349|0x000000072f000000, 0x000000072f000000, 0x000000072f200000|  0%| F|  |TAMS 0x000000072f000000, 0x000000072f000000| Untracked 
| 350|0x000000072f200000, 0x000000072f200000, 0x000000072f400000|  0%| F|  |TAMS 0x000000072f200000, 0x000000072f200000| Untracked 
| 351|0x000000072f400000, 0x000000072f400000, 0x000000072f600000|  0%| F|  |TAMS 0x000000072f400000, 0x000000072f400000| Untracked 
| 352|0x000000072f600000, 0x000000072f600000, 0x000000072f800000|  0%| F|  |TAMS 0x000000072f600000, 0x000000072f600000| Untracked 
| 353|0x000000072f800000, 0x000000072f800000, 0x000000072fa00000|  0%| F|  |TAMS 0x000000072f800000, 0x000000072f800000| Untracked 
| 354|0x000000072fa00000, 0x000000072fa00000, 0x000000072fc00000|  0%| F|  |TAMS 0x000000072fa00000, 0x000000072fa00000| Untracked 
| 355|0x000000072fc00000, 0x000000072fc00000, 0x000000072fe00000|  0%| F|  |TAMS 0x000000072fc00000, 0x000000072fc00000| Untracked 
| 356|0x000000072fe00000, 0x000000072fe00000, 0x0000000730000000|  0%| F|  |TAMS 0x000000072fe00000, 0x000000072fe00000| Untracked 
| 357|0x0000000730000000, 0x0000000730000000, 0x0000000730200000|  0%| F|  |TAMS 0x0000000730000000, 0x0000000730000000| Untracked 
| 358|0x0000000730200000, 0x0000000730200000, 0x0000000730400000|  0%| F|  |TAMS 0x0000000730200000, 0x0000000730200000| Untracked 
| 359|0x0000000730400000, 0x0000000730400000, 0x0000000730600000|  0%| F|  |TAMS 0x0000000730400000, 0x0000000730400000| Untracked 
| 360|0x0000000730600000, 0x0000000730600000, 0x0000000730800000|  0%| F|  |TAMS 0x0000000730600000, 0x0000000730600000| Untracked 
| 361|0x0000000730800000, 0x00000007309517b8, 0x0000000730a00000| 65%| S|CS|TAMS 0x0000000730800000, 0x0000000730800000| Complete 
| 362|0x0000000730a00000, 0x0000000730c00000, 0x0000000730c00000|100%| S|CS|TAMS 0x0000000730a00000, 0x0000000730a00000| Complete 
| 363|0x0000000730c00000, 0x0000000730c00000, 0x0000000730e00000|  0%| F|  |TAMS 0x0000000730c00000, 0x0000000730c00000| Untracked 
| 364|0x0000000730e00000, 0x0000000730e00000, 0x0000000731000000|  0%| F|  |TAMS 0x0000000730e00000, 0x0000000730e00000| Untracked 
| 365|0x0000000731000000, 0x0000000731000000, 0x0000000731200000|  0%| F|  |TAMS 0x0000000731000000, 0x0000000731000000| Untracked 
| 366|0x0000000731200000, 0x0000000731200000, 0x0000000731400000|  0%| F|  |TAMS 0x0000000731200000, 0x0000000731200000| Untracked 
| 367|0x0000000731400000, 0x0000000731400000, 0x0000000731600000|  0%| F|  |TAMS 0x0000000731400000, 0x0000000731400000| Untracked 
| 368|0x0000000731600000, 0x0000000731800000, 0x0000000731800000|100%| S|CS|TAMS 0x0000000731600000, 0x0000000731600000| Complete 
| 369|0x0000000731800000, 0x0000000731a00000, 0x0000000731a00000|100%| S|CS|TAMS 0x0000000731800000, 0x0000000731800000| Complete 
| 370|0x0000000731a00000, 0x0000000731c00000, 0x0000000731c00000|100%| S|CS|TAMS 0x0000000731a00000, 0x0000000731a00000| Complete 
| 371|0x0000000731c00000, 0x0000000731e00000, 0x0000000731e00000|100%| S|CS|TAMS 0x0000000731c00000, 0x0000000731c00000| Complete 
| 372|0x0000000731e00000, 0x0000000732000000, 0x0000000732000000|100%| S|CS|TAMS 0x0000000731e00000, 0x0000000731e00000| Complete 
| 373|0x0000000732000000, 0x0000000732200000, 0x0000000732200000|100%| S|CS|TAMS 0x0000000732000000, 0x0000000732000000| Complete 
| 374|0x0000000732200000, 0x0000000732400000, 0x0000000732400000|100%| S|CS|TAMS 0x0000000732200000, 0x0000000732200000| Complete 
| 375|0x0000000732400000, 0x0000000732600000, 0x0000000732600000|100%| S|CS|TAMS 0x0000000732400000, 0x0000000732400000| Complete 
| 376|0x0000000732600000, 0x0000000732600000, 0x0000000732800000|  0%| F|  |TAMS 0x0000000732600000, 0x0000000732600000| Untracked 
| 377|0x0000000732800000, 0x0000000732800000, 0x0000000732a00000|  0%| F|  |TAMS 0x0000000732800000, 0x0000000732800000| Untracked 
| 378|0x0000000732a00000, 0x0000000732a00000, 0x0000000732c00000|  0%| F|  |TAMS 0x0000000732a00000, 0x0000000732a00000| Untracked 
| 379|0x0000000732c00000, 0x0000000732c00000, 0x0000000732e00000|  0%| F|  |TAMS 0x0000000732c00000, 0x0000000732c00000| Untracked 
| 380|0x0000000732e00000, 0x0000000732e00000, 0x0000000733000000|  0%| F|  |TAMS 0x0000000732e00000, 0x0000000732e00000| Untracked 
| 381|0x0000000733000000, 0x0000000733000000, 0x0000000733200000|  0%| F|  |TAMS 0x0000000733000000, 0x0000000733000000| Untracked 
| 382|0x0000000733200000, 0x0000000733200000, 0x0000000733400000|  0%| F|  |TAMS 0x0000000733200000, 0x0000000733200000| Untracked 
| 383|0x0000000733400000, 0x0000000733400000, 0x0000000733600000|  0%| F|  |TAMS 0x0000000733400000, 0x0000000733400000| Untracked 
| 384|0x0000000733600000, 0x0000000733600000, 0x0000000733800000|  0%| F|  |TAMS 0x0000000733600000, 0x0000000733600000| Untracked 
| 385|0x0000000733800000, 0x0000000733800000, 0x0000000733a00000|  0%| F|  |TAMS 0x0000000733800000, 0x0000000733800000| Untracked 
| 386|0x0000000733a00000, 0x0000000733a00000, 0x0000000733c00000|  0%| F|  |TAMS 0x0000000733a00000, 0x0000000733a00000| Untracked 
| 387|0x0000000733c00000, 0x0000000733c00000, 0x0000000733e00000|  0%| F|  |TAMS 0x0000000733c00000, 0x0000000733c00000| Untracked 
| 388|0x0000000733e00000, 0x0000000733e00000, 0x0000000734000000|  0%| F|  |TAMS 0x0000000733e00000, 0x0000000733e00000| Untracked 
| 389|0x0000000734000000, 0x0000000734000000, 0x0000000734200000|  0%| F|  |TAMS 0x0000000734000000, 0x0000000734000000| Untracked 
| 390|0x0000000734200000, 0x0000000734200000, 0x0000000734400000|  0%| F|  |TAMS 0x0000000734200000, 0x0000000734200000| Untracked 
| 391|0x0000000734400000, 0x0000000734400000, 0x0000000734600000|  0%| F|  |TAMS 0x0000000734400000, 0x0000000734400000| Untracked 
| 392|0x0000000734600000, 0x0000000734600000, 0x0000000734800000|  0%| F|  |TAMS 0x0000000734600000, 0x0000000734600000| Untracked 
| 393|0x0000000734800000, 0x0000000734800000, 0x0000000734a00000|  0%| F|  |TAMS 0x0000000734800000, 0x0000000734800000| Untracked 
| 394|0x0000000734a00000, 0x0000000734a00000, 0x0000000734c00000|  0%| F|  |TAMS 0x0000000734a00000, 0x0000000734a00000| Untracked 
| 395|0x0000000734c00000, 0x0000000734c00000, 0x0000000734e00000|  0%| F|  |TAMS 0x0000000734c00000, 0x0000000734c00000| Untracked 
| 396|0x0000000734e00000, 0x0000000734e00000, 0x0000000735000000|  0%| F|  |TAMS 0x0000000734e00000, 0x0000000734e00000| Untracked 
| 397|0x0000000735000000, 0x0000000735000000, 0x0000000735200000|  0%| F|  |TAMS 0x0000000735000000, 0x0000000735000000| Untracked 
| 398|0x0000000735200000, 0x0000000735200000, 0x0000000735400000|  0%| F|  |TAMS 0x0000000735200000, 0x0000000735200000| Untracked 
| 399|0x0000000735400000, 0x0000000735400000, 0x0000000735600000|  0%| F|  |TAMS 0x0000000735400000, 0x0000000735400000| Untracked 
| 400|0x0000000735600000, 0x0000000735600000, 0x0000000735800000|  0%| F|  |TAMS 0x0000000735600000, 0x0000000735600000| Untracked 
| 401|0x0000000735800000, 0x0000000735800000, 0x0000000735a00000|  0%| F|  |TAMS 0x0000000735800000, 0x0000000735800000| Untracked 
| 402|0x0000000735a00000, 0x0000000735a00000, 0x0000000735c00000|  0%| F|  |TAMS 0x0000000735a00000, 0x0000000735a00000| Untracked 
| 403|0x0000000735c00000, 0x0000000735c00000, 0x0000000735e00000|  0%| F|  |TAMS 0x0000000735c00000, 0x0000000735c00000| Untracked 
| 404|0x0000000735e00000, 0x0000000735e00000, 0x0000000736000000|  0%| F|  |TAMS 0x0000000735e00000, 0x0000000735e00000| Untracked 
| 405|0x0000000736000000, 0x0000000736000000, 0x0000000736200000|  0%| F|  |TAMS 0x0000000736000000, 0x0000000736000000| Untracked 
| 406|0x0000000736200000, 0x0000000736200000, 0x0000000736400000|  0%| F|  |TAMS 0x0000000736200000, 0x0000000736200000| Untracked 
| 407|0x0000000736400000, 0x0000000736400000, 0x0000000736600000|  0%| F|  |TAMS 0x0000000736400000, 0x0000000736400000| Untracked 
| 408|0x0000000736600000, 0x0000000736600000, 0x0000000736800000|  0%| F|  |TAMS 0x0000000736600000, 0x0000000736600000| Untracked 
| 409|0x0000000736800000, 0x0000000736800000, 0x0000000736a00000|  0%| F|  |TAMS 0x0000000736800000, 0x0000000736800000| Untracked 
| 410|0x0000000736a00000, 0x0000000736a00000, 0x0000000736c00000|  0%| F|  |TAMS 0x0000000736a00000, 0x0000000736a00000| Untracked 
| 411|0x0000000736c00000, 0x0000000736c00000, 0x0000000736e00000|  0%| F|  |TAMS 0x0000000736c00000, 0x0000000736c00000| Untracked 
| 412|0x0000000736e00000, 0x0000000736e00000, 0x0000000737000000|  0%| F|  |TAMS 0x0000000736e00000, 0x0000000736e00000| Untracked 
| 413|0x0000000737000000, 0x0000000737000000, 0x0000000737200000|  0%| F|  |TAMS 0x0000000737000000, 0x0000000737000000| Untracked 
| 414|0x0000000737200000, 0x0000000737200000, 0x0000000737400000|  0%| F|  |TAMS 0x0000000737200000, 0x0000000737200000| Untracked 
| 415|0x0000000737400000, 0x0000000737400000, 0x0000000737600000|  0%| F|  |TAMS 0x0000000737400000, 0x0000000737400000| Untracked 
| 416|0x0000000737600000, 0x0000000737600000, 0x0000000737800000|  0%| F|  |TAMS 0x0000000737600000, 0x0000000737600000| Untracked 
| 417|0x0000000737800000, 0x0000000737800000, 0x0000000737a00000|  0%| F|  |TAMS 0x0000000737800000, 0x0000000737800000| Untracked 
| 418|0x0000000737a00000, 0x0000000737a00000, 0x0000000737c00000|  0%| F|  |TAMS 0x0000000737a00000, 0x0000000737a00000| Untracked 
| 419|0x0000000737c00000, 0x0000000737c00000, 0x0000000737e00000|  0%| F|  |TAMS 0x0000000737c00000, 0x0000000737c00000| Untracked 
| 420|0x0000000737e00000, 0x0000000737e00000, 0x0000000738000000|  0%| F|  |TAMS 0x0000000737e00000, 0x0000000737e00000| Untracked 
| 421|0x0000000738000000, 0x0000000738000000, 0x0000000738200000|  0%| F|  |TAMS 0x0000000738000000, 0x0000000738000000| Untracked 
| 422|0x0000000738200000, 0x0000000738200000, 0x0000000738400000|  0%| F|  |TAMS 0x0000000738200000, 0x0000000738200000| Untracked 
| 423|0x0000000738400000, 0x0000000738400000, 0x0000000738600000|  0%| F|  |TAMS 0x0000000738400000, 0x0000000738400000| Untracked 
| 424|0x0000000738600000, 0x0000000738600000, 0x0000000738800000|  0%| F|  |TAMS 0x0000000738600000, 0x0000000738600000| Untracked 
| 425|0x0000000738800000, 0x0000000738800000, 0x0000000738a00000|  0%| F|  |TAMS 0x0000000738800000, 0x0000000738800000| Untracked 
| 426|0x0000000738a00000, 0x0000000738a00000, 0x0000000738c00000|  0%| F|  |TAMS 0x0000000738a00000, 0x0000000738a00000| Untracked 
| 427|0x0000000738c00000, 0x0000000738c00000, 0x0000000738e00000|  0%| F|  |TAMS 0x0000000738c00000, 0x0000000738c00000| Untracked 
| 428|0x0000000738e00000, 0x0000000738e00000, 0x0000000739000000|  0%| F|  |TAMS 0x0000000738e00000, 0x0000000738e00000| Untracked 
| 429|0x0000000739000000, 0x0000000739000000, 0x0000000739200000|  0%| F|  |TAMS 0x0000000739000000, 0x0000000739000000| Untracked 
| 430|0x0000000739200000, 0x0000000739200000, 0x0000000739400000|  0%| F|  |TAMS 0x0000000739200000, 0x0000000739200000| Untracked 
| 431|0x0000000739400000, 0x0000000739400000, 0x0000000739600000|  0%| F|  |TAMS 0x0000000739400000, 0x0000000739400000| Untracked 
| 432|0x0000000739600000, 0x0000000739600000, 0x0000000739800000|  0%| F|  |TAMS 0x0000000739600000, 0x0000000739600000| Untracked 
| 433|0x0000000739800000, 0x0000000739800000, 0x0000000739a00000|  0%| F|  |TAMS 0x0000000739800000, 0x0000000739800000| Untracked 
| 434|0x0000000739a00000, 0x0000000739a00000, 0x0000000739c00000|  0%| F|  |TAMS 0x0000000739a00000, 0x0000000739a00000| Untracked 
| 435|0x0000000739c00000, 0x0000000739c00000, 0x0000000739e00000|  0%| F|  |TAMS 0x0000000739c00000, 0x0000000739c00000| Untracked 
| 436|0x0000000739e00000, 0x0000000739e00000, 0x000000073a000000|  0%| F|  |TAMS 0x0000000739e00000, 0x0000000739e00000| Untracked 
| 437|0x000000073a000000, 0x000000073a000000, 0x000000073a200000|  0%| F|  |TAMS 0x000000073a000000, 0x000000073a000000| Untracked 
| 438|0x000000073a200000, 0x000000073a200000, 0x000000073a400000|  0%| F|  |TAMS 0x000000073a200000, 0x000000073a200000| Untracked 
| 439|0x000000073a400000, 0x000000073a400000, 0x000000073a600000|  0%| F|  |TAMS 0x000000073a400000, 0x000000073a400000| Untracked 
| 440|0x000000073a600000, 0x000000073a600000, 0x000000073a800000|  0%| F|  |TAMS 0x000000073a600000, 0x000000073a600000| Untracked 
| 441|0x000000073a800000, 0x000000073a800000, 0x000000073aa00000|  0%| F|  |TAMS 0x000000073a800000, 0x000000073a800000| Untracked 
| 442|0x000000073aa00000, 0x000000073aa00000, 0x000000073ac00000|  0%| F|  |TAMS 0x000000073aa00000, 0x000000073aa00000| Untracked 
| 443|0x000000073ac00000, 0x000000073ac00000, 0x000000073ae00000|  0%| F|  |TAMS 0x000000073ac00000, 0x000000073ac00000| Untracked 
| 444|0x000000073ae00000, 0x000000073ae00000, 0x000000073b000000|  0%| F|  |TAMS 0x000000073ae00000, 0x000000073ae00000| Untracked 
| 445|0x000000073b000000, 0x000000073b000000, 0x000000073b200000|  0%| F|  |TAMS 0x000000073b000000, 0x000000073b000000| Untracked 
| 446|0x000000073b200000, 0x000000073b200000, 0x000000073b400000|  0%| F|  |TAMS 0x000000073b200000, 0x000000073b200000| Untracked 
| 447|0x000000073b400000, 0x000000073b400000, 0x000000073b600000|  0%| F|  |TAMS 0x000000073b400000, 0x000000073b400000| Untracked 
| 448|0x000000073b600000, 0x000000073b600000, 0x000000073b800000|  0%| F|  |TAMS 0x000000073b600000, 0x000000073b600000| Untracked 
| 449|0x000000073b800000, 0x000000073b800000, 0x000000073ba00000|  0%| F|  |TAMS 0x000000073b800000, 0x000000073b800000| Untracked 
| 450|0x000000073ba00000, 0x000000073ba00000, 0x000000073bc00000|  0%| F|  |TAMS 0x000000073ba00000, 0x000000073ba00000| Untracked 
| 451|0x000000073bc00000, 0x000000073bc00000, 0x000000073be00000|  0%| F|  |TAMS 0x000000073bc00000, 0x000000073bc00000| Untracked 
| 452|0x000000073be00000, 0x000000073be00000, 0x000000073c000000|  0%| F|  |TAMS 0x000000073be00000, 0x000000073be00000| Untracked 
| 453|0x000000073c000000, 0x000000073c000000, 0x000000073c200000|  0%| F|  |TAMS 0x000000073c000000, 0x000000073c000000| Untracked 
| 454|0x000000073c200000, 0x000000073c200000, 0x000000073c400000|  0%| F|  |TAMS 0x000000073c200000, 0x000000073c200000| Untracked 
| 455|0x000000073c400000, 0x000000073c400000, 0x000000073c600000|  0%| F|  |TAMS 0x000000073c400000, 0x000000073c400000| Untracked 
| 456|0x000000073c600000, 0x000000073c600000, 0x000000073c800000|  0%| F|  |TAMS 0x000000073c600000, 0x000000073c600000| Untracked 
| 457|0x000000073c800000, 0x000000073c800000, 0x000000073ca00000|  0%| F|  |TAMS 0x000000073c800000, 0x000000073c800000| Untracked 
| 458|0x000000073ca00000, 0x000000073ca00000, 0x000000073cc00000|  0%| F|  |TAMS 0x000000073ca00000, 0x000000073ca00000| Untracked 
| 459|0x000000073cc00000, 0x000000073cc00000, 0x000000073ce00000|  0%| F|  |TAMS 0x000000073cc00000, 0x000000073cc00000| Untracked 
| 460|0x000000073ce00000, 0x000000073ce00000, 0x000000073d000000|  0%| F|  |TAMS 0x000000073ce00000, 0x000000073ce00000| Untracked 
| 461|0x000000073d000000, 0x000000073d000000, 0x000000073d200000|  0%| F|  |TAMS 0x000000073d000000, 0x000000073d000000| Untracked 
| 462|0x000000073d200000, 0x000000073d200000, 0x000000073d400000|  0%| F|  |TAMS 0x000000073d200000, 0x000000073d200000| Untracked 
| 463|0x000000073d400000, 0x000000073d400000, 0x000000073d600000|  0%| F|  |TAMS 0x000000073d400000, 0x000000073d400000| Untracked 

Card table byte_map: [0x000001927b2b0000,0x000001927baa0000] _byte_map_base: 0x0000019277a95000

Marking Bits (Prev, Next): (CMBitMap*) 0x000001927859f390, (CMBitMap*) 0x000001927859f3d0
 Prev Bits: [0x0000019216ad0000, 0x000001921a9f8000)
 Next Bits: [0x000001921aa00000, 0x000001921e928000)

Polling page: 0x00000192785e0000

Metaspace:

Usage:
  Non-class:     12.62 MB used.
      Class:      1.41 MB used.
       Both:     14.03 MB used.

Virtual space:
  Non-class space:       64.00 MB reserved,      12.75 MB ( 20%) committed,  1 nodes.
      Class space:        1.00 GB reserved,       1.50 MB ( <1%) committed,  1 nodes.
             Both:        1.06 GB reserved,      14.25 MB (  1%) committed. 

Chunk freelists:
   Non-Class:  2.72 MB
       Class:  14.45 MB
        Both:  17.17 MB

MaxMetaspaceSize: unlimited
CompressedClassSpaceSize: 1.00 GB
Initial GC threshold: 21.00 MB
Current GC threshold: 21.00 MB
CDS: on
MetaspaceReclaimPolicy: balanced
 - commit_granule_bytes: 65536.
 - commit_granule_words: 8192.
 - virtual_space_node_default_size: 8388608.
 - enlarge_chunks_in_place: 1.
 - new_chunks_are_fully_committed: 0.
 - uncommit_free_chunks: 1.
 - use_allocation_guard: 0.
 - handle_deallocations: 1.


Internal statistics:

num_allocs_failed_limit: 0.
num_arena_births: 98.
num_arena_deaths: 0.
num_vsnodes_births: 2.
num_vsnodes_deaths: 0.
num_space_committed: 228.
num_space_uncommitted: 0.
num_chunks_returned_to_freelist: 0.
num_chunks_taken_from_freelist: 568.
num_chunk_merges: 0.
num_chunk_splits: 394.
num_chunks_enlarged: 310.
num_inconsistent_stats: 0.

CodeHeap 'non-profiled nmethods': size=120000Kb used=6861Kb max_used=6861Kb free=113138Kb
 bounds [0x000001920f5a0000, 0x000001920fc60000, 0x0000019216ad0000]
CodeHeap 'profiled nmethods': size=120000Kb used=9230Kb max_used=9230Kb free=110769Kb
 bounds [0x0000019207ad0000, 0x00000192083e0000, 0x000001920f000000]
CodeHeap 'non-nmethods': size=5760Kb used=1175Kb max_used=1329Kb free=4584Kb
 bounds [0x000001920f000000, 0x000001920f270000, 0x000001920f5a0000]
 total_blobs=5601 nmethods=5136 adapters=377
 compilation: enabled
              stopped_count=0, restarted_count=0
 full_count=0

Compilation events (20 events):
Event: 21.530 Thread 0x0000019269784fe0 nmethod 6911 0x000001920fc45a90 code [0x000001920fc45f40, 0x000001920fc49f48]
Event: 21.535 Thread 0x0000019269784fe0 6921       4       com.sun.tools.javac.comp.Enter$1::visitPackageDef (17 bytes)
Event: 21.538 Thread 0x0000019269784fe0 nmethod 6921 0x000001920fc4db90 code [0x000001920fc4dd20, 0x000001920fc4deb8]
Event: 21.538 Thread 0x0000019269784fe0 6922       4       com.sun.tools.javac.comp.Enter$$Lambda$139/0x0000019220116698::test (12 bytes)
Event: 21.539 Thread 0x0000019269784fe0 nmethod 6922 0x000001920fc4df90 code [0x000001920fc4e120, 0x000001920fc4e218]
Event: 21.539 Thread 0x0000019269784fe0 6923   !   4       com.sun.tools.javac.main.JavaCompiler::readSourceFile (435 bytes)
Event: 21.540 Thread 0x00000192645673f0 nmethod 6928 0x000001920fc4e310 code [0x000001920fc4e4a0, 0x000001920fc4ea58]
Event: 21.540 Thread 0x00000192645673f0 6924       4       com.sun.tools.javac.comp.Modules::enter (41 bytes)
Event: 21.541 Thread 0x00000192645673f0 nmethod 6924 0x000001920fc4eb10 code [0x000001920fc4eca0, 0x000001920fc4ed68]
Event: 21.560 Thread 0x000001927e6e0820 nmethod 6920 0x000001920fc4ee10 code [0x000001920fc4f1a0, 0x000001920fc51aa8]
Event: 21.589 Thread 0x00000192645673f0 6929       4       com.sun.tools.javac.code.Types$MembersClosureCache::visitClassType (10 bytes)
Event: 21.591 Thread 0x000001927e6e0820 6930   !   4       com.sun.tools.javac.code.Types$MembersClosureCache::visitClassType (216 bytes)
Event: 21.615 Thread 0x000001927e6e1130 6934       3       com.sun.tools.javac.code.Types$12::visitType (10 bytes)
Event: 21.615 Thread 0x000001927e6e1130 nmethod 6934 0x00000192083c9d10 code [0x00000192083c9ec0, 0x00000192083ca138]
Event: 21.617 Thread 0x000001927e6e1130 6935   !   3       com.sun.tools.javac.code.Types$4::containsTypeRecursive (94 bytes)
Event: 21.617 Thread 0x000001927e6e1130 nmethod 6935 0x00000192083ca210 code [0x00000192083ca480, 0x00000192083caf38]
Event: 21.617 Thread 0x000001927e6e1130 6936       3       com.sun.tools.javac.comp.Annotate::getAnnotationClassValue (182 bytes)
Event: 21.618 Thread 0x000001927e6e1130 nmethod 6936 0x00000192083cb390 code [0x00000192083cb6c0, 0x00000192083ccb58]
Event: 21.712 Thread 0x000001927e6e1130 6940       3       com.sun.tools.javac.jvm.ClassReader::readAttributeValue (612 bytes)
Event: 21.716 Thread 0x000001927e6e1130 nmethod 6940 0x00000192083cd290 code [0x00000192083cdb40, 0x00000192083d37a8]

GC Heap History (20 events):
Event: 14.038 GC heap after
{Heap after GC invocations=62 (full 0):
 garbage-first heap   total 745472K, used 408318K [0x0000000703600000, 0x0000000800000000)
  region size 2048K, 7 young (14336K), 7 survivors (14336K)
 Metaspace       used 11348K, committed 11520K, reserved 1114112K
  class space    used 1126K, committed 1216K, reserved 1048576K
}
Event: 14.728 GC heap before
{Heap before GC invocations=62 (full 0):
 garbage-first heap   total 745472K, used 588542K [0x0000000703600000, 0x0000000800000000)
  region size 2048K, 95 young (194560K), 7 survivors (14336K)
 Metaspace       used 11355K, committed 11584K, reserved 1114112K
  class space    used 1126K, committed 1216K, reserved 1048576K
}
Event: 14.757 GC heap after
{Heap after GC invocations=63 (full 0):
 garbage-first heap   total 745472K, used 450941K [0x0000000703600000, 0x0000000800000000)
  region size 2048K, 12 young (24576K), 12 survivors (24576K)
 Metaspace       used 11355K, committed 11584K, reserved 1114112K
  class space    used 1126K, committed 1216K, reserved 1048576K
}
Event: 15.279 GC heap before
{Heap before GC invocations=63 (full 0):
 garbage-first heap   total 745472K, used 592253K [0x0000000703600000, 0x0000000800000000)
  region size 2048K, 81 young (165888K), 12 survivors (24576K)
 Metaspace       used 11417K, committed 11712K, reserved 1114112K
  class space    used 1136K, committed 1280K, reserved 1048576K
}
Event: 15.311 GC heap after
{Heap after GC invocations=64 (full 0):
 garbage-first heap   total 745472K, used 477717K [0x0000000703600000, 0x0000000800000000)
  region size 2048K, 11 young (22528K), 11 survivors (22528K)
 Metaspace       used 11417K, committed 11712K, reserved 1114112K
  class space    used 1136K, committed 1280K, reserved 1048576K
}
Event: 15.749 GC heap before
{Heap before GC invocations=64 (full 0):
 garbage-first heap   total 745472K, used 604693K [0x0000000703600000, 0x0000000800000000)
  region size 2048K, 73 young (149504K), 11 survivors (22528K)
 Metaspace       used 11421K, committed 11712K, reserved 1114112K
  class space    used 1136K, committed 1280K, reserved 1048576K
}
Event: 15.774 GC heap after
{Heap after GC invocations=65 (full 0):
 garbage-first heap   total 745472K, used 499712K [0x0000000703600000, 0x0000000800000000)
  region size 2048K, 10 young (20480K), 10 survivors (20480K)
 Metaspace       used 11421K, committed 11712K, reserved 1114112K
  class space    used 1136K, committed 1280K, reserved 1048576K
}
Event: 16.948 GC heap before
{Heap before GC invocations=65 (full 0):
 garbage-first heap   total 745472K, used 614400K [0x0000000703600000, 0x0000000800000000)
  region size 2048K, 66 young (135168K), 10 survivors (20480K)
 Metaspace       used 12774K, committed 12992K, reserved 1114112K
  class space    used 1294K, committed 1408K, reserved 1048576K
}
Event: 16.968 GC heap after
{Heap after GC invocations=66 (full 0):
 garbage-first heap   total 950272K, used 506698K [0x0000000703600000, 0x0000000800000000)
  region size 2048K, 3 young (6144K), 3 survivors (6144K)
 Metaspace       used 12774K, committed 12992K, reserved 1114112K
  class space    used 1294K, committed 1408K, reserved 1048576K
}
Event: 18.494 GC heap before
{Heap before GC invocations=66 (full 0):
 garbage-first heap   total 950272K, used 752458K [0x0000000703600000, 0x0000000800000000)
  region size 2048K, 123 young (251904K), 3 survivors (6144K)
 Metaspace       used 14296K, committed 14528K, reserved 1114112K
  class space    used 1440K, committed 1536K, reserved 1048576K
}
Event: 18.542 GC heap after
{Heap after GC invocations=67 (full 0):
 garbage-first heap   total 950272K, used 529938K [0x0000000703600000, 0x0000000800000000)
  region size 2048K, 15 young (30720K), 15 survivors (30720K)
 Metaspace       used 14296K, committed 14528K, reserved 1114112K
  class space    used 1440K, committed 1536K, reserved 1048576K
}
Event: 19.192 GC heap before
{Heap before GC invocations=67 (full 0):
 garbage-first heap   total 950272K, used 753170K [0x0000000703600000, 0x0000000800000000)
  region size 2048K, 124 young (253952K), 15 survivors (30720K)
 Metaspace       used 14304K, committed 14528K, reserved 1114112K
  class space    used 1440K, committed 1536K, reserved 1048576K
}
Event: 19.256 GC heap after
{Heap after GC invocations=68 (full 0):
 garbage-first heap   total 950272K, used 550169K [0x0000000703600000, 0x0000000800000000)
  region size 2048K, 13 young (26624K), 13 survivors (26624K)
 Metaspace       used 14304K, committed 14528K, reserved 1114112K
  class space    used 1440K, committed 1536K, reserved 1048576K
}
Event: 19.832 GC heap before
{Heap before GC invocations=68 (full 0):
 garbage-first heap   total 950272K, used 765209K [0x0000000703600000, 0x0000000800000000)
  region size 2048K, 118 young (241664K), 13 survivors (26624K)
 Metaspace       used 14314K, committed 14528K, reserved 1114112K
  class space    used 1440K, committed 1536K, reserved 1048576K
}
Event: 19.909 GC heap after
{Heap after GC invocations=69 (full 0):
 garbage-first heap   total 950272K, used 569558K [0x0000000703600000, 0x0000000800000000)
  region size 2048K, 10 young (20480K), 10 survivors (20480K)
 Metaspace       used 14314K, committed 14528K, reserved 1114112K
  class space    used 1440K, committed 1536K, reserved 1048576K
}
Event: 20.651 GC heap before
{Heap before GC invocations=69 (full 0):
 garbage-first heap   total 950272K, used 776406K [0x0000000703600000, 0x0000000800000000)
  region size 2048K, 111 young (227328K), 10 survivors (20480K)
 Metaspace       used 14360K, committed 14592K, reserved 1114112K
  class space    used 1440K, committed 1536K, reserved 1048576K
}
Event: 20.693 GC heap after
{Heap after GC invocations=70 (full 0):
 garbage-first heap   total 950272K, used 589404K [0x0000000703600000, 0x0000000800000000)
  region size 2048K, 11 young (22528K), 11 survivors (22528K)
 Metaspace       used 14360K, committed 14592K, reserved 1114112K
  class space    used 1440K, committed 1536K, reserved 1048576K
}
Event: 21.230 GC heap before
{Heap before GC invocations=70 (full 0):
 garbage-first heap   total 950272K, used 786012K [0x0000000703600000, 0x0000000800000000)
  region size 2048K, 107 young (219136K), 11 survivors (22528K)
 Metaspace       used 14363K, committed 14592K, reserved 1114112K
  class space    used 1440K, committed 1536K, reserved 1048576K
}
Event: 21.293 GC heap after
{Heap after GC invocations=71 (full 0):
 garbage-first heap   total 950272K, used 610113K [0x0000000703600000, 0x0000000800000000)
  region size 2048K, 13 young (26624K), 13 survivors (26624K)
 Metaspace       used 14363K, committed 14592K, reserved 1114112K
  class space    used 1440K, committed 1536K, reserved 1048576K
}
Event: 21.729 GC heap before
{Heap before GC invocations=71 (full 0):
 garbage-first heap   total 950272K, used 790337K [0x0000000703600000, 0x0000000800000000)
  region size 2048K, 101 young (206848K), 13 survivors (26624K)
 Metaspace       used 14365K, committed 14592K, reserved 1114112K
  class space    used 1440K, committed 1536K, reserved 1048576K
}

Dll operation events (7 events):
Event: 0.011 Loaded shared library C:\Program Files\Eclipse Adoptium\jdk-17.0.19.10-hotspot\bin\java.dll
Event: 0.029 Loaded shared library C:\Program Files\Eclipse Adoptium\jdk-17.0.19.10-hotspot\bin\jsvml.dll
Event: 0.080 Loaded shared library C:\Program Files\Eclipse Adoptium\jdk-17.0.19.10-hotspot\bin\jimage.dll
Event: 0.159 Loaded shared library C:\Program Files\Eclipse Adoptium\jdk-17.0.19.10-hotspot\bin\net.dll
Event: 0.161 Loaded shared library C:\Program Files\Eclipse Adoptium\jdk-17.0.19.10-hotspot\bin\nio.dll
Event: 0.259 Loaded shared library C:\Program Files\Eclipse Adoptium\jdk-17.0.19.10-hotspot\bin\zip.dll
Event: 16.345 Loaded shared library C:\Program Files\Eclipse Adoptium\jdk-17.0.19.10-hotspot\bin\verify.dll

Deoptimization events (20 events):
Event: 20.112 Thread 0x0000019278531530 DEOPT PACKING pc=0x000001920f660e4c sp=0x0000004d572fe870
Event: 20.112 Thread 0x0000019278531530 DEOPT UNPACKING pc=0x000001920f0569a3 sp=0x0000004d572fe688 mode 2
Event: 20.112 Thread 0x0000019278531530 Uncommon trap: trap_request=0xffffffc6 fr.pc=0x000001920f868250 relative=0x00000000000013f0
Event: 20.112 Thread 0x0000019278531530 Uncommon trap: reason=bimorphic_or_optimized_type_check action=maybe_recompile pc=0x000001920f868250 method=java.util.Spliterators$IteratorSpliterator.forEachRemaining(Ljava/util/function/Consumer;)V @ 52 c2
Event: 20.112 Thread 0x0000019278531530 DEOPT PACKING pc=0x000001920f868250 sp=0x0000004d572fe770
Event: 20.112 Thread 0x0000019278531530 DEOPT UNPACKING pc=0x000001920f0569a3 sp=0x0000004d572fe6e8 mode 2
Event: 20.745 Thread 0x0000019278531530 DEOPT PACKING pc=0x0000019207bcf00c sp=0x0000004d572fe080
Event: 20.745 Thread 0x0000019278531530 DEOPT UNPACKING pc=0x000001920f057143 sp=0x0000004d572fd4c8 mode 0
Event: 20.749 Thread 0x0000019278531530 Uncommon trap: trap_request=0xffffffde fr.pc=0x000001920fa86934 relative=0x0000000000003474
Event: 20.749 Thread 0x0000019278531530 Uncommon trap: reason=class_check action=maybe_recompile pc=0x000001920fa86934 method=com.sun.tools.javac.code.Types$12.visitClassType(Lcom/sun/tools/javac/code/Type$ClassType;Ljava/lang/Object;)Ljava/lang/Object; @ 3 c2
Event: 20.749 Thread 0x0000019278531530 DEOPT PACKING pc=0x000001920fa86934 sp=0x0000004d572fddc0
Event: 20.749 Thread 0x0000019278531530 DEOPT UNPACKING pc=0x000001920f0569a3 sp=0x0000004d572fdd98 mode 2
Event: 20.749 Thread 0x0000019278531530 Uncommon trap: trap_request=0xffffffde fr.pc=0x000001920fa86934 relative=0x0000000000003474
Event: 20.749 Thread 0x0000019278531530 Uncommon trap: reason=class_check action=maybe_recompile pc=0x000001920fa86934 method=com.sun.tools.javac.code.Types$12.visitClassType(Lcom/sun/tools/javac/code/Type$ClassType;Ljava/lang/Object;)Ljava/lang/Object; @ 3 c2
Event: 20.749 Thread 0x0000019278531530 DEOPT PACKING pc=0x000001920fa86934 sp=0x0000004d572fdd40
Event: 20.749 Thread 0x0000019278531530 DEOPT UNPACKING pc=0x000001920f0569a3 sp=0x0000004d572fdd18 mode 2
Event: 20.823 Thread 0x0000019278531530 DEOPT PACKING pc=0x000001920818f3a8 sp=0x0000004d572fdd70
Event: 20.823 Thread 0x0000019278531530 DEOPT UNPACKING pc=0x000001920f057143 sp=0x0000004d572fd2b0 mode 0
Event: 21.198 Thread 0x0000019278531530 DEOPT PACKING pc=0x000001920818edb7 sp=0x0000004d572fbfa0
Event: 21.198 Thread 0x0000019278531530 DEOPT UNPACKING pc=0x000001920f057143 sp=0x0000004d572fb4e0 mode 0

Classes loaded (20 events):
Event: 17.295 Loading class java/util/Collections$UnmodifiableMap$UnmodifiableEntrySet$1
Event: 17.295 Loading class java/util/Collections$UnmodifiableMap$UnmodifiableEntrySet$1 done
Event: 17.295 Loading class java/util/Collections$UnmodifiableMap$UnmodifiableEntrySet$UnmodifiableEntry
Event: 17.295 Loading class java/util/Collections$UnmodifiableMap$UnmodifiableEntrySet$UnmodifiableEntry done
Event: 17.315 Loading class sun/reflect/generics/repository/FieldRepository
Event: 17.315 Loading class sun/reflect/generics/repository/FieldRepository done
Event: 17.470 Loading class java/util/EnumMap$EntrySet
Event: 17.470 Loading class java/util/EnumMap$EntrySet done
Event: 17.470 Loading class java/util/EnumMap$EntryIterator
Event: 17.470 Loading class java/util/EnumMap$EnumMapIterator
Event: 17.470 Loading class java/util/EnumMap$EnumMapIterator done
Event: 17.470 Loading class java/util/EnumMap$EntryIterator done
Event: 17.470 Loading class java/util/EnumMap$EntryIterator$Entry
Event: 17.470 Loading class java/util/EnumMap$EntryIterator$Entry done
Event: 17.510 Loading class java/lang/invoke/DirectMethodHandle$Special
Event: 17.510 Loading class java/lang/invoke/DirectMethodHandle$Special done
Event: 17.518 Loading class java/text/MessageFormat
Event: 17.519 Loading class java/text/MessageFormat done
Event: 17.520 Loading class java/text/MessageFormat$Field
Event: 17.520 Loading class java/text/MessageFormat$Field done

Classes unloaded (0 events):
No events

Classes redefined (0 events):
No events

Internal exceptions (20 events):
Event: 7.601 Thread 0x0000019278531530 Exception <a 'java/lang/NoSuchMethodError'{0x0000000710a98338}: 'void java.lang.invoke.DirectMethodHandle$Holder.invokeStatic(java.lang.Object, java.lang.Object)'> (0x0000000710a98338) 
thrown [s\src\hotspot\share\interpreter\linkResolver.cpp, line 759]
Event: 7.660 Thread 0x0000019278531530 Exception <a 'java/lang/NoSuchMethodError'{0x000000071097c5f0}: 'int java.lang.invoke.DirectMethodHandle$Holder.invokeSpecial(java.lang.Object, java.lang.Object, java.lang.Object)'> (0x000000071097c5f0) 
thrown [s\src\hotspot\share\interpreter\linkResolver.cpp, line 759]
Event: 7.747 Thread 0x0000019278531530 Exception <a 'java/lang/NoSuchMethodError'{0x00000007124edbd8}: 'java.lang.Object java.lang.invoke.DirectMethodHandle$Holder.invokeStatic(java.lang.Object, java.lang.Object, int, int)'> (0x00000007124edbd8) 
thrown [s\src\hotspot\share\interpreter\linkResolver.cpp, line 759]
Event: 7.790 Thread 0x0000019278531530 Exception <a 'java/lang/NoSuchMethodError'{0x0000000711e79970}: 'java.lang.Object java.lang.invoke.DirectMethodHandle$Holder.invokeStatic(java.lang.Object, int, java.lang.Object)'> (0x0000000711e79970) 
thrown [s\src\hotspot\share\interpreter\linkResolver.cpp, line 759]
Event: 7.928 Thread 0x0000019278531530 Exception <a 'java/lang/NoSuchMethodError'{0x000000071280ba10}: 'java.lang.Object java.lang.invoke.DirectMethodHandle$Holder.invokeInterface(java.lang.Object, java.lang.Object)'> (0x000000071280ba10) 
thrown [s\src\hotspot\share\interpreter\linkResolver.cpp, line 759]
Event: 8.617 Thread 0x0000019278531530 Exception <a 'java/lang/NoSuchMethodError'{0x00000007175897a8}: 'java.lang.Object java.lang.invoke.DirectMethodHandle$Holder.newInvokeSpecial(java.lang.Object, java.lang.Object, long)'> (0x00000007175897a8) 
thrown [s\src\hotspot\share\interpreter\linkResolver.cpp, line 759]
Event: 8.618 Thread 0x0000019278531530 Exception <a 'java/lang/NoSuchMethodError'{0x000000071758d868}: 'java.lang.Object java.lang.invoke.Invokers$Holder.linkToTargetMethod(java.lang.Object, long, java.lang.Object)'> (0x000000071758d868) 
thrown [s\src\hotspot\share\interpreter\linkResolver.cpp, line 759]
Event: 15.065 Thread 0x0000019278531530 Exception <a 'java/lang/NoSuchMethodError'{0x000000072b7362c0}: 'int java.lang.invoke.DirectMethodHandle$Holder.invokeStatic(java.lang.Object, java.lang.Object, java.lang.Object, java.lang.Object)'> (0x000000072b7362c0) 
thrown [s\src\hotspot\share\interpreter\linkResolver.cpp, line 759]
Event: 16.365 Thread 0x0000019278531530 Implicit null exception at 0x000001920f9640d0 to 0x000001920f964520
Event: 16.399 Thread 0x0000019278531530 Implicit null exception at 0x000001920f688aef to 0x000001920f688cec
Event: 16.787 Thread 0x0000019278531530 Implicit null exception at 0x000001920f6827ef to 0x000001920f6829f0
Event: 16.799 Thread 0x0000019278531530 Implicit null exception at 0x000001920f67dfaf to 0x000001920f67e029
Event: 17.360 Thread 0x0000019278531530 Implicit null exception at 0x000001920f71b280 to 0x000001920f71bd32
Event: 17.462 Thread 0x0000019278531530 Exception <a 'sun/nio/fs/WindowsException'{0x000000073b814788}> (0x000000073b814788) 
thrown [s\src\hotspot\share\prims\jni.cpp, line 516]
Event: 17.465 Thread 0x0000019278531530 Exception <a 'sun/nio/fs/WindowsException'{0x000000073b815788}> (0x000000073b815788) 
thrown [s\src\hotspot\share\prims\jni.cpp, line 516]
Event: 17.468 Thread 0x0000019278531530 Exception <a 'java/lang/NoSuchMethodError'{0x000000073b824d50}: 'void java.lang.invoke.DirectMethodHandle$Holder.invokeStatic(java.lang.Object, java.lang.Object, java.lang.Object, java.lang.Object)'> (0x000000073b824d50) 
thrown [s\src\hotspot\share\interpreter\linkResolver.cpp, line 759]
Event: 17.469 Thread 0x0000019278531530 Exception <a 'java/lang/NoSuchMethodError'{0x000000073b828750}: 'void java.lang.invoke.DirectMethodHandle$Holder.invokeStaticInit(java.lang.Object, java.lang.Object, java.lang.Object, java.lang.Object)'> (0x000000073b828750) 
thrown [s\src\hotspot\share\interpreter\linkResolver.cpp, line 759]
Event: 17.475 Thread 0x0000019278531530 Exception <a 'java/lang/NoSuchMethodError'{0x000000073b83dbf0}: 'java.lang.Object java.lang.invoke.DirectMethodHandle$Holder.invokeStatic(java.lang.Object, java.lang.Object, int)'> (0x000000073b83dbf0) 
thrown [s\src\hotspot\share\interpreter\linkResolver.cpp, line 759]
Event: 17.646 Thread 0x0000019278531530 Exception <a 'sun/nio/fs/WindowsException'{0x000000073b3cb460}> (0x000000073b3cb460) 
thrown [s\src\hotspot\share\prims\jni.cpp, line 516]
Event: 20.112 Thread 0x0000019278531530 Exception <a 'sun/nio/fs/WindowsException'{0x000000073b7b0c70}> (0x000000073b7b0c70) 
thrown [s\src\hotspot\share\prims\jni.cpp, line 516]

VM Operations (20 events):
Event: 17.542 Executing VM operation: ICBufferFull done
Event: 18.023 Executing VM operation: ICBufferFull
Event: 18.023 Executing VM operation: ICBufferFull done
Event: 18.494 Executing VM operation: G1CollectForAllocation
Event: 18.542 Executing VM operation: G1CollectForAllocation done
Event: 19.192 Executing VM operation: G1CollectForAllocation
Event: 19.256 Executing VM operation: G1CollectForAllocation done
Event: 19.549 Executing VM operation: HandshakeAllThreads
Event: 19.549 Executing VM operation: HandshakeAllThreads done
Event: 19.559 Executing VM operation: ICBufferFull
Event: 19.559 Executing VM operation: ICBufferFull done
Event: 19.832 Executing VM operation: G1CollectForAllocation
Event: 19.909 Executing VM operation: G1CollectForAllocation done
Event: 20.537 Executing VM operation: ICBufferFull
Event: 20.538 Executing VM operation: ICBufferFull done
Event: 20.650 Executing VM operation: G1CollectForAllocation
Event: 20.693 Executing VM operation: G1CollectForAllocation done
Event: 21.230 Executing VM operation: G1CollectForAllocation
Event: 21.293 Executing VM operation: G1CollectForAllocation done
Event: 21.729 Executing VM operation: G1CollectForAllocation

Memory protections (0 events):
No events

Nmethod flushes (20 events):
Event: 16.175 Thread 0x000001927e6e9a50 flushing  nmethod 0x000001920834a610
Event: 16.175 Thread 0x000001927e6e9a50 flushing  nmethod 0x000001920834e590
Event: 16.175 Thread 0x000001927e6e9a50 flushing  nmethod 0x0000019208354d90
Event: 16.175 Thread 0x000001927e6e9a50 flushing  nmethod 0x0000019208355390
Event: 16.175 Thread 0x000001927e6e9a50 flushing  nmethod 0x000001920835ec10
Event: 16.175 Thread 0x000001927e6e9a50 flushing  nmethod 0x000001920835f810
Event: 16.175 Thread 0x000001927e6e9a50 flushing  nmethod 0x0000019208360710
Event: 16.175 Thread 0x000001927e6e9a50 flushing  nmethod 0x0000019208366a10
Event: 16.175 Thread 0x000001927e6e9a50 flushing  nmethod 0x000001920836b190
Event: 19.552 Thread 0x000001927e6e9a50 flushing  nmethod 0x0000019207af1f10
Event: 19.556 Thread 0x000001927e6e9a50 flushing  nmethod 0x000001920801eb10
Event: 19.556 Thread 0x000001927e6e9a50 flushing  nmethod 0x0000019208049110
Event: 19.557 Thread 0x000001927e6e9a50 flushing  nmethod 0x000001920807c790
Event: 19.557 Thread 0x000001927e6e9a50 flushing  nmethod 0x000001920807cd10
Event: 19.557 Thread 0x000001927e6e9a50 flushing  nmethod 0x000001920807e410
Event: 19.557 Thread 0x000001927e6e9a50 flushing  nmethod 0x0000019208094310
Event: 19.560 Thread 0x000001927e6e9a50 flushing  nmethod 0x0000019208365090
Event: 19.560 Thread 0x000001927e6e9a50 flushing  nmethod 0x0000019208367190
Event: 19.560 Thread 0x000001927e6e9a50 flushing  nmethod 0x000001920836a710
Event: 19.560 Thread 0x000001927e6e9a50 flushing  nmethod 0x000001920836ab90

Events (20 events):
Event: 0.042 Thread 0x0000019278531530 Thread added: 0x000001927e6e1130
Event: 0.042 Thread 0x0000019278531530 Thread added: 0x000001927e6e9a50
Event: 0.058 Thread 0x0000019278531530 Thread added: 0x000001927e6a8380
Event: 0.071 Thread 0x000001927e6e1130 Thread added: 0x000001921eb59dd0
Event: 0.077 Thread 0x0000019278531530 Thread added: 0x000001921ebbe9d0
Event: 0.226 Thread 0x000001927e6e1130 Thread added: 0x000001921ebca3e0
Event: 1.304 Thread 0x000001921ebca3e0 Thread exited: 0x000001921ebca3e0
Event: 1.304 Thread 0x000001921eb59dd0 Thread exited: 0x000001921eb59dd0
Event: 3.191 Thread 0x000001927e6e1130 Thread added: 0x00000192646744d0
Event: 3.191 Thread 0x000001927e6e1130 Thread added: 0x0000019264366bf0
Event: 4.107 Thread 0x0000019264366bf0 Thread exited: 0x0000019264366bf0
Event: 4.322 Thread 0x000001927e6e1130 Thread added: 0x00000192676f8290
Event: 4.915 Thread 0x00000192676f8290 Thread exited: 0x00000192676f8290
Event: 5.016 Thread 0x00000192646744d0 Thread exited: 0x00000192646744d0
Event: 5.628 Thread 0x000001927e6e1130 Thread added: 0x00000192686d58a0
Event: 5.628 Thread 0x000001927e6e1130 Thread added: 0x00000192686d5dc0
Event: 5.983 Thread 0x00000192686d5dc0 Thread exited: 0x00000192686d5dc0
Event: 6.160 Thread 0x00000192686d58a0 Thread exited: 0x00000192686d58a0
Event: 7.595 Thread 0x000001927e6e0820 Thread added: 0x0000019269784fe0
Event: 7.681 Thread 0x000001927e6e0820 Thread added: 0x00000192645673f0


Dynamic libraries:
0x00007ff636140000 - 0x00007ff636148000 	C:\Program Files\Eclipse Adoptium\jdk-17.0.19.10-hotspot\bin\javac.exe
0x00007ffbb49c0000 - 0x00007ffbb4c26000 	C:\WINDOWS\SYSTEM32\ntdll.dll
0x00007ffbb3830000 - 0x00007ffbb38f9000 	C:\WINDOWS\System32\KERNEL32.DLL
0x00007ffbb22e0000 - 0x00007ffbb26de000 	C:\WINDOWS\System32\KERNELBASE.dll
0x00007ffbb1c10000 - 0x00007ffbb1d5c000 	C:\WINDOWS\System32\ucrtbase.dll
0x00007ffbaab60000 - 0x00007ffbaab7e000 	C:\Program Files\Eclipse Adoptium\jdk-17.0.19.10-hotspot\bin\VCRUNTIME140.dll
0x00007ffba05e0000 - 0x00007ffba05f8000 	C:\Program Files\Eclipse Adoptium\jdk-17.0.19.10-hotspot\bin\jli.dll
0x00007ffbb4420000 - 0x00007ffbb45e7000 	C:\WINDOWS\System32\USER32.dll
0x00007ffbb1be0000 - 0x00007ffbb1c07000 	C:\WINDOWS\System32\win32u.dll
0x00007ffb93740000 - 0x00007ffb939d2000 	C:\WINDOWS\WinSxS\amd64_microsoft.windows.common-controls_6595b64144ccf1df_6.0.26100.8875_none_3e0d5d42e32fe9dd\COMCTL32.dll
0x00007ffbb26f0000 - 0x00007ffbb271b000 	C:\WINDOWS\System32\GDI32.dll
0x00007ffbb31f0000 - 0x00007ffbb3299000 	C:\WINDOWS\System32\msvcrt.dll
0x00007ffbb1d70000 - 0x00007ffbb1e9a000 	C:\WINDOWS\System32\gdi32full.dll
0x00007ffbb20e0000 - 0x00007ffbb2183000 	C:\WINDOWS\System32\msvcp_win.dll
0x00007ffbb2ec0000 - 0x00007ffbb2ef2000 	C:\WINDOWS\System32\IMM32.DLL
0x00007ffbab0f0000 - 0x00007ffbab0fc000 	C:\Program Files\Eclipse Adoptium\jdk-17.0.19.10-hotspot\bin\vcruntime140_1.dll
0x00007ffb68670000 - 0x00007ffb686fd000 	C:\Program Files\Eclipse Adoptium\jdk-17.0.19.10-hotspot\bin\msvcp140.dll
0x00007ffb07c40000 - 0x00007ffb088ac000 	C:\Program Files\Eclipse Adoptium\jdk-17.0.19.10-hotspot\bin\server\jvm.dll
0x00007ffbb2e00000 - 0x00007ffbb2eb7000 	C:\WINDOWS\System32\ADVAPI32.dll
0x00007ffbb2d50000 - 0x00007ffbb2dfa000 	C:\WINDOWS\System32\sechost.dll
0x00007ffbb3380000 - 0x00007ffbb3498000 	C:\WINDOWS\System32\RPCRT4.dll
0x00007ffbb2f50000 - 0x00007ffbb2fd0000 	C:\WINDOWS\System32\WS2_32.dll
0x00007ffbb1a60000 - 0x00007ffbb1abe000 	C:\WINDOWS\SYSTEM32\POWRPROF.dll
0x00007ffb95d50000 - 0x00007ffb95d86000 	C:\WINDOWS\SYSTEM32\WINMM.dll
0x00007ffba6b70000 - 0x00007ffba6b7b000 	C:\WINDOWS\SYSTEM32\VERSION.dll
0x00007ffbb1a40000 - 0x00007ffbb1a54000 	C:\WINDOWS\SYSTEM32\UMPDC.dll
0x00007ffbb0880000 - 0x00007ffbb089b000 	C:\WINDOWS\SYSTEM32\kernel.appcore.dll
0x00007ffbaacc0000 - 0x00007ffbaacca000 	C:\Program Files\Eclipse Adoptium\jdk-17.0.19.10-hotspot\bin\jimage.dll
0x00007ffbaee30000 - 0x00007ffbaf072000 	C:\WINDOWS\SYSTEM32\DBGHELP.DLL
0x00007ffbb34a0000 - 0x00007ffbb3823000 	C:\WINDOWS\System32\combase.dll
0x00007ffbb3080000 - 0x00007ffbb3159000 	C:\WINDOWS\System32\OLEAUT32.dll
0x00007ffb9d020000 - 0x00007ffb9d05b000 	C:\WINDOWS\SYSTEM32\dbgcore.DLL
0x00007ffbb2020000 - 0x00007ffbb20cc000 	C:\WINDOWS\System32\bcryptPrimitives.dll
0x00007ffb9f400000 - 0x00007ffb9f425000 	C:\Program Files\Eclipse Adoptium\jdk-17.0.19.10-hotspot\bin\java.dll
0x00007ffb36590000 - 0x00007ffb36667000 	C:\Program Files\Eclipse Adoptium\jdk-17.0.19.10-hotspot\bin\jsvml.dll
0x00007ffbb3a00000 - 0x00007ffbb4192000 	C:\WINDOWS\System32\SHELL32.dll
0x00007ffbaf640000 - 0x00007ffbafed2000 	C:\WINDOWS\SYSTEM32\windows.storage.dll
0x00007ffbb41f0000 - 0x00007ffbb42e7000 	C:\WINDOWS\System32\SHCORE.dll
0x00007ffbb42f0000 - 0x00007ffbb4357000 	C:\WINDOWS\System32\shlwapi.dll
0x00007ffbb1b00000 - 0x00007ffbb1b29000 	C:\WINDOWS\SYSTEM32\profapi.dll
0x00007ffb92ce0000 - 0x00007ffb92cfa000 	C:\Program Files\Eclipse Adoptium\jdk-17.0.19.10-hotspot\bin\net.dll
0x00007ffba8520000 - 0x00007ffba8647000 	C:\WINDOWS\SYSTEM32\WINHTTP.dll
0x00007ffbb0e10000 - 0x00007ffbb0e7c000 	C:\WINDOWS\system32\mswsock.dll
0x00007ffb8fac0000 - 0x00007ffb8fad6000 	C:\Program Files\Eclipse Adoptium\jdk-17.0.19.10-hotspot\bin\nio.dll
0x00007ffb8faa0000 - 0x00007ffb8fab8000 	C:\Program Files\Eclipse Adoptium\jdk-17.0.19.10-hotspot\bin\zip.dll
0x00007ffb92cd0000 - 0x00007ffb92ce0000 	C:\Program Files\Eclipse Adoptium\jdk-17.0.19.10-hotspot\bin\verify.dll

dbghelp: loaded successfully - version: 4.0.5 - missing functions: none
symbol engine: initialized successfully - sym options: 0x614 - pdb path: .;C:\Program Files\Eclipse Adoptium\jdk-17.0.19.10-hotspot\bin;C:\WINDOWS\SYSTEM32;C:\WINDOWS\WinSxS\amd64_microsoft.windows.common-controls_6595b64144ccf1df_6.0.26100.8875_none_3e0d5d42e32fe9dd;C:\Program Files\Eclipse Adoptium\jdk-17.0.19.10-hotspot\bin\server

VM Arguments:
jvm_args: -Dapplication.home=C:\Program Files\Eclipse Adoptium\jdk-17.0.19.10-hotspot --add-modules=ALL-DEFAULT -Xms8m -Djdk.module.main=jdk.compiler 
java_command: jdk.compiler/com.sun.tools.javac.Main -encoding UTF-8 -cp @target/classpath.txt -d target/classes D:\Projects\AFM\backend-service\src\main\java\com\afm\backend\BackendServiceApplication.java D:\Projects\AFM\backend-service\src\main\java\com\afm\backend\config\JwtRequestFilter.java D:\Projects\AFM\backend-service\src\main\java\com\afm\backend\config\SecurityConfig.java D:\Projects\AFM\backend-service\src\main\java\com\afm\backend\controller\ApplicationController.java D:\Projects\AFM\backend-service\src\main\java\com\afm\backend\controller\AuthController.java D:\Projects\AFM\backend-service\src\main\java\com\afm\backend\controller\JobVacancyController.java D:\Projects\AFM\backend-service\src\main\java\com\afm\backend\controller\LeadController.java D:\Projects\AFM\backend-service\src\main\java\com\afm\backend\controller\SettingsController.java D:\Projects\AFM\backend-service\src\main\java\com\afm\backend\controller\UserController.java D:\Projects\AFM\backend-service\src\main\java\com\afm\backend\entity\Application.java D:\Projects\AFM\backend-service\src\main\java\com\afm\backend\entity\FeatureToggle.java D:\Projects\AFM\backend-service\src\main\java\com\afm\backend\entity\JobVacancy.java D:\Projects\AFM\backend-service\src\main\java\com\afm\backend\entity\Lead.java D:\Projects\AFM\backend-service\src\main\java\com\afm\backend\entity\PasswordResetToken.java D:\Projects\AFM\backend-service\src\main\java\com\afm\backend\entity\User.java D:\Projects\AFM\backend-service\src\main\java\com\afm\backend\repository\ApplicationRepository.java D:\Projects\AFM\backend-service\src\main\java\com\afm\backend\repository\FeatureToggleRepository.java D:\Projects\AFM\backend-service\src\main\java\com\afm\backend\repository\JobVacancyRepository.java D:\Projects\AFM\backend-service\src\main\java\com\afm\backend\repository\LeadRepository.java D:\Projects\AFM\backend-service\src\main\java\com\afm\backend\repository\PasswordResetTokenRepository.java D:\Projects\AFM\backend-ser
java_class_path (initial): <not set>
Launcher Type: SUN_STANDARD

[Global flags]
     intx CICompilerCount                          = 4                                         {product} {ergonomic}
     uint ConcGCThreads                            = 3                                         {product} {ergonomic}
     uint G1ConcRefinementThreads                  = 10                                        {product} {ergonomic}
   size_t G1HeapRegionSize                         = 2097152                                   {product} {ergonomic}
    uintx GCDrainStackTargetSize                   = 64                                        {product} {ergonomic}
   size_t InitialHeapSize                          = 8388608                                   {product} {command line}
   size_t MarkStackSize                            = 4194304                                   {product} {ergonomic}
   size_t MaxHeapSize                              = 4238344192                                {product} {ergonomic}
   size_t MaxNewSize                               = 2541748224                                {product} {ergonomic}
   size_t MinHeapDeltaBytes                        = 2097152                                   {product} {ergonomic}
   size_t MinHeapSize                              = 8388608                                   {product} {command line}
    uintx NonNMethodCodeHeapSize                   = 5839372                                {pd product} {ergonomic}
    uintx NonProfiledCodeHeapSize                  = 122909434                              {pd product} {ergonomic}
    uintx ProfiledCodeHeapSize                     = 122909434                              {pd product} {ergonomic}
    uintx ReservedCodeCacheSize                    = 251658240                              {pd product} {ergonomic}
     bool SegmentedCodeCache                       = true                                      {product} {ergonomic}
   size_t SoftMaxHeapSize                          = 4238344192                             {manageable} {ergonomic}
     bool UseCompressedClassPointers               = true                           {product lp64_product} {ergonomic}
     bool UseCompressedOops                        = true                           {product lp64_product} {ergonomic}
     bool UseG1GC                                  = true                                      {product} {ergonomic}
     bool UseLargePagesIndividualAllocation        = false                                  {pd product} {ergonomic}

Logging:
Log output configuration:
 #0: stdout all=warning uptime,level,tags
 #1: stderr all=off uptime,level,tags

Environment Variables:
JAVA_HOME=C:\Program Files\Eclipse Adoptium\jdk-17.0.19.10-hotspot\
PATH=C:/Users/admin/.gemini/antigravity/bin;C:\Users\admin\AppData\Roaming\Antigravity\bin;C:\Program Files\Eclipse Adoptium\jdk-17.0.19.10-hotspot\bin;C:\Program Files (x86)\Common Files\Oracle\Java\javapath;C:\WINDOWS\system32;C:\WINDOWS;C:\WINDOWS\System32\Wbem;C:\WINDOWS\System32\WindowsPowerShell\v1.0\;C:\WINDOWS\System32\OpenSSH\;C:\xampp\php;C:\ProgramData\ComposerSetup\bin;C:\Program Files\dotnet\;C:\Program Files\MySQL\MySQL Server 8.0\bin;C:\Program Files\nodejs\;C:\Program Files\Git\cmd;C:\Program Files\Docker\Docker\resources\bin;C:\Program Files\MySQL\MySQL Shell 8.0\bin\;C:\laragon\bin;C:\laragon\bin\apache\httpd-2.4.35-win64-VC15\bin;C:\laragon\bin\composer;C:\laragon\bin\laragon\utils;C:\laragon\bin\mysql\mysql-5.7.24-winx64\bin;C:\laragon\bin\nodejs\node-v14;C:\laragon\bin\notepad++;C:\laragon\bin\php\php-7.3.20-Win32-VC15-x64;C:\laragon\bin\redis\redis-x64-3.2.100;C:\Users\admin\AppData\Local\Yarn\config\global\node_modules\.bin;C:\Users\admin\AppData\Roaming\Composer\vendor\bin;C:\Users\admin\AppData\Roaming\npm;C:\Users\admin\AppData\Local\Microsoft\WindowsApps;C:\Users\admin\AppData\Local\Programs\Microsoft VS Code\bin;;C:\Program Files\JetBrains\IntelliJ IDEA Community Edition 2023.1.2\bin;;C:\Users\admin\AppData\Local\Microsoft\WindowsApps;C:\Users\admin\AppData\Local\Microsoft\WinGet\Packages\EclipseFoundation.Eclipse.JEE_Microsoft.Winget.Source_8wekyb3d8bbwe\eclipse;
USERNAME=admin
OS=Windows_NT
PROCESSOR_IDENTIFIER=Intel64 Family 6 Model 158 Stepping 13, GenuineIntel
TMP=C:\Users\admin\AppData\Local\Temp
TEMP=C:\Users\admin\AppData\Local\Temp



Periodic native trim disabled


---------------  S Y S T E M  ---------------

OS:
 Windows 11 , 64 bit Build 26100 (10.0.26100.8875)
OS uptime: 7 days 20:23 hours
Hyper-V role detected

CPU: total 12 (initial active 12) (6 cores per cpu, 2 threads per core) family 6 model 158 stepping 13 microcode 0x104, cx8, cmov, fxsr, ht, mmx, 3dnowpref, sse, sse2, sse3, ssse3, sse4.1, sse4.2, popcnt, lzcnt, tsc, tscinvbit, avx, avx2, aes, erms, clmul, bmi1, bmi2, adx, fma, vzeroupper, clflush, clflushopt, hv
Processor Information for all 12 processors :
  Max Mhz: 2592, Current Mhz: 1495, Mhz Limit: 2592

Memory: 4k page, system-wide physical 16165M (1673M free)
TotalPageFile size 23565M (AvailPageFile size 472M)
current process WorkingSet (physical memory assigned to process): 1128M, peak: 1171M
current process commit charge ("private bytes"): 1203M, peak: 1661M

vm_info: OpenJDK 64-Bit Server VM (17.0.19+10) for windows-amd64 JRE (17.0.19+10), built on Apr 25 2026 08:04:44 by "admin" with MS VC++ 17.12 (VS2022)

END.
