JvmtiExport can_access_local_variables 0
JvmtiExport can_hotswap_or_post_breakpoint 0
JvmtiExport can_post_on_exceptions 0
# 402 ciObject found
ciMethod java/lang/Object <init> ()V 4097 1 1410776 0 0
ciMethod java/lang/Object getClass ()Ljava/lang/Class; 2049 1 256 0 -1
ciMethod java/lang/Object hashCode ()I 2049 1 256 0 -1
ciMethod java/lang/Object equals (Ljava/lang/Object;)Z 2073 1 18061 0 -1
ciMethod java/lang/String <init> ([CII)V 4097 1 5643 0 -1
ciMethod java/lang/String equals (Ljava/lang/Object;)Z 3177 11145 5030 0 -1
ciMethod java/lang/String startsWith (Ljava/lang/String;I)Z 3089 689 5655 0 256
ciMethod java/lang/String startsWith (Ljava/lang/String;)Z 2337 1 472988 0 224
ciMethod java/lang/String hashCode ()I 2825 32769 2426 0 416
ciMethod java/lang/Class isInstance (Ljava/lang/Object;)Z 2049 1 256 0 -1
ciMethod java/lang/Class isAssignableFrom (Ljava/lang/Class;)Z 2057 1 257 0 -1
ciMethod java/lang/System arraycopy (Ljava/lang/Object;ILjava/lang/Object;II)V 16385 1 2048 0 -1
ciMethod java/util/Map containsKey (Ljava/lang/Object;)Z 0 0 1 0 -1
ciMethod java/util/Map get (Ljava/lang/Object;)Ljava/lang/Object; 0 0 1 0 -1
ciMethod java/util/Map put (Ljava/lang/Object;Ljava/lang/Object;)Ljava/lang/Object; 0 0 1 0 -1
ciMethod java/util/Map remove (Ljava/lang/Object;)Ljava/lang/Object; 0 0 1 0 -1
ciMethod java/util/Map computeIfAbsent (Ljava/lang/Object;Ljava/util/function/Function;)Ljava/lang/Object; 73 1 9 0 -1
ciMethod java/lang/AbstractStringBuilder <init> (I)V 1897 1 113653 0 -1
ciMethod java/lang/AbstractStringBuilder append (Ljava/lang/String;)Ljava/lang/AbstractStringBuilder; 3657 1 5685 0 -1
ciMethod java/lang/StringBuilder <init> ()V 1889 1 82005 0 192
ciMethod java/lang/StringBuilder append (Ljava/lang/String;)Ljava/lang/StringBuilder; 3657 1 281730 0 1056
ciMethod java/lang/StringBuilder toString ()Ljava/lang/String; 1889 1 93363 0 832
ciMethod sun/misc/Unsafe compareAndSwapInt (Ljava/lang/Object;JII)Z 3073 1 384 0 -1
ciMethod sun/misc/Unsafe getObjectVolatile (Ljava/lang/Object;J)Ljava/lang/Object; 3073 1 384 0 -1
ciMethod sun/misc/Unsafe getAndAddInt (Ljava/lang/Object;JI)I 2049 1 650 0 -1
ciMethod java/lang/Boolean booleanValue ()Z 1361 1 170 0 -1
ciMethod java/lang/Boolean valueOf (Z)Ljava/lang/Boolean; 3393 1 7758 0 -1
ciMethod java/util/Collection isEmpty ()Z 0 0 1 0 -1
ciMethod java/util/Collection toArray ([Ljava/lang/Object;)[Ljava/lang/Object; 0 0 1 0 -1
ciMethod java/util/List iterator ()Ljava/util/Iterator; 0 0 1 0 -1
ciMethod java/util/List add (Ljava/lang/Object;)Z 0 0 1 0 -1
ciMethod java/util/AbstractList <init> ()V 2049 1 66925 0 32
ciMethod java/util/AbstractCollection <init> ()V 441 1 108519 0 32
ciMethod java/util/ArrayList <init> ()V 1041 1 20789 0 64
ciMethod java/util/ArrayList calculateCapacity ([Ljava/lang/Object;I)I 2049 1 41943 0 64
ciMethod java/util/ArrayList ensureCapacityInternal (I)V 2049 1 41943 0 576
ciMethod java/util/ArrayList ensureExplicitCapacity (I)V 2049 1 41943 0 0
ciMethod java/util/ArrayList grow (I)V 177 1 8324 0 0
ciMethod java/util/ArrayList hugeCapacity (I)I 0 0 1 0 -1
ciMethod java/util/ArrayList isEmpty ()Z 2049 1 7873 0 64
ciMethod java/util/ArrayList toArray ([Ljava/lang/Object;)[Ljava/lang/Object; 865 1 5258 0 1216
ciMethod java/util/ArrayList add (Ljava/lang/Object;)Z 2049 1 34338 0 768
ciMethod java/util/ArrayList iterator ()Ljava/util/Iterator; 2073 1 5503 0 160
ciMethod java/util/ArrayList access$000 (Ljava/util/ArrayList;)I 1129 1 141 0 0
ciMethod java/util/Set iterator ()Ljava/util/Iterator; 0 0 1 0 -1
ciMethod java/util/AbstractSet <init> ()V 65 1 33471 0 32
ciMethod java/util/HashMap keySet ()Ljava/util/Set; 3081 1 4733 0 0
ciMethod java/util/HashMap$Node getKey ()Ljava/lang/Object; 3273 1 409 0 0
ciMethod java/lang/Math max (II)I 4097 1 78813 0 -1
ciMethod java/util/Iterator hasNext ()Z 0 0 1 0 -1
ciMethod java/util/Iterator next ()Ljava/lang/Object; 0 0 1 0 -1
ciMethod java/util/Arrays copyOf ([Ljava/lang/Object;I)[Ljava/lang/Object; 2049 1 16288 0 0
ciMethod java/util/Arrays copyOf ([Ljava/lang/Object;ILjava/lang/Class;)[Ljava/lang/Object; 3121 1 6586 0 -1
ciMethod java/util/LinkedHashMap keySet ()Ljava/util/Set; 3097 1 5525 0 192
ciMethodData java/lang/Object <init> ()V 2 1410776 orig 264 104 147 107 119 0 0 0 0 128 4 119 28 0 0 0 0 32 1 0 0 0 0 0 0 0 0 0 0 0 0 0 0 0 0 0 0 0 0 0 0 0 0 0 0 0 0 0 0 0 0 0 0 0 0 0 0 0 0 0 0 0 0 0 0 0 0 0 0 0 0 0 0 0 0 0 0 0 0 0 0 77 68 79 32 101 120 116 114 97 32 100 97 116 97 32 108 111 99 107 0 0 0 0 0 0 0 0 0 0 0 0 0 0 0 0 0 0 0 0 0 0 0 0 0 0 0 0 0 0 0 0 0 0 0 0 0 0 0 0 0 0 0 0 0 0 0 0 0 0 0 0 0 0 0 0 0 0 0 0 0 0 0 0 0 0 0 0 0 0 0 0 0 0 0 0 0 0 0 0 0 0 0 0 0 1 0 0 0 0 0 0 0 1 0 0 0 0 0 0 0 1 0 0 0 0 0 0 0 0 0 0 0 0 0 0 0 0 2 0 0 193 38 172 0 1 0 0 0 0 0 0 0 0 0 0 0 2 0 0 0 0 0 3 0 1 0 0 0 0 0 0 0 255 255 255 255 0 0 0 0 0 0 0 0 data 0 oops 0
ciMethod java/util/concurrent/ConcurrentHashMap spread (I)I 2057 1 69083 0 0
ciMethod java/util/concurrent/ConcurrentHashMap tabAt ([Ljava/util/concurrent/ConcurrentHashMap$Node;I)Ljava/util/concurrent/ConcurrentHashMap$Node; 3225 1 209655 0 160
ciMethod java/util/concurrent/ConcurrentHashMap casTabAt ([Ljava/util/concurrent/ConcurrentHashMap$Node;ILjava/util/concurrent/ConcurrentHashMap$Node;Ljava/util/concurrent/ConcurrentHashMap$Node;)Z 1961 1 35625 0 -1
ciMethod java/util/concurrent/ConcurrentHashMap setTabAt ([Ljava/util/concurrent/ConcurrentHashMap$Node;ILjava/util/concurrent/ConcurrentHashMap$Node;)V 2473 1 62645 0 -1
ciMethod java/util/concurrent/ConcurrentHashMap get (Ljava/lang/Object;)Ljava/lang/Object; 2089 41 28059 0 736
ciMethod java/util/concurrent/ConcurrentHashMap containsKey (Ljava/lang/Object;)Z 2073 1 8312 0 1568
ciMethod java/util/concurrent/ConcurrentHashMap computeIfAbsent (Ljava/lang/Object;Ljava/util/function/Function;)Ljava/lang/Object; 4593 265 10186 0 -1
ciMethod java/util/concurrent/ConcurrentHashMap initTable ()[Ljava/util/concurrent/ConcurrentHashMap$Node; 41 1 429 0 -1
ciMethod java/util/concurrent/ConcurrentHashMap addCount (JI)V 1817 57 12132 0 -1
ciMethod java/util/concurrent/ConcurrentHashMap helpTransfer ([Ljava/util/concurrent/ConcurrentHashMap$Node;Ljava/util/concurrent/ConcurrentHashMap$Node;)[Ljava/util/concurrent/ConcurrentHashMap$Node; 0 0 1 0 -1
ciMethod java/util/concurrent/ConcurrentHashMap treeifyBin ([Ljava/util/concurrent/ConcurrentHashMap$Node;I)V 1 1 13 0 -1
ciMethod java/util/concurrent/ConcurrentHashMap$Node <init> (ILjava/lang/Object;Ljava/lang/Object;Ljava/util/concurrent/ConcurrentHashMap$Node;)V 2033 1 38098 0 -1
ciMethod java/util/concurrent/ConcurrentHashMap$Node find (ILjava/lang/Object;)Ljava/util/concurrent/ConcurrentHashMap$Node; 0 0 1 0 -1
ciMethodData java/lang/String hashCode ()I 2 53674 orig 264 104 147 107 119 0 0 0 0 184 79 119 28 0 0 0 0 152 1 0 0 32 0 0 0 0 0 0 0 0 0 0 0 0 0 0 0 0 0 0 0 0 0 0 0 0 0 0 0 0 0 0 0 0 0 0 0 0 0 0 0 0 0 0 0 0 0 0 0 0 0 0 0 0 0 0 0 0 0 0 0 77 68 79 32 101 120 116 114 97 32 100 97 116 97 32 108 111 99 107 0 0 0 0 0 0 0 0 0 0 0 0 0 0 0 0 0 0 0 0 0 0 0 0 0 0 0 0 0 0 0 0 0 0 0 0 0 0 0 0 0 0 0 0 0 1 0 0 0 0 0 0 0 0 0 0 0 0 0 0 0 0 0 0 0 0 0 0 0 0 0 0 0 0 0 0 0 0 0 0 1 0 0 0 0 1 0 0 0 0 0 0 0 0 0 0 0 0 0 0 0 1 0 0 0 0 0 0 0 0 0 0 0 0 0 0 0 0 16 0 0 201 64 0 0 81 13 6 0 162 5 0 0 187 115 0 0 2 0 0 0 1 0 11 0 2 0 0 0 120 0 0 0 255 255 255 255 7 0 6 0 0 0 0 0 data 15 0x60007 0x53e 0x78 0x2db 0xee007 0x9 0x58 0x2d3 0x1e0007 0x2d3 0x38 0xc17e 0x2d0003 0xc17e 0xffffffffffffffe0 oops 0
ciMethod java/util/HashSet iterator ()Ljava/util/Iterator; 2057 1 10237 0 1248
ciMethod java/util/LinkedHashMap$LinkedKeySet <init> (Ljava/util/LinkedHashMap;)V 1001 1 2344 0 0
ciMethod java/util/LinkedHashMap$LinkedKeySet iterator ()Ljava/util/Iterator; 3097 1 5531 0 224
ciMethod java/util/LinkedHashMap$LinkedKeyIterator <init> (Ljava/util/LinkedHashMap;)V 3097 1 5531 0 0
ciMethod java/util/LinkedHashMap$LinkedKeyIterator next ()Ljava/lang/Object; 3113 1 5526 0 160
ciMethod java/util/LinkedHashMap$LinkedHashIterator <init> (Ljava/util/LinkedHashMap;)V 3073 1 9390 0 0
ciMethod java/util/LinkedHashMap$LinkedHashIterator hasNext ()Z 3081 1 5516 0 64
ciMethod java/util/LinkedHashMap$LinkedHashIterator nextNode ()Ljava/util/LinkedHashMap$Entry; 3137 1 7576 0 160
ciMethod java/util/function/Function apply (Ljava/lang/Object;)Ljava/lang/Object; 0 0 1 0 -1
ciMethodData java/lang/String startsWith (Ljava/lang/String;I)Z 2 9514 orig 264 104 147 107 119 0 0 0 0 176 77 119 28 0 0 0 0 176 1 0 0 32 0 0 0 0 0 0 0 0 0 0 0 0 0 0 0 0 0 0 0 0 0 0 0 0 0 0 0 0 0 0 0 0 0 0 0 0 0 0 0 0 0 0 0 0 0 0 0 0 0 0 0 0 0 0 0 0 0 0 0 77 68 79 32 101 120 116 114 97 32 100 97 116 97 32 108 111 99 107 0 0 0 0 0 0 0 0 0 0 0 0 0 0 0 0 0 0 0 0 0 0 0 0 0 0 0 0 0 0 0 0 0 0 0 0 0 0 0 0 0 0 0 0 0 0 0 0 0 0 0 0 0 0 0 0 0 0 0 0 0 0 0 0 0 0 0 0 0 0 0 0 0 0 0 0 0 0 0 0 0 0 0 0 0 1 0 0 0 0 0 0 0 0 0 0 0 0 0 0 0 3 0 0 0 0 0 0 0 0 0 0 0 0 0 0 0 130 1 0 0 169 164 0 0 161 38 1 0 0 0 0 0 0 0 0 0 2 0 0 0 1 0 13 0 2 0 0 0 128 0 0 0 255 255 255 255 7 0 25 0 0 0 0 0 data 16 0x190007 0xc 0x40 0x1489 0x250007 0x13ee 0x20 0x9b 0x2f0007 0x1da 0x40 0x24d7 0x410007 0x12c3 0xffffffffffffffe0 0x1214 oops 0
ciMethodData java/lang/String startsWith (Ljava/lang/String;)Z 2 472988 orig 264 104 147 107 119 0 0 0 0 72 78 119 28 0 0 0 0 128 1 0 0 0 0 0 0 0 0 0 0 0 0 0 0 0 0 0 0 0 0 0 0 0 0 0 0 0 0 0 0 0 0 0 0 0 0 0 0 0 0 0 0 0 0 0 0 0 0 0 0 0 0 0 0 0 0 0 0 0 0 0 0 77 68 79 32 101 120 116 114 97 32 100 97 116 97 32 108 111 99 107 0 0 0 0 0 0 0 0 0 0 0 0 0 0 0 0 0 0 0 0 0 0 0 0 0 0 0 0 0 0 0 0 0 0 0 0 0 0 0 0 0 0 0 0 0 0 0 0 0 0 0 0 0 0 0 0 0 0 0 0 0 0 0 0 0 0 0 0 0 0 0 0 0 0 0 0 0 0 0 0 0 0 0 0 0 1 0 0 0 0 0 0 0 0 0 0 0 0 0 0 0 3 0 0 0 0 0 0 0 0 0 0 0 0 0 0 0 36 1 0 0 193 179 57 0 1 0 0 0 0 0 0 0 0 0 0 0 2 0 0 0 0 0 3 0 2 0 0 0 48 0 0 0 255 255 255 255 5 0 3 0 0 0 0 0 data 6 0x30005 0x0 0x3542ee0 0x7367a 0x0 0x0 oops 1 2 java/lang/String
ciMethodData java/util/ArrayList add (Ljava/lang/Object;)Z 2 34338 orig 264 104 147 107 119 0 0 0 0 240 7 132 28 0 0 0 0 144 1 0 0 0 0 0 0 0 0 0 0 0 0 0 0 0 0 0 0 0 0 0 0 0 0 0 0 0 0 0 0 0 0 0 0 0 0 0 0 0 0 0 0 0 0 0 0 0 0 0 0 0 0 0 0 0 0 0 0 0 0 0 0 77 68 79 32 101 120 116 114 97 32 100 97 116 97 32 108 111 99 107 0 0 0 0 0 0 0 0 0 0 0 0 0 0 0 0 0 0 0 0 0 0 0 0 0 0 0 0 0 0 0 0 0 0 0 0 0 0 0 0 0 0 0 0 0 0 0 0 0 0 0 0 0 0 0 0 0 0 0 0 0 0 0 0 0 0 0 0 0 0 0 0 0 0 0 0 0 0 0 0 0 0 0 0 0 17 0 0 0 0 0 0 0 0 0 0 0 0 0 0 0 1 0 0 0 0 0 0 0 0 0 0 0 0 0 0 0 0 1 0 0 17 41 4 0 1 0 0 0 0 0 0 0 0 0 0 0 2 0 0 0 0 0 15 0 2 0 0 0 64 0 0 0 255 255 255 255 2 0 7 0 0 0 0 0 data 8 0x70002 0x8521 0x1a0104 0x0 0x20fa9120 0x87 0x20fa91d0 0x1f oops 2 4 sun/misc/URLClassPath$JarLoader 6 java/io/FilePermission
ciMethodData java/util/ArrayList ensureCapacityInternal (I)V 2 41943 orig 264 104 147 107 119 0 0 0 0 104 253 131 28 0 0 0 0 112 1 0 0 0 0 0 0 0 0 0 0 0 0 0 0 0 0 0 0 0 0 0 0 0 0 0 0 0 0 0 0 0 0 0 0 0 0 0 0 0 0 0 0 0 0 0 0 0 0 0 0 0 0 0 0 0 0 0 0 0 0 0 0 77 68 79 32 101 120 116 114 97 32 100 97 116 97 32 108 111 99 107 0 0 0 0 0 0 0 0 0 0 0 0 0 0 0 0 0 0 0 0 0 0 0 0 0 0 0 0 0 0 0 0 0 0 0 0 0 0 0 0 0 0 0 0 0 0 0 0 0 0 0 0 0 0 0 0 0 0 0 0 0 0 0 0 0 0 0 0 0 0 0 0 0 0 0 0 0 0 0 0 0 0 0 0 0 17 0 0 0 0 0 0 0 0 0 0 0 0 0 0 0 1 0 0 0 0 0 0 0 0 0 0 0 0 0 0 0 0 1 0 0 185 22 5 0 1 0 0 0 0 0 0 0 0 0 0 0 2 0 0 0 0 0 14 0 2 0 0 0 32 0 0 0 255 255 255 255 2 0 6 0 0 0 0 0 data 4 0x60002 0xa2d7 0x90002 0xa2d7 oops 0
ciMethodData java/util/ArrayList calculateCapacity ([Ljava/lang/Object;I)I 2 41943 orig 264 104 147 107 119 0 0 0 0 200 252 131 28 0 0 0 0 128 1 0 0 0 0 0 0 0 0 0 0 0 0 0 0 0 0 0 0 0 0 0 0 0 0 0 0 0 0 0 0 0 0 0 0 0 0 0 0 0 0 0 0 0 0 0 0 0 0 0 0 0 0 0 0 0 0 0 0 0 0 0 0 77 68 79 32 101 120 116 114 97 32 100 97 116 97 32 108 111 99 107 0 0 0 0 0 0 0 0 0 0 0 0 0 0 0 0 0 0 0 0 0 0 0 0 0 0 0 0 0 0 0 0 0 0 0 0 0 0 0 0 0 0 0 0 0 0 0 0 0 0 0 0 0 0 0 0 0 0 0 0 0 0 0 0 0 0 0 0 0 0 0 0 0 0 0 0 0 0 0 0 0 0 0 0 0 0 0 0 0 0 0 0 0 0 0 0 0 0 0 0 0 0 0 0 0 0 0 0 0 0 0 0 0 0 0 0 0 0 1 0 0 185 22 5 0 1 0 0 0 0 0 0 0 0 0 0 0 2 0 0 0 0 0 0 0 0 0 0 0 48 0 0 0 255 255 255 255 7 0 4 0 0 0 0 0 data 6 0x40007 0x83c2 0x30 0x1f15 0xa0002 0x1f15 oops 0
ciMethodData java/util/ArrayList ensureExplicitCapacity (I)V 2 41943 orig 264 104 147 107 119 0 0 0 0 24 254 131 28 0 0 0 0 88 1 0 0 0 0 0 0 0 0 0 0 0 0 0 0 0 0 0 0 0 0 0 0 0 0 0 0 0 0 0 0 0 0 0 0 0 0 0 0 0 0 0 0 0 0 0 0 0 0 0 0 0 0 0 0 0 0 0 0 0 0 0 0 77 68 79 32 101 120 116 114 97 32 100 97 116 97 32 108 111 99 107 0 0 0 0 0 0 0 0 0 0 0 0 0 0 0 0 0 0 0 0 0 0 0 0 0 0 0 0 0 0 0 0 0 0 0 0 0 0 0 0 0 0 0 0 0 0 0 0 0 0 0 0 0 0 0 0 0 0 0 0 0 0 0 0 0 0 0 0 0 0 0 0 0 0 0 0 0 0 0 0 0 0 0 0 0 17 0 0 0 0 0 0 0 0 0 0 0 0 0 0 0 1 0 0 0 0 0 0 0 0 0 0 0 0 0 0 0 0 1 0 0 185 22 5 0 1 0 0 0 0 0 0 0 0 0 0 0 2 0 0 0 0 0 0 0 0 0 0 0 48 0 0 0 255 255 255 255 7 0 17 0 0 0 0 0 data 6 0x110007 0x8269 0x30 0x206e 0x160002 0x206e oops 0
ciMethodData java/util/ArrayList grow (I)V 2 8324 orig 264 104 147 107 119 0 0 0 0 224 254 131 28 0 0 0 0 176 1 0 0 64 0 0 0 0 0 0 0 0 0 0 0 0 0 0 0 0 0 0 0 0 0 0 0 0 0 0 0 0 0 0 0 0 0 0 0 0 0 0 0 0 0 0 0 0 0 0 0 0 0 0 0 0 0 0 0 0 0 0 0 77 68 79 32 101 120 116 114 97 32 100 97 116 97 32 108 111 99 107 0 0 0 0 0 0 0 0 0 0 0 0 0 0 0 0 0 0 0 0 0 0 0 0 0 0 0 0 0 0 0 0 0 0 0 0 0 0 0 0 0 0 0 0 0 0 0 0 0 0 0 0 0 0 0 0 0 0 0 0 0 0 0 0 0 0 0 0 0 0 0 0 0 0 0 0 0 0 0 0 0 0 0 0 0 17 0 0 0 0 0 0 0 0 0 0 0 0 0 0 0 1 0 0 0 0 0 0 0 0 0 0 0 0 0 0 0 22 0 0 0 113 3 1 0 1 0 0 0 0 0 0 0 0 0 0 0 2 0 0 0 0 0 15 0 2 0 0 0 96 0 0 0 255 255 255 255 7 0 15 0 0 0 0 0 data 12 0xf0007 0x123 0x20 0x1f4b 0x180007 0x206e 0x30 0x0 0x1c0002 0x0 0x260002 0x206e oops 0
ciMethodData java/util/concurrent/ConcurrentHashMap tabAt ([Ljava/util/concurrent/ConcurrentHashMap$Node;I)Ljava/util/concurrent/ConcurrentHashMap$Node; 2 209655 orig 264 104 147 107 119 0 0 0 0 224 181 144 28 0 0 0 0 176 1 0 0 0 0 0 0 0 0 0 0 0 0 0 0 0 0 0 0 0 0 0 0 0 0 0 0 0 0 0 0 0 0 0 0 0 0 0 0 0 0 0 0 0 0 0 0 0 0 0 0 0 0 0 0 0 0 0 0 0 0 0 0 77 68 79 32 101 120 116 114 97 32 100 97 116 97 32 108 111 99 107 0 0 0 0 0 0 0 0 0 0 0 0 0 0 0 0 0 0 0 0 0 0 0 0 0 0 0 0 0 0 0 0 0 0 0 0 0 0 0 0 0 0 0 0 0 0 0 0 0 0 0 0 0 0 0 0 0 0 0 0 0 0 0 0 0 0 0 0 0 0 0 0 0 0 0 0 0 0 0 0 0 0 0 0 0 17 0 0 0 0 0 0 0 0 0 0 0 0 0 0 0 0 0 0 0 0 0 0 0 0 0 0 0 0 0 0 0 147 1 0 0 33 139 25 0 1 0 0 0 0 0 0 0 0 0 0 0 2 0 0 0 0 0 3 0 2 0 0 0 96 0 0 0 255 255 255 255 5 0 14 0 0 0 0 0 data 12 0xe0005 0x2 0x0 0x0 0x0 0x0 0x110104 0x0 0x211b6b60 0x17e16 0x21a8ff90 0x8df2 oops 2 8 java/util/concurrent/ConcurrentHashMap$Node 10 java/util/concurrent/ConcurrentHashMap$ForwardingNode
ciMethodData java/util/AbstractSet <init> ()V 2 33471 orig 264 104 147 107 119 0 0 0 0 168 169 132 28 0 0 0 0 48 1 0 0 0 0 0 0 0 0 0 0 0 0 0 0 0 0 0 0 0 0 0 0 0 0 0 0 0 0 0 0 0 0 0 0 0 0 0 0 0 0 0 0 0 0 0 0 0 0 0 0 0 0 0 0 0 0 0 0 0 0 0 0 77 68 79 32 101 120 116 114 97 32 100 97 116 97 32 108 111 99 107 0 0 0 0 0 0 0 0 0 0 0 0 0 0 0 0 0 0 0 0 0 0 0 0 0 0 0 0 0 0 0 0 0 0 0 0 0 0 0 0 0 0 0 0 0 0 0 0 0 0 0 0 0 0 0 0 0 0 0 0 0 0 0 0 0 0 0 0 0 0 0 0 0 0 0 0 0 0 0 0 0 0 0 0 0 1 0 0 0 0 0 0 0 0 0 0 0 0 0 0 0 1 0 0 0 0 0 0 0 0 0 0 0 0 0 0 0 8 0 0 0 185 21 4 0 1 0 0 0 0 0 0 0 0 0 0 0 2 0 0 0 0 0 3 0 2 0 0 0 16 0 0 0 255 255 255 255 2 0 1 0 0 0 0 0 data 2 0x10002 0x82b7 oops 0
ciMethodData java/util/AbstractCollection <init> ()V 2 108519 orig 264 104 147 107 119 0 0 0 0 176 118 131 28 0 0 0 0 48 1 0 0 0 0 0 0 0 0 0 0 0 0 0 0 0 0 0 0 0 0 0 0 0 0 0 0 0 0 0 0 0 0 0 0 0 0 0 0 0 0 0 0 0 0 0 0 0 0 0 0 0 0 0 0 0 0 0 0 0 0 0 0 77 68 79 32 101 120 116 114 97 32 100 97 116 97 32 108 111 99 107 0 0 0 0 0 0 0 0 0 0 0 0 0 0 0 0 0 0 0 0 0 0 0 0 0 0 0 0 0 0 0 0 0 0 0 0 0 0 0 0 0 0 0 0 0 0 0 0 0 0 0 0 0 0 0 0 0 0 0 0 0 0 0 0 0 0 0 0 0 0 0 0 0 0 0 0 0 0 0 0 0 0 0 0 0 1 0 0 0 0 0 0 0 0 0 0 0 0 0 0 0 1 0 0 0 0 0 0 0 0 0 0 0 0 0 0 0 55 0 0 0 129 61 13 0 1 0 0 0 0 0 0 0 0 0 0 0 2 0 0 0 0 0 3 0 2 0 0 0 16 0 0 0 255 255 255 255 2 0 1 0 0 0 0 0 data 2 0x10002 0x1a7b0 oops 0
ciMethodData java/util/concurrent/ConcurrentHashMap spread (I)I 2 69083 orig 264 104 147 107 119 0 0 0 0 176 178 144 28 0 0 0 0 32 1 0 0 0 0 0 0 0 0 0 0 0 0 0 0 0 0 0 0 0 0 0 0 0 0 0 0 0 0 0 0 0 0 0 0 0 0 0 0 0 0 0 0 0 0 0 0 0 0 0 0 0 0 0 0 0 0 0 0 0 0 0 0 77 68 79 32 101 120 116 114 97 32 100 97 116 97 32 108 111 99 107 0 0 0 0 0 0 0 0 0 0 0 0 0 0 0 0 0 0 0 0 0 0 0 0 0 0 0 0 0 0 0 0 0 0 0 0 0 0 0 0 0 0 0 0 0 0 0 0 0 0 0 0 0 0 0 0 0 0 0 0 0 0 0 0 0 0 0 0 0 0 0 0 0 0 0 0 0 0 0 0 0 0 0 0 0 25 0 0 0 0 0 0 0 0 0 0 0 0 0 0 0 0 0 0 0 0 0 0 0 0 0 0 0 0 0 0 0 1 1 0 0 209 102 8 0 1 0 0 0 0 0 0 0 0 0 0 0 2 0 0 0 0 0 3 0 1 0 0 0 0 0 0 0 255 255 255 255 0 0 0 0 0 0 0 0 data 0 oops 0
ciMethod java/util/ArrayList$Itr <init> (Ljava/util/ArrayList;)V 2137 1 5514 0 0
ciMethod java/util/ArrayList$Itr hasNext ()Z 3097 1 5795 0 96
ciMethod java/util/ArrayList$Itr next ()Ljava/lang/Object; 4097 1 5858 0 224
ciMethod java/util/ArrayList$Itr checkForComodification ()V 4097 1 5982 0 0
ciMethod java/util/HashMap$HashIterator <init> (Ljava/util/HashMap;)V 3201 4041 4549 0 512
ciMethod java/util/HashMap$KeySet <init> (Ljava/util/HashMap;)V 593 1 569 0 0
ciMethod java/util/HashMap$KeySet iterator ()Ljava/util/Iterator; 4097 1 6233 0 0
ciMethod java/util/HashMap$KeyIterator <init> (Ljava/util/HashMap;)V 4097 1 6233 0 0
ciMethod org/springframework/beans/factory/BeanFactory isSingleton (Ljava/lang/String;)Z 0 0 1 0 -1
ciMethod org/springframework/beans/factory/BeanFactory isTypeMatch (Ljava/lang/String;Lorg/springframework/core/ResolvableType;)Z 0 0 1 0 -1
ciMethod org/springframework/beans/factory/support/DefaultListableBeanFactory isAllowEagerClassLoading ()Z 657 1 72 0 0
ciMethod org/springframework/util/Assert notNull (Ljava/lang/Object;Ljava/lang/String;)V 2129 1 276613 0 64
ciMethod org/springframework/util/ClassUtils getUserClass (Ljava/lang/Object;)Ljava/lang/Class; 0 0 216 0 -1
ciMethod org/springframework/util/StringUtils toStringArray (Ljava/util/Collection;)[Ljava/lang/String; 2057 1 13627 0 0
ciMethod org/springframework/util/CollectionUtils isEmpty (Ljava/util/Collection;)Z 2057 1 15924 0 0
ciMethodData java/util/concurrent/ConcurrentHashMap get (Ljava/lang/Object;)Ljava/lang/Object; 2 28059 orig 264 104 147 107 119 0 0 0 0 56 189 144 28 0 0 0 0 8 4 0 0 96 1 0 0 0 0 0 0 0 0 0 0 0 0 0 0 0 0 0 0 0 0 0 0 0 0 0 0 0 0 0 0 0 0 0 0 0 0 0 0 0 0 0 0 0 0 0 0 0 0 0 0 0 0 0 0 0 0 0 0 77 68 79 32 101 120 116 114 97 32 100 97 116 97 32 108 111 99 107 0 0 0 0 0 0 0 0 0 0 0 0 0 0 0 0 0 0 0 0 0 0 0 0 0 0 0 0 0 0 0 0 0 0 0 0 0 0 0 0 0 0 0 0 0 2 0 0 0 0 0 0 0 0 0 0 0 0 0 0 0 0 0 0 0 0 0 0 0 0 0 0 0 0 0 0 0 0 0 0 2 0 0 0 0 0 0 0 0 0 0 0 0 0 0 0 0 0 0 0 0 0 0 0 0 0 0 0 0 0 0 0 0 0 0 0 0 5 1 0 0 177 100 3 0 41 116 0 0 32 48 0 0 104 7 0 0 2 0 0 0 1 0 36 0 2 0 0 0 184 2 0 0 255 255 255 255 5 0 1 0 0 0 0 0 data 87 0x10005 0x5e78 0x1e84d7d0 0xc6d 0x1e824760 0x1b3 0x40002 0x6c96 0xf0007 0x4bc 0x278 0x67da 0x170007 0x0 0x258 0x67da 0x220002 0x67da 0x270007 0x39de 0x228 0x2dfe 0x330007 0x10a5 0xb0 0x1d59 0x3e0007 0xfc4 0x90 0xd95 0x430007 0x0 0xf8 0xd95 0x490005 0x5df 0x1e84d7d0 0x72c 0x1e824760 0x8a 0x4c0007 0xdb 0xa8 0xcba 0x56e007 0x108f 0x88 0x17 0x5d0005 0x0 0x1e84d880 0x17 0x0 0x0 0x630007 0x17 0x38 0x0 0x6b0003 0x0 0x18 0x760007 0xd2a 0xd0 0x815 0x7f0007 0x283 0xffffffffffffffe0 0x592 0x8a0007 0x19b 0x90 0x3f7 0x8f0007 0x0 0xffffffffffffffa0 0x3f7 0x950005 0x22f 0x1e84d7d0 0x1c2 0x1e824760 0x6 0x98e007 0x152 0xffffffffffffff50 0x2a6 oops 7 2 java/lang/invoke/MethodType$ConcurrentWeakInternSet$WeakEntry 4 java/lang/invoke/MemberName 36 java/lang/invoke/MethodType$ConcurrentWeakInternSet$WeakEntry 38 java/lang/invoke/MemberName 50 java/util/concurrent/ConcurrentHashMap$TreeBin 79 java/lang/invoke/MethodType$ConcurrentWeakInternSet$WeakEntry 81 java/lang/invoke/MemberName
ciMethodData java/util/AbstractList <init> ()V 2 66925 orig 264 104 147 107 119 0 0 0 0 72 99 131 28 0 0 0 0 48 1 0 0 0 0 0 0 0 0 0 0 0 0 0 0 0 0 0 0 0 0 0 0 0 0 0 0 0 0 0 0 0 0 0 0 0 0 0 0 0 0 0 0 0 0 0 0 0 0 0 0 0 0 0 0 0 0 0 0 0 0 0 0 77 68 79 32 101 120 116 114 97 32 100 97 116 97 32 108 111 99 107 0 0 0 0 0 0 0 0 0 0 0 0 0 0 0 0 0 0 0 0 0 0 0 0 0 0 0 0 0 0 0 0 0 0 0 0 0 0 0 0 0 0 0 0 0 0 0 0 0 0 0 0 0 0 0 0 0 0 0 0 0 0 0 0 0 0 0 0 0 0 0 0 0 0 0 0 0 0 0 0 0 0 0 0 0 1 0 0 0 0 0 0 0 0 0 0 0 0 0 0 0 1 0 0 0 0 0 0 0 0 0 0 0 0 0 0 0 0 1 0 0 105 35 8 0 1 0 0 0 0 0 0 0 0 0 0 0 2 0 0 0 0 0 3 0 2 0 0 0 16 0 0 0 255 255 255 255 2 0 1 0 0 0 0 0 data 2 0x10002 0x1046d oops 0
ciMethod java/lang/invoke/MethodHandle invokeBasic ()Ljava/lang/Object; 0 0 1 0 -1
ciMethod java/util/concurrent/ConcurrentHashMap$ReservationNode <init> ()V 2185 1 3209 0 -1
ciMethod java/lang/invoke/LambdaForm$MH identity_L (Ljava/lang/Object;)Ljava/lang/Object; 3081 1 118499 0 -1
ciMethodData java/lang/invoke/LambdaForm$MH identity_L (Ljava/lang/Object;)Ljava/lang/Object; 2 118499 orig 264 104 147 107 119 0 0 0 0 168 41 203 28 0 0 0 0 152 1 0 0 0 0 0 0 0 0 0 0 0 0 0 0 0 0 0 0 0 0 0 0 0 0 0 0 0 0 0 0 0 0 0 0 0 0 0 0 0 0 0 0 0 0 0 0 0 0 0 0 0 0 0 0 0 0 0 0 0 0 0 0 77 68 79 32 101 120 116 114 97 32 100 97 116 97 32 108 111 99 107 0 0 0 0 0 0 0 0 0 0 0 0 0 0 0 0 0 0 0 0 0 0 0 0 0 0 0 0 0 0 0 0 0 0 0 0 0 0 0 0 0 0 0 0 0 0 0 0 0 0 0 0 0 0 0 0 0 0 0 0 0 0 0 0 0 0 0 0 0 0 0 0 0 0 0 0 0 0 0 0 0 0 0 0 0 0 0 0 0 0 0 0 0 0 0 0 0 0 0 0 0 0 0 0 0 0 0 0 0 0 0 0 0 0 0 0 0 129 1 0 0 17 107 14 0 1 0 0 0 0 0 0 0 0 0 0 0 2 0 0 0 0 0 3 0 2 0 0 0 48 0 0 0 120 0 0 0 4 0 1 0 0 0 0 0 data 6 0x10004 0x0 0x249f1b40 0xfa8 0x0 0x0 oops 1 2 java/lang/invoke/BoundMethodHandle$Species_L
ciMethod java/lang/invoke/LambdaForm$MH linkToTargetMethod (Ljava/lang/Object;)Ljava/lang/Object; 3081 1 118493 0 -1
ciMethodData java/util/Arrays copyOf ([Ljava/lang/Object;I)[Ljava/lang/Object; 2 16288 orig 264 104 147 107 119 0 0 0 0 224 17 137 28 0 0 0 0 192 1 0 0 0 0 0 0 0 0 0 0 0 0 0 0 0 0 0 0 0 0 0 0 0 0 0 0 0 0 0 0 0 0 0 0 0 0 0 0 0 0 0 0 0 0 0 0 0 0 0 0 0 0 0 0 0 0 0 0 0 0 0 0 77 68 79 32 101 120 116 114 97 32 100 97 116 97 32 108 111 99 107 0 0 0 0 0 0 0 0 0 0 0 0 0 0 0 0 0 0 0 0 0 0 0 0 0 0 0 0 0 0 0 0 0 0 0 0 0 0 0 0 0 0 0 0 0 0 0 0 0 0 0 0 0 0 0 0 0 0 0 0 0 0 0 0 0 0 0 0 0 0 0 0 0 0 0 0 0 0 0 0 0 0 0 0 0 0 0 0 0 0 0 0 0 0 0 0 0 0 0 0 0 0 0 0 0 0 0 0 0 0 0 0 0 0 0 0 0 0 1 0 0 1 245 1 0 1 0 0 0 0 0 0 0 0 0 0 0 2 0 0 0 0 0 3 0 2 0 0 0 112 0 0 0 255 255 255 255 5 0 3 0 0 0 0 0 data 14 0x30005 0x238 0x20a801e0 0x3985 0x1eb5a800 0x2e7 0x60002 0x3ea2 0x90004 0x0 0x0 0x0 0x0 0x0 oops 2 2 [Ljava/lang/Object; 4 [Ljava/lang/reflect/Method;
ciMethodData java/util/ArrayList <init> ()V 2 20789 orig 264 104 147 107 119 0 0 0 0 216 249 131 28 0 0 0 0 48 1 0 0 0 0 0 0 0 0 0 0 0 0 0 0 0 0 0 0 0 0 0 0 0 0 0 0 0 0 0 0 0 0 0 0 0 0 0 0 0 0 0 0 0 0 0 0 0 0 0 0 0 0 0 0 0 0 0 0 0 0 0 0 77 68 79 32 101 120 116 114 97 32 100 97 116 97 32 108 111 99 107 0 0 0 0 0 0 0 0 0 0 0 0 0 0 0 0 0 0 0 0 0 0 0 0 0 0 0 0 0 0 0 0 0 0 0 0 0 0 0 0 0 0 0 0 0 0 0 0 0 0 0 0 0 0 0 0 0 0 0 0 0 0 0 0 0 0 0 0 0 0 0 0 0 0 0 0 0 0 0 0 0 0 0 0 0 1 0 0 0 0 0 0 0 0 0 0 0 0 0 0 0 1 0 0 0 0 0 0 0 0 0 0 0 0 0 0 0 130 0 0 0 153 133 2 0 1 0 0 0 0 0 0 0 0 0 0 0 2 0 0 0 0 0 3 0 2 0 0 0 16 0 0 0 255 255 255 255 2 0 1 0 0 0 0 0 data 2 0x10002 0x50b3 oops 0
ciMethodData java/util/ArrayList toArray ([Ljava/lang/Object;)[Ljava/lang/Object; 2 5258 orig 264 104 147 107 119 0 0 0 0 96 5 132 28 0 0 0 0 64 2 0 0 96 0 0 0 0 0 0 0 0 0 0 0 0 0 0 0 0 0 0 0 0 0 0 0 0 0 0 0 0 0 0 0 0 0 0 0 0 0 0 0 0 0 0 0 0 0 0 0 0 0 0 0 0 0 0 0 0 0 0 0 77 68 79 32 101 120 116 114 97 32 100 97 116 97 32 108 111 99 107 0 0 0 0 0 0 0 0 0 0 0 0 0 0 0 0 0 0 0 0 0 0 0 0 0 0 0 0 0 0 0 0 0 0 0 0 0 0 0 0 0 0 0 0 0 0 0 0 0 0 0 0 0 0 0 0 0 0 0 0 0 0 0 0 0 0 0 0 0 0 0 0 0 0 0 0 0 0 0 0 0 0 0 0 0 17 0 0 0 0 0 0 0 0 0 0 0 0 0 0 0 1 0 0 0 0 0 0 0 2 0 0 0 0 0 0 0 108 0 0 0 241 160 0 0 1 0 0 0 0 0 0 0 0 0 0 0 2 0 0 0 0 0 8 0 2 0 0 0 240 0 0 0 255 255 255 255 7 0 6 0 0 0 0 0 data 30 0x60007 0x8f7 0x90 0xb27 0x120005 0x3b1 0x1e945c50 0x771 0x223b8fb0 0x5 0x150002 0xb27 0x180004 0x0 0x0 0x0 0x0 0x0 0x270002 0x8f7 0x300007 0x8f7 0x50 0x0 0x390004 0x0 0x0 0x0 0x0 0x0 oops 2 6 [Ljava/lang/String; 8 [Lorg/springframework/beans/PropertyValue;
ciMethodData java/util/ArrayList$Itr hasNext ()Z 2 5795 orig 264 104 147 107 119 0 0 0 0 88 61 161 28 0 0 0 0 144 1 0 0 0 0 0 0 0 0 0 0 0 0 0 0 0 0 0 0 0 0 0 0 0 0 0 0 0 0 0 0 0 0 0 0 0 0 0 0 0 0 0 0 0 0 0 0 0 0 0 0 0 0 0 0 0 0 0 0 0 0 0 0 77 68 79 32 101 120 116 114 97 32 100 97 116 97 32 108 111 99 107 0 0 0 0 0 0 0 0 0 0 0 0 0 0 0 0 0 0 0 0 0 0 0 0 0 0 0 0 0 0 0 0 0 0 0 0 0 0 0 0 0 0 0 0 0 0 0 0 0 0 0 0 0 0 0 0 0 0 0 0 0 0 0 0 0 0 0 0 0 0 0 0 0 0 0 0 0 0 0 0 0 0 0 0 0 17 0 0 0 0 0 0 0 0 0 0 0 0 0 0 0 1 0 0 0 0 0 0 0 0 0 0 0 0 0 0 0 131 1 0 0 1 169 0 0 1 0 0 0 0 0 0 0 0 0 0 0 2 0 0 0 0 0 6 0 2 0 0 0 72 0 0 0 255 255 255 255 2 0 8 0 0 0 0 0 data 9 0x80002 0x1520 0xb0007 0x6fd 0x38 0xe23 0xf0003 0xe23 0x18 oops 0
ciMethod org/springframework/core/ResolvableType isInstance (Ljava/lang/Object;)Z 865 1 22199 0 -1
ciMethod org/springframework/core/ResolvableType isAssignableFrom (Ljava/lang/Class;)Z 2049 1 1605 0 -1
ciMethod org/springframework/core/ResolvableType isAssignableFrom (Lorg/springframework/core/ResolvableType;)Z 2073 1 1375 0 -1
ciMethod org/springframework/core/ResolvableType hasGenerics ()Z 1273 1 26156 0 -1
ciMethod org/springframework/core/ResolvableType resolve ()Ljava/lang/Class; 1041 1 130 0 -1
ciMethodData java/util/ArrayList$Itr checkForComodification ()V 2 5982 orig 264 104 147 107 119 0 0 0 0 200 64 161 28 0 0 0 0 80 1 0 0 0 0 0 0 0 0 0 0 0 0 0 0 0 0 0 0 0 0 0 0 0 0 0 0 0 0 0 0 0 0 0 0 0 0 0 0 0 0 0 0 0 0 0 0 0 0 0 0 0 0 0 0 0 0 0 0 0 0 0 0 77 68 79 32 101 120 116 114 97 32 100 97 116 97 32 108 111 99 107 0 0 0 0 0 0 0 0 0 0 0 0 0 0 0 0 0 0 0 0 0 0 0 0 0 0 0 0 0 0 0 0 0 0 0 0 0 0 0 0 0 0 0 0 0 0 0 0 0 0 0 0 0 0 0 0 0 0 0 0 0 0 0 0 0 0 0 0 0 0 0 0 0 0 0 0 0 0 0 0 0 0 0 0 0 25 0 0 0 0 0 0 0 0 0 0 0 0 0 0 0 1 0 0 0 0 0 0 0 0 0 0 0 0 0 0 0 0 2 0 0 241 170 0 0 1 0 0 0 0 0 0 0 0 0 0 0 2 0 0 0 0 0 5 0 2 0 0 0 48 0 0 0 255 255 255 255 7 0 11 0 0 0 0 0 data 6 0xb0007 0x155e 0x30 0x0 0x120002 0x0 oops 0
ciMethodData java/util/ArrayList$Itr next ()Ljava/lang/Object; 2 5858 orig 264 104 147 107 119 0 0 0 0 56 62 161 28 0 0 0 0 232 1 0 0 96 0 0 0 0 0 0 0 0 0 0 0 0 0 0 0 0 0 0 0 0 0 0 0 0 0 0 0 0 0 0 0 0 0 0 0 0 0 0 0 0 0 0 0 0 0 0 0 0 0 0 0 0 0 0 0 0 0 0 0 77 68 79 32 101 120 116 114 97 32 100 97 116 97 32 108 111 99 107 0 0 0 0 0 0 0 0 0 0 0 0 0 0 0 0 0 0 0 0 0 0 0 0 0 0 0 0 0 0 0 0 0 0 0 0 0 0 0 0 0 0 0 0 0 0 0 0 0 0 0 0 0 0 0 0 0 0 0 0 0 0 0 0 0 0 0 0 0 0 0 0 0 0 0 0 0 0 0 0 0 0 0 0 0 25 0 0 0 0 0 0 0 0 0 0 0 0 0 0 0 1 0 0 0 0 0 0 0 0 0 0 0 0 0 0 0 0 2 0 0 17 167 0 0 1 0 0 0 0 0 0 0 0 0 0 0 2 0 0 0 0 0 10 0 2 0 0 0 160 0 0 0 255 255 255 255 5 0 1 0 0 0 0 0 data 20 0x10005 0x83 0x1e946bc0 0x145f 0x0 0x0 0xe0002 0x14e2 0x110007 0x14e2 0x30 0x0 0x180002 0x0 0x270007 0x14e2 0x30 0x0 0x2e0002 0x0 oops 1 2 java/util/ArrayList$Itr
ciMethodData org/springframework/util/Assert notNull (Ljava/lang/Object;Ljava/lang/String;)V 2 276613 orig 264 104 147 107 119 0 0 0 0 104 92 191 28 0 0 0 0 88 1 0 0 0 0 0 0 0 0 0 0 0 0 0 0 0 0 0 0 0 0 0 0 0 0 0 0 0 0 0 0 0 0 0 0 0 0 0 0 0 0 0 0 0 0 0 0 0 0 0 0 0 0 0 0 0 0 0 0 0 0 0 0 77 68 79 32 101 120 116 114 97 32 100 97 116 97 32 108 111 99 107 0 0 0 0 0 0 0 0 0 0 0 0 0 0 0 0 0 0 0 0 0 0 0 0 0 0 0 0 0 0 0 0 0 0 0 0 0 0 0 0 0 0 0 0 0 0 0 0 0 0 0 0 0 0 0 0 0 0 0 0 0 0 0 0 0 0 0 0 0 0 0 0 0 0 0 0 0 0 0 0 0 0 0 0 0 25 0 0 0 0 0 0 0 0 0 0 0 0 0 0 0 1 0 0 0 0 0 0 0 0 0 0 0 0 0 0 0 10 1 0 0 217 187 33 0 1 0 0 0 0 0 0 0 0 0 0 0 2 0 0 0 0 0 5 0 2 0 0 0 48 0 0 0 255 255 255 255 7 0 1 0 0 0 0 0 data 6 0x10007 0x4377b 0x30 0x0 0x90002 0x0 oops 0
ciMethodData java/util/ArrayList iterator ()Ljava/util/Iterator; 2 5503 orig 264 104 147 107 119 0 0 0 0 176 23 132 28 0 0 0 0 48 1 0 0 0 0 0 0 0 0 0 0 0 0 0 0 0 0 0 0 0 0 0 0 0 0 0 0 0 0 0 0 0 0 0 0 0 0 0 0 0 0 0 0 0 0 0 0 0 0 0 0 0 0 0 0 0 0 0 0 0 0 0 0 77 68 79 32 101 120 116 114 97 32 100 97 116 97 32 108 111 99 107 0 0 0 0 0 0 0 0 0 0 0 0 0 0 0 0 0 0 0 0 0 0 0 0 0 0 0 0 0 0 0 0 0 0 0 0 0 0 0 0 0 0 0 0 0 0 0 0 0 0 0 0 0 0 0 0 0 0 0 0 0 0 0 0 0 0 0 0 0 0 0 0 0 0 0 0 0 0 0 0 0 0 0 0 0 13 0 0 0 0 0 0 0 0 0 0 0 0 0 0 0 0 0 0 0 0 0 0 0 0 0 0 0 0 0 0 0 3 1 0 0 225 163 0 0 1 0 0 0 0 0 0 0 0 0 0 0 2 0 0 0 0 0 3 0 2 0 0 0 16 0 0 0 255 255 255 255 2 0 5 0 0 0 0 0 data 2 0x50002 0x147c oops 0
ciMethodData java/util/ArrayList$Itr <init> (Ljava/util/ArrayList;)V 2 5514 orig 264 104 147 107 119 0 0 0 0 176 60 161 28 0 0 0 0 56 1 0 0 0 0 0 0 0 0 0 0 0 0 0 0 0 0 0 0 0 0 0 0 0 0 0 0 0 0 0 0 0 0 0 0 0 0 0 0 0 0 0 0 0 0 0 0 0 0 0 0 0 0 0 0 0 0 0 0 0 0 0 0 77 68 79 32 101 120 116 114 97 32 100 97 116 97 32 108 111 99 107 0 0 0 0 0 0 0 0 0 0 0 0 0 0 0 0 0 0 0 0 0 0 0 0 0 0 0 0 0 0 0 0 0 0 0 0 0 0 0 0 0 0 0 0 0 0 0 0 0 0 0 0 0 0 0 0 0 0 0 0 0 0 0 0 0 0 0 0 0 0 0 0 0 0 0 0 0 0 0 0 0 0 0 0 0 1 0 0 0 0 0 0 0 0 0 0 0 0 0 0 0 1 0 0 0 0 0 0 0 0 0 0 0 0 0 0 0 3 1 0 0 1 164 0 0 1 0 0 0 0 0 0 0 0 0 0 0 2 0 0 0 0 0 3 0 2 0 0 0 16 0 0 0 255 255 255 255 2 0 6 0 0 0 0 0 data 2 0x60002 0x1480 oops 0
ciMethodData java/util/LinkedHashMap$LinkedHashIterator hasNext ()Z 2 5516 orig 264 104 147 107 119 0 0 0 0 88 24 148 28 0 0 0 0 88 1 0 0 0 0 0 0 0 0 0 0 0 0 0 0 0 0 0 0 0 0 0 0 0 0 0 0 0 0 0 0 0 0 0 0 0 0 0 0 0 0 0 0 0 0 0 0 0 0 0 0 0 0 0 0 0 0 0 0 0 0 0 0 77 68 79 32 101 120 116 114 97 32 100 97 116 97 32 108 111 99 107 0 0 0 0 0 0 0 0 0 0 0 0 0 0 0 0 0 0 0 0 0 0 0 0 0 0 0 0 0 0 0 0 0 0 0 0 0 0 0 0 0 0 0 0 0 0 0 0 0 0 0 0 0 0 0 0 0 0 0 0 0 0 0 0 0 0 0 0 0 0 0 0 0 0 0 0 0 0 0 0 0 0 0 0 0 0 0 0 0 0 0 0 0 0 0 0 0 0 0 0 0 0 0 0 0 0 0 0 0 0 0 0 0 0 0 0 0 129 1 0 0 89 160 0 0 1 0 0 0 0 0 0 0 0 0 0 0 2 0 0 0 0 0 6 0 2 0 0 0 56 0 0 0 255 255 255 255 7 0 4 0 0 0 0 0 data 7 0x40007 0x5ff 0x38 0xe0c 0x80003 0xe0c 0x18 oops 0
ciMethodData java/util/LinkedHashMap$LinkedHashIterator nextNode ()Ljava/util/LinkedHashMap$Entry; 2 7576 orig 264 104 147 107 119 0 0 0 0 40 25 148 28 0 0 0 0 128 1 0 0 32 0 0 0 0 0 0 0 0 0 0 0 0 0 0 0 0 0 0 0 0 0 0 0 0 0 0 0 0 0 0 0 0 0 0 0 0 0 0 0 0 0 0 0 0 0 0 0 0 0 0 0 0 0 0 0 0 0 0 0 77 68 79 32 101 120 116 114 97 32 100 97 116 97 32 108 111 99 107 0 0 0 0 0 0 0 0 0 0 0 0 0 0 0 0 0 0 0 0 0 0 0 0 0 0 0 0 0 0 0 0 0 0 0 0 0 0 0 0 0 0 0 0 0 0 0 0 0 0 0 0 0 0 0 0 0 0 0 0 0 0 0 0 0 0 0 0 0 0 0 0 0 0 0 0 0 0 0 0 0 0 0 0 0 0 0 0 0 0 0 0 0 0 0 0 0 0 0 0 0 0 0 0 0 0 0 0 0 0 0 0 0 0 0 0 0 136 1 0 0 129 224 0 0 1 0 0 0 0 0 0 0 0 0 0 0 2 0 0 0 0 0 7 0 2 0 0 0 96 0 0 0 255 255 255 255 7 0 16 0 0 0 0 0 data 12 0x100007 0x1c10 0x30 0x0 0x170002 0x0 0x1c0007 0x1c10 0x30 0x0 0x230002 0x0 oops 0
ciMethodData java/lang/invoke/LambdaForm$MH linkToTargetMethod (Ljava/lang/Object;)Ljava/lang/Object; 2 118493 orig 264 104 147 107 119 0 0 0 0 168 45 203 28 0 0 0 0 216 1 0 0 0 0 0 0 0 0 0 0 0 0 0 0 0 0 0 0 0 0 0 0 0 0 0 0 0 0 0 0 0 0 0 0 0 0 0 0 0 0 0 0 0 0 0 0 0 0 0 0 0 0 0 0 0 0 0 0 0 0 0 0 77 68 79 32 101 120 116 114 97 32 100 97 116 97 32 108 111 99 107 0 0 0 0 0 0 0 0 0 0 0 0 0 0 0 0 0 0 0 0 0 0 0 0 0 0 0 0 0 0 0 0 0 0 0 0 0 0 0 0 0 0 0 0 0 0 0 0 0 0 0 0 0 0 0 0 0 0 0 0 0 0 0 0 0 0 0 0 0 0 0 0 0 0 0 0 0 0 0 0 0 0 0 0 0 0 0 0 0 0 0 0 0 0 0 0 0 0 0 0 0 0 0 0 0 0 0 0 0 0 0 0 0 0 0 0 0 129 1 0 0 225 106 14 0 1 0 0 0 0 0 0 0 0 0 0 0 2 0 0 0 0 0 3 0 2 0 0 0 112 0 0 0 184 0 0 0 4 0 1 0 0 0 0 0 data 14 0x10004 0x0 0x249f1b40 0xfa2 0x0 0x0 0x4000b 0x1bdba 0x249f1b40 0xfa2 0x0 0x0 0x1 0x2 oops 2 2 java/lang/invoke/BoundMethodHandle$Species_L 8 java/lang/invoke/BoundMethodHandle$Species_L
ciMethodData java/util/LinkedHashMap$LinkedKeyIterator next ()Ljava/lang/Object; 2 5526 orig 264 104 147 107 119 0 0 0 0 80 19 148 28 0 0 0 0 168 1 0 0 0 0 0 0 0 0 0 0 0 0 0 0 0 0 0 0 0 0 0 0 0 0 0 0 0 0 0 0 0 0 0 0 0 0 0 0 0 0 0 0 0 0 0 0 0 0 0 0 0 0 0 0 0 0 0 0 0 0 0 0 77 68 79 32 101 120 116 114 97 32 100 97 116 97 32 108 111 99 107 0 0 0 0 0 0 0 0 0 0 0 0 0 0 0 0 0 0 0 0 0 0 0 0 0 0 0 0 0 0 0 0 0 0 0 0 0 0 0 0 0 0 0 0 0 0 0 0 0 0 0 0 0 0 0 0 0 0 0 0 0 0 0 0 0 0 0 0 0 0 0 0 0 0 0 0 0 0 0 0 0 0 0 0 0 0 0 0 0 0 0 0 0 0 0 0 0 0 0 0 0 0 0 0 0 0 0 0 0 0 0 0 0 0 0 0 0 133 1 0 0 137 160 0 0 1 0 0 0 0 0 0 0 0 0 0 0 2 0 0 0 0 0 3 0 2 0 0 0 96 0 0 0 255 255 255 255 5 0 1 0 0 0 0 0 data 12 0x10005 0x6 0x1e946e80 0x140b 0x0 0x0 0x40005 0x6 0x21712610 0x140b 0x0 0x0 oops 2 2 java/util/LinkedHashMap$LinkedKeyIterator 8 java/util/LinkedHashMap$Entry
ciMethod java/util/concurrent/locks/LockSupport unpark (Ljava/lang/Thread;)V 1969 1 245 0 -1
ciMethodData org/springframework/util/StringUtils toStringArray (Ljava/util/Collection;)[Ljava/lang/String; 2 13633 orig 264 104 147 107 119 0 0 0 0 8 191 194 28 0 0 0 0 240 1 0 0 0 0 0 0 0 0 0 0 0 0 0 0 0 0 0 0 0 0 0 0 0 0 0 0 0 0 0 0 0 0 0 0 0 0 0 0 0 0 0 0 0 0 0 0 0 0 0 0 0 0 0 0 0 0 0 0 0 0 0 0 77 68 79 32 101 120 116 114 97 32 100 97 116 97 32 108 111 99 107 0 0 0 0 0 0 0 0 0 0 0 0 0 0 0 0 0 0 0 0 0 0 0 0 0 0 0 0 0 0 0 0 0 0 0 0 0 0 0 0 0 0 0 0 0 0 0 0 0 0 0 0 0 0 0 0 0 0 0 0 0 0 0 0 0 0 0 0 0 0 0 0 0 0 0 0 0 0 0 0 0 0 0 0 0 0 0 0 0 0 0 0 0 0 0 0 0 0 0 0 0 0 0 0 0 0 0 0 0 0 0 0 0 0 0 0 0 1 1 0 0 1 162 1 0 1 0 0 0 0 0 0 0 0 0 0 0 2 0 0 0 0 0 13 0 2 0 0 0 168 0 0 0 255 255 255 255 2 0 1 0 0 0 0 0 data 21 0x10002 0x3440 0x40007 0x13d1 0x98 0x206f 0xb0005 0x161b 0x1e946b10 0x9e8 0x1eb5bd10 0x6c 0x100004 0x0 0x1e945c50 0x206f 0x0 0x0 0x130003 0x206f 0x18 oops 3 8 java/util/ArrayList 10 java/util/HashMap$KeySet 14 [Ljava/lang/String;
ciMethodData org/springframework/util/CollectionUtils isEmpty (Ljava/util/Collection;)Z 2 15924 orig 264 104 147 107 119 0 0 0 0 0 244 194 28 0 0 0 0 208 1 0 0 80 0 0 0 0 0 0 0 0 0 0 0 0 0 0 0 0 0 0 0 0 0 0 0 0 0 0 0 0 0 0 0 0 0 0 0 0 0 0 0 0 0 0 0 0 0 0 0 0 0 0 0 0 0 0 0 0 0 0 0 77 68 79 32 101 120 116 114 97 32 100 97 116 97 32 108 111 99 107 0 0 0 0 0 0 0 0 0 0 0 0 0 0 0 0 0 0 0 0 0 0 0 0 0 0 0 0 0 0 0 0 0 0 0 0 0 0 0 0 0 0 0 0 0 0 0 0 0 0 0 0 0 0 0 0 0 0 0 0 0 0 0 0 0 0 0 0 0 0 0 0 0 0 0 0 0 0 0 0 0 0 0 0 0 0 0 0 0 0 0 0 0 0 0 0 0 0 0 0 0 0 0 0 0 0 0 0 0 0 0 0 0 0 0 0 0 1 1 0 0 153 233 1 0 1 0 0 0 0 0 0 0 0 0 0 0 2 0 0 0 0 0 9 0 2 0 0 0 136 0 0 0 255 255 255 255 7 0 1 0 0 0 0 0 data 17 0x10007 0x2d9 0x70 0x3a5a 0x50005 0x2325 0x1e946b10 0x16c9 0x1eb5bd10 0x6c 0xa0007 0x266c 0x38 0x13ee 0xe0003 0x16c7 0x18 oops 2 6 java/util/ArrayList 8 java/util/HashMap$KeySet
ciMethodData java/util/concurrent/ConcurrentHashMap computeIfAbsent (Ljava/lang/Object;Ljava/util/function/Function;)Ljava/lang/Object; 2 10186 orig 264 104 147 107 119 0 0 0 0 192 216 144 28 0 0 0 0 96 8 0 0 128 0 0 0 0 0 0 0 0 0 0 0 0 0 0 0 0 0 0 0 0 0 0 0 0 0 0 0 0 0 0 0 0 0 0 0 0 0 0 0 0 0 0 0 0 0 0 0 0 0 0 0 0 0 0 0 0 0 0 0 77 68 79 32 101 120 116 114 97 32 100 97 116 97 32 108 111 99 107 0 0 0 0 0 0 0 0 0 0 0 0 0 0 0 0 0 0 0 0 0 0 0 0 0 0 0 0 0 0 0 0 0 0 0 0 0 0 0 0 0 0 0 0 0 0 0 0 0 0 0 0 0 0 0 0 0 0 0 0 0 0 0 0 0 0 0 0 0 0 0 0 0 0 0 0 0 0 0 0 0 0 0 0 0 0 0 0 0 0 0 0 0 0 0 0 0 0 0 0 0 0 0 0 0 0 0 0 0 0 0 0 0 0 0 0 0 145 1 0 0 161 44 1 0 105 65 0 0 0 0 0 0 0 0 0 0 2 0 0 0 2 0 71 0 2 0 0 0 8 7 0 0 255 255 255 255 7 0 1 0 0 0 0 0 data 225 0x10007 0x0 0x40 0x2594 0x50007 0x2594 0x30 0x0 0xc0002 0x0 0x110005 0x78b 0x3542f70 0x645 0x3542ee0 0x17c4 0x140002 0x2594 0x260007 0x9f 0x40 0x2594 0x2f0007 0x2594 0x48 0x0 0x330002 0x9f 0x380003 0x9f 0x5e0 0x460002 0x2594 0x4c0007 0x1a1c 0x160 0xb78 0x530002 0xb78 0x650002 0xb78 0x680007 0x0 0xb8 0xb78 0x730005 0xb58 0x27275d10 0x2 0x27275df0 0x1e 0x7b0007 0x0 0x30 0xb78 0x870002 0xb78 0x920002 0xb78 0x950003 0xb78 0x28 0xa00002 0x0 0xa90003 0xb78 0x18 0xb60007 0x0 0x38 0xb78 0xb90003 0xb78 0x4a0 0xbc0003 0x0 0x470 0xc80007 0x1a1c 0x68 0x0 0xd00005 0x0 0x0 0x0 0x0 0x0 0xd50003 0x0 0x408 0xe50002 0x1a1c 0xea0007 0x0 0x358 0x1a1c 0xef0007 0x0 0x1b0 0x1a1c 0xff0007 0xa40 0xc8 0x176a 0x10b0007 0x6cf 0x90 0x109b 0x1100007 0x0 0x88 0x109b 0x1160005 0x4 0x3542ee0 0x106e 0x27275ea0 0x29 0x1190007 0x0 0x38 0x109b 0x1230003 0x176a 0xc8 0x1320007 0x78e 0x98 0x2b2 0x1370005 0x286 0x27275f80 0x21 0x27275df0 0xb 0x13f0007 0x0 0x60 0x2b2 0x1500002 0x2b2 0x1560003 0x2b2 0x30 0x15c0003 0x78e 0xfffffffffffffea0 0x15f0003 0x1a1c 0x1a0 0x1640004 0x0 0x0 0x0 0x0 0x0 0x1670007 0x0 0x158 0x0 0x16f0004 0x0 0x0 0x0 0x0 0x0 0x17c0007 0x0 0x88 0x0 0x1840005 0x0 0x0 0x0 0x0 0x0 0x18a0007 0x0 0x38 0x0 0x1940003 0x0 0x98 0x1990005 0x0 0x0 0x0 0x0 0x0 0x1a10007 0x0 0x50 0x0 0x1ad0005 0x0 0x0 0x0 0x0 0x0 0x1b40003 0x1a1c 0x18 0x1c10007 0x0 0x70 0x1a1c 0x1c80007 0x1a1c 0x30 0x0 0x1d00002 0x0 0x1d50007 0x2b2 0x38 0x176a 0x1db0003 0x9f 0xfffffffffffff9d0 0x1e00007 0x0 0x30 0xe2a 0x1e70002 0xe2a oops 8 12 java/lang/Class 14 java/lang/String 47 org/springframework/core/io/DefaultResourceLoader$$Lambda$109 49 org/springframework/context/annotation/AnnotationBeanNameGenerator$$Lambda$123 114 java/lang/String 116 org/springframework/core/convert/converter/GenericConverter$ConvertiblePair 131 org/springframework/beans/factory/support/AbstractAutowireCapableBeanFactory$$Lambda$170 133 org/springframework/context/annotation/AnnotationBeanNameGenerator$$Lambda$123
ciMethodData java/util/HashMap$HashIterator <init> (Ljava/util/HashMap;)V 2 12234 orig 264 104 147 107 119 0 0 0 0 248 49 165 28 0 0 0 0 184 1 0 0 48 0 0 0 0 0 0 0 0 0 0 0 0 0 0 0 0 0 0 0 0 0 0 0 0 0 0 0 0 0 0 0 0 0 0 0 0 0 0 0 0 0 0 0 0 0 0 0 0 0 0 0 0 0 0 0 0 0 0 0 77 68 79 32 101 120 116 114 97 32 100 97 116 97 32 108 111 99 107 0 0 0 0 0 0 0 0 0 0 0 0 0 0 0 0 0 0 0 0 0 0 0 0 0 0 0 0 0 0 0 0 0 0 0 0 0 0 0 0 0 0 0 0 0 0 0 0 0 0 0 0 0 0 0 0 0 0 0 0 0 0 0 0 0 0 0 0 0 0 0 0 0 0 0 0 0 0 0 0 0 0 0 0 0 0 0 0 0 0 0 0 0 0 0 0 0 0 0 0 0 0 0 0 0 0 0 0 0 0 0 0 0 0 0 0 0 249 1 0 0 169 129 0 0 137 110 1 0 0 0 0 0 0 0 0 0 2 0 0 0 1 0 13 0 2 0 0 0 144 0 0 0 255 255 255 255 2 0 6 0 0 0 0 0 data 18 0x60002 0x1035 0x260007 0xb8 0x80 0xf7d 0x2d0007 0x4 0x60 0xf79 0x360007 0x0 0x40 0x2dd1 0x4b0007 0x1e58 0xffffffffffffffe0 0xf79 oops 0
ciMethod org/springframework/beans/factory/config/ConfigurableBeanFactory isFactoryBean (Ljava/lang/String;)Z 0 0 1 0 -1
ciMethod org/springframework/beans/factory/support/DefaultListableBeanFactory containsBeanDefinition (Ljava/lang/String;)Z 2049 1 6379 0 1248
ciMethod org/springframework/beans/factory/support/DefaultListableBeanFactory doGetBeanNamesForType (Lorg/springframework/core/ResolvableType;ZZ)[Ljava/lang/String; 849 49473 782 0 -1
ciMethod org/springframework/beans/factory/support/DefaultListableBeanFactory isSingleton (Ljava/lang/String;Lorg/springframework/beans/factory/support/RootBeanDefinition;Lorg/springframework/beans/factory/config/BeanDefinitionHolder;)Z 2401 1 2869 0 0
ciMethod org/springframework/beans/factory/support/DefaultListableBeanFactory requiresEagerInitForType (Ljava/lang/String;)Z 3105 1 47031 0 4512
ciMethod org/springframework/beans/factory/support/AbstractBeanFactory getBean (Ljava/lang/String;)Ljava/lang/Object; 281 1 828 1 -1
ciMethod org/springframework/beans/factory/support/AbstractBeanFactory isSingleton (Ljava/lang/String;)Z 2401 1 2871 0 0
ciMethod org/springframework/beans/factory/support/AbstractBeanFactory isTypeMatch (Ljava/lang/String;Lorg/springframework/core/ResolvableType;)Z 3097 1 8942 0 0
ciMethod org/springframework/beans/factory/support/AbstractBeanFactory isTypeMatch (Ljava/lang/String;Lorg/springframework/core/ResolvableType;Z)Z 2457 1 81379 0 -1
ciMethod org/springframework/beans/factory/support/AbstractBeanFactory getParentBeanFactory ()Lorg/springframework/beans/factory/BeanFactory; 1385 1 173 0 0
ciMethod org/springframework/beans/factory/support/AbstractBeanFactory isFactoryBean (Ljava/lang/String;)Z 3089 1 7874 0 4480
ciMethod org/springframework/beans/factory/support/AbstractBeanFactory transformedBeanName (Ljava/lang/String;)Ljava/lang/String; 3337 1 73182 0 1568
ciMethod org/springframework/beans/factory/support/AbstractBeanFactory originalBeanName (Ljava/lang/String;)Ljava/lang/String; 0 0 80 0 -1
ciMethod org/springframework/beans/factory/support/AbstractBeanFactory getMergedLocalBeanDefinition (Ljava/lang/String;)Lorg/springframework/beans/factory/support/RootBeanDefinition; 2241 1 14457 1 3296
ciMethod org/springframework/beans/factory/support/AbstractBeanFactory getMergedBeanDefinition (Ljava/lang/String;Lorg/springframework/beans/factory/config/BeanDefinition;)Lorg/springframework/beans/factory/support/RootBeanDefinition; 209 1 955 0 -1
ciMethod org/springframework/beans/factory/support/AbstractBeanFactory getMergedBeanDefinition (Ljava/lang/String;Lorg/springframework/beans/factory/config/BeanDefinition;Lorg/springframework/beans/factory/config/BeanDefinition;)Lorg/springframework/beans/factory/support/RootBeanDefinition; 209 1 2048 0 -1
ciMethod org/springframework/beans/factory/support/AbstractBeanFactory predictBeanType (Ljava/lang/String;Lorg/springframework/beans/factory/support/RootBeanDefinition;[Ljava/lang/Class;)Ljava/lang/Class; 0 0 1 0 -1
ciMethod org/springframework/beans/factory/support/AbstractBeanFactory isFactoryBean (Ljava/lang/String;Lorg/springframework/beans/factory/support/RootBeanDefinition;)Z 2009 1 6695 0 2304
ciMethod org/springframework/beans/factory/support/AbstractBeanFactory getTypeForFactoryBean (Ljava/lang/String;Lorg/springframework/beans/factory/support/RootBeanDefinition;Z)Lorg/springframework/core/ResolvableType; 0 0 1 0 -1
ciMethod org/springframework/beans/factory/support/AbstractBeanFactory containsBeanDefinition (Ljava/lang/String;)Z 0 0 1 0 -1
ciMethod org/springframework/beans/factory/support/AbstractBeanFactory getBeanDefinition (Ljava/lang/String;)Lorg/springframework/beans/factory/config/BeanDefinition; 0 0 1 0 -1
ciMethod org/springframework/beans/factory/support/FactoryBeanRegistrySupport getTypeForFactoryBean (Lorg/springframework/beans/factory/FactoryBean;)Ljava/lang/Class; 73 1 1777 0 -1
ciMethod org/springframework/beans/factory/support/DefaultSingletonBeanRegistry getSingleton (Ljava/lang/String;Z)Ljava/lang/Object; 47281 1 12190 0 7328
ciMethod org/springframework/beans/factory/support/DefaultSingletonBeanRegistry containsSingleton (Ljava/lang/String;)Z 3537 1 78195 0 1248
ciMethod org/springframework/beans/factory/support/DefaultSingletonBeanRegistry isSingletonCurrentlyInCreation (Ljava/lang/String;)Z 2025 1 5837 0 -1
ciMethod org/springframework/core/SimpleAliasRegistry isAlias (Ljava/lang/String;)Z 2145 1 137039 0 1344
ciMethod org/springframework/core/SimpleAliasRegistry canonicalName (Ljava/lang/String;)Ljava/lang/String; 2169 1 69231 0 1376
ciMethod org/springframework/beans/factory/support/AbstractBeanDefinition hasBeanClass ()Z 3113 1 51847 0 64
ciMethod org/springframework/beans/factory/support/AbstractBeanDefinition isSingleton ()Z 1809 1 5192 0 0
ciMethod org/springframework/beans/factory/support/AbstractBeanDefinition isAbstract ()Z 1113 1 139 0 0
ciMethod org/springframework/beans/factory/support/AbstractBeanDefinition isLazyInit ()Z 193 1 19872 0 0
ciMethod org/springframework/beans/factory/support/AbstractBeanDefinition getFactoryBeanName ()Ljava/lang/String; 1169 1 146 0 0
ciMethod org/springframework/beans/factory/support/RootBeanDefinition getDecoratedDefinition ()Lorg/springframework/beans/factory/config/BeanDefinitionHolder; 1025 1 128 0 0
ciMethod org/springframework/beans/factory/support/RootBeanDefinition getTargetType ()Ljava/lang/Class; 1769 1 14024 0 -1
ciMethod org/springframework/beans/factory/ObjectFactory getObject ()Ljava/lang/Object; 0 0 1 0 -1
ciMethod org/springframework/beans/factory/config/BeanDefinitionHolder getBeanDefinition ()Lorg/springframework/beans/factory/config/BeanDefinition; 1025 1 128 0 -1
ciMethod org/springframework/beans/factory/config/BeanDefinitionHolder getBeanName ()Ljava/lang/String; 1025 1 128 0 -1
ciMethodData java/util/concurrent/ConcurrentHashMap containsKey (Ljava/lang/Object;)Z 2 8312 orig 264 104 147 107 119 0 0 0 0 216 189 144 28 0 0 0 0 184 1 0 0 0 0 0 0 0 0 0 0 0 0 0 0 0 0 0 0 0 0 0 0 0 0 0 0 0 0 0 0 0 0 0 0 0 0 0 0 0 0 0 0 0 0 0 0 0 0 0 0 0 0 0 0 0 0 0 0 0 0 0 0 77 68 79 32 101 120 116 114 97 32 100 97 116 97 32 108 111 99 107 0 0 0 0 0 0 0 0 0 0 0 0 0 0 0 0 0 0 0 0 0 0 0 0 0 0 0 0 0 0 0 0 0 0 0 0 0 0 0 0 0 0 0 0 0 0 0 0 0 0 0 0 0 0 0 0 0 0 0 0 0 0 0 0 0 0 0 0 0 0 0 0 0 0 0 0 0 0 0 0 0 0 0 0 0 0 0 0 0 0 0 0 0 0 0 0 0 0 0 0 0 0 0 0 0 0 0 0 0 0 0 0 0 0 0 0 0 3 1 0 0 169 251 0 0 1 0 0 0 0 0 0 0 0 0 0 0 2 0 0 0 0 0 6 0 2 0 0 0 104 0 0 0 255 255 255 255 5 0 2 0 0 0 0 0 data 13 0x20005 0x0 0x211b3850 0x1f75 0x0 0x0 0x50007 0x14e0 0x38 0xa95 0x90003 0xa95 0x18 oops 1 2 java/util/concurrent/ConcurrentHashMap
ciMethod org/springframework/beans/factory/BeanFactoryUtils isFactoryDereference (Ljava/lang/String;)Z 2177 1 62071 0 128
ciMethod org/springframework/beans/factory/BeanFactoryUtils transformedBeanName (Ljava/lang/String;)Ljava/lang/String; 3337 1 7100 0 224
ciMethod org/springframework/beans/factory/FactoryBean isSingleton ()Z 41 1 5 0 -1
ciMethodData java/util/ArrayList isEmpty ()Z 2 7873 orig 264 104 147 107 119 0 0 0 0 200 0 132 28 0 0 0 0 88 1 0 0 0 0 0 0 0 0 0 0 0 0 0 0 0 0 0 0 0 0 0 0 0 0 0 0 0 0 0 0 0 0 0 0 0 0 0 0 0 0 0 0 0 0 0 0 0 0 0 0 0 0 0 0 0 0 0 0 0 0 0 0 77 68 79 32 101 120 116 114 97 32 100 97 116 97 32 108 111 99 107 0 0 0 0 0 0 0 0 0 0 0 0 0 0 0 0 0 0 0 0 0 0 0 0 0 0 0 0 0 0 0 0 0 0 0 0 0 0 0 0 0 0 0 0 0 0 0 0 0 0 0 0 0 0 0 0 0 0 0 0 0 0 0 0 0 0 0 0 0 0 0 0 0 0 0 0 0 0 0 0 0 0 0 0 0 0 0 0 0 0 0 0 0 0 0 0 0 0 0 0 0 0 0 0 0 0 0 0 0 0 0 0 0 0 0 0 0 0 1 0 0 9 238 0 0 1 0 0 0 0 0 0 0 0 0 0 0 2 0 0 0 0 0 6 0 2 0 0 0 56 0 0 0 255 255 255 255 7 0 4 0 0 0 0 0 data 7 0x40007 0x1402 0x38 0x9bf 0x80003 0x9bf 0x18 oops 0
ciMethodData java/util/LinkedHashMap$LinkedHashIterator <init> (Ljava/util/LinkedHashMap;)V 2 9390 orig 264 104 147 107 119 0 0 0 0 184 23 148 28 0 0 0 0 56 1 0 0 0 0 0 0 0 0 0 0 0 0 0 0 0 0 0 0 0 0 0 0 0 0 0 0 0 0 0 0 0 0 0 0 0 0 0 0 0 0 0 0 0 0 0 0 0 0 0 0 0 0 0 0 0 0 0 0 0 0 0 0 77 68 79 32 101 120 116 114 97 32 100 97 116 97 32 108 111 99 107 0 0 0 0 0 0 0 0 0 0 0 0 0 0 0 0 0 0 0 0 0 0 0 0 0 0 0 0 0 0 0 0 0 0 0 0 0 0 0 0 0 0 0 0 0 0 0 0 0 0 0 0 0 0 0 0 0 0 0 0 0 0 0 0 0 0 0 0 0 0 0 0 0 0 0 0 0 0 0 0 0 0 0 0 0 0 0 0 0 0 0 0 0 0 0 0 0 0 0 0 0 0 0 0 0 0 0 0 0 0 0 0 0 0 0 0 0 128 1 0 0 113 25 1 0 1 0 0 0 0 0 0 0 0 0 0 0 2 0 0 0 0 0 3 0 2 0 0 0 16 0 0 0 255 255 255 255 2 0 6 0 0 0 0 0 data 2 0x60002 0x232e oops 0
ciMethodData java/util/HashSet iterator ()Ljava/util/Iterator; 2 10237 orig 264 104 147 107 119 0 0 0 0 112 107 147 28 0 0 0 0 168 1 0 0 0 0 0 0 0 0 0 0 0 0 0 0 0 0 0 0 0 0 0 0 0 0 0 0 0 0 0 0 0 0 0 0 0 0 0 0 0 0 0 0 0 0 0 0 0 0 0 0 0 0 0 0 0 0 0 0 0 0 0 0 77 68 79 32 101 120 116 114 97 32 100 97 116 97 32 108 111 99 107 0 0 0 0 0 0 0 0 0 0 0 0 0 0 0 0 0 0 0 0 0 0 0 0 0 0 0 0 0 0 0 0 0 0 0 0 0 0 0 0 0 0 0 0 0 0 0 0 0 0 0 0 0 0 0 0 0 0 0 0 0 0 0 0 0 0 0 0 0 0 0 0 0 0 0 0 0 0 0 0 0 0 0 0 0 0 0 0 0 0 0 0 0 0 0 0 0 0 0 0 0 0 0 0 0 0 0 0 0 0 0 0 0 0 0 0 0 1 1 0 0 225 55 1 0 1 0 0 0 0 0 0 0 0 0 0 0 2 0 0 0 0 0 3 0 2 0 0 0 96 0 0 0 255 255 255 255 5 0 4 0 0 0 0 0 data 12 0x40005 0x0 0x1eb5bbb0 0x163d 0x1eb5b640 0x10bf 0x70005 0x0 0x1eb5bc60 0x163d 0x1eb5bd10 0x10bf oops 4 2 java/util/LinkedHashMap 4 java/util/HashMap 8 java/util/LinkedHashMap$LinkedKeySet 10 java/util/HashMap$KeySet
ciMethodData java/util/LinkedHashMap keySet ()Ljava/util/Set; 2 5525 orig 264 104 147 107 119 0 0 0 0 176 47 141 28 0 0 0 0 80 1 0 0 0 0 0 0 0 0 0 0 0 0 0 0 0 0 0 0 0 0 0 0 0 0 0 0 0 0 0 0 0 0 0 0 0 0 0 0 0 0 0 0 0 0 0 0 0 0 0 0 0 0 0 0 0 0 0 0 0 0 0 0 77 68 79 32 101 120 116 114 97 32 100 97 116 97 32 108 111 99 107 0 0 0 0 0 0 0 0 0 0 0 0 0 0 0 0 0 0 0 0 0 0 0 0 0 0 0 0 0 0 0 0 0 0 0 0 0 0 0 0 0 0 0 0 0 0 0 0 0 0 0 0 0 0 0 0 0 0 0 0 0 0 0 0 0 0 0 0 0 0 0 0 0 0 0 0 0 0 0 0 0 0 0 0 0 0 0 0 0 0 0 0 0 0 0 0 0 0 0 0 0 0 0 0 0 0 0 0 0 0 0 0 0 0 0 0 0 131 1 0 0 145 160 0 0 1 0 0 0 0 0 0 0 0 0 0 0 2 0 0 0 0 0 6 0 2 0 0 0 48 0 0 0 255 255 255 255 7 0 6 0 0 0 0 0 data 6 0x60007 0xb67 0x30 0x8ab 0xe0002 0x8ab oops 0
ciMethodData java/util/LinkedHashMap$LinkedKeySet <init> (Ljava/util/LinkedHashMap;)V 2 2344 orig 264 104 147 107 119 0 0 0 0 192 8 148 28 0 0 0 0 56 1 0 0 0 0 0 0 0 0 0 0 0 0 0 0 0 0 0 0 0 0 0 0 0 0 0 0 0 0 0 0 0 0 0 0 0 0 0 0 0 0 0 0 0 0 0 0 0 0 0 0 0 0 0 0 0 0 0 0 0 0 0 0 77 68 79 32 101 120 116 114 97 32 100 97 116 97 32 108 111 99 107 0 0 0 0 0 0 0 0 0 0 0 0 0 0 0 0 0 0 0 0 0 0 0 0 0 0 0 0 0 0 0 0 0 0 0 0 0 0 0 0 0 0 0 0 0 0 0 0 0 0 0 0 0 0 0 0 0 0 0 0 0 0 0 0 0 0 0 0 0 0 0 0 0 0 0 0 0 0 0 0 0 0 0 0 0 0 0 0 0 0 0 0 0 0 0 0 0 0 0 0 0 0 0 0 0 0 0 0 0 0 0 0 0 0 0 0 0 125 0 0 0 89 69 0 0 1 0 0 0 0 0 0 0 0 0 0 0 2 0 0 0 0 0 0 0 0 0 0 0 16 0 0 0 255 255 255 255 2 0 6 0 0 0 0 0 data 2 0x60002 0x8ab oops 0
ciMethodData java/util/LinkedHashMap$LinkedKeySet iterator ()Ljava/util/Iterator; 2 5531 orig 264 104 147 107 119 0 0 0 0 144 10 148 28 0 0 0 0 48 1 0 0 0 0 0 0 0 0 0 0 0 0 0 0 0 0 0 0 0 0 0 0 0 0 0 0 0 0 0 0 0 0 0 0 0 0 0 0 0 0 0 0 0 0 0 0 0 0 0 0 0 0 0 0 0 0 0 0 0 0 0 0 77 68 79 32 101 120 116 114 97 32 100 97 116 97 32 108 111 99 107 0 0 0 0 0 0 0 0 0 0 0 0 0 0 0 0 0 0 0 0 0 0 0 0 0 0 0 0 0 0 0 0 0 0 0 0 0 0 0 0 0 0 0 0 0 0 0 0 0 0 0 0 0 0 0 0 0 0 0 0 0 0 0 0 0 0 0 0 0 0 0 0 0 0 0 0 0 0 0 0 0 0 0 0 0 0 0 0 0 0 0 0 0 0 0 0 0 0 0 0 0 0 0 0 0 0 0 0 0 0 0 0 0 0 0 0 0 131 1 0 0 193 160 0 0 1 0 0 0 0 0 0 0 0 0 0 0 2 0 0 0 0 0 3 0 2 0 0 0 16 0 0 0 255 255 255 255 2 0 8 0 0 0 0 0 data 2 0x80002 0x1418 oops 0
ciMethodData java/util/LinkedHashMap$LinkedKeyIterator <init> (Ljava/util/LinkedHashMap;)V 2 5531 orig 264 104 147 107 119 0 0 0 0 184 18 148 28 0 0 0 0 56 1 0 0 0 0 0 0 0 0 0 0 0 0 0 0 0 0 0 0 0 0 0 0 0 0 0 0 0 0 0 0 0 0 0 0 0 0 0 0 0 0 0 0 0 0 0 0 0 0 0 0 0 0 0 0 0 0 0 0 0 0 0 0 77 68 79 32 101 120 116 114 97 32 100 97 116 97 32 108 111 99 107 0 0 0 0 0 0 0 0 0 0 0 0 0 0 0 0 0 0 0 0 0 0 0 0 0 0 0 0 0 0 0 0 0 0 0 0 0 0 0 0 0 0 0 0 0 0 0 0 0 0 0 0 0 0 0 0 0 0 0 0 0 0 0 0 0 0 0 0 0 0 0 0 0 0 0 0 0 0 0 0 0 0 0 0 0 0 0 0 0 0 0 0 0 0 0 0 0 0 0 0 0 0 0 0 0 0 0 0 0 0 0 0 0 0 0 0 0 131 1 0 0 193 160 0 0 1 0 0 0 0 0 0 0 0 0 0 0 2 0 0 0 0 0 3 0 2 0 0 0 16 0 0 0 255 255 255 255 2 0 7 0 0 0 0 0 data 2 0x70002 0x1418 oops 0
ciMethodData org/springframework/core/SimpleAliasRegistry canonicalName (Ljava/lang/String;)Ljava/lang/String; 2 69231 orig 264 104 147 107 119 0 0 0 0 208 68 84 35 0 0 0 0 240 1 0 0 128 0 0 0 0 0 0 0 0 0 0 0 0 0 0 0 0 0 0 0 0 0 0 0 0 0 0 0 0 0 0 0 0 0 0 0 0 0 0 0 0 0 0 0 0 0 0 0 0 0 0 0 0 0 0 0 0 0 0 0 77 68 79 32 101 120 116 114 97 32 100 97 116 97 32 108 111 99 107 0 0 0 0 0 0 0 0 0 0 0 0 0 0 0 0 0 0 0 0 0 0 0 0 0 0 0 0 0 0 0 0 0 0 0 0 0 0 0 0 0 0 0 0 0 0 0 0 0 0 0 0 0 0 0 0 0 0 0 0 0 0 0 0 0 0 0 0 0 0 0 0 0 0 0 0 0 0 0 0 0 0 0 0 0 17 0 0 0 0 0 0 0 0 0 0 0 0 0 0 0 1 0 0 0 0 0 0 0 2 0 0 0 0 0 0 0 15 1 0 0 1 107 8 0 57 106 8 0 0 0 0 0 0 0 0 0 2 0 0 0 1 0 9 0 2 0 0 0 160 0 0 0 255 255 255 255 5 0 7 0 0 0 0 0 data 20 0x70005 0x0 0x211b3850 0x10d60 0x0 0x0 0xc0104 0x0 0x0 0x0 0x0 0x0 0x110007 0x10d60 0x20 0x0 0x170007 0x0 0xffffffffffffff80 0x10d60 oops 1 2 java/util/concurrent/ConcurrentHashMap
ciMethodData org/springframework/beans/factory/support/AbstractBeanFactory getMergedLocalBeanDefinition (Ljava/lang/String;)Lorg/springframework/beans/factory/support/RootBeanDefinition; 2 14457 orig 264 104 147 107 119 0 0 0 0 104 149 83 35 0 0 0 0 80 2 0 0 160 0 0 0 0 0 0 0 0 0 0 0 0 0 0 0 0 0 0 0 0 0 0 0 0 0 0 0 0 0 0 0 0 0 0 0 0 0 0 0 0 0 0 0 0 0 0 0 0 0 0 0 0 0 0 0 0 0 0 0 77 68 79 32 101 120 116 114 97 32 100 97 116 97 32 108 111 99 107 0 0 0 0 0 0 0 0 0 0 0 0 0 0 0 0 0 0 0 0 0 0 0 0 0 0 0 0 0 0 0 0 0 0 0 0 0 0 0 0 0 0 0 0 0 1 0 0 0 0 0 0 0 0 0 0 0 0 0 0 0 0 0 0 0 0 0 0 0 0 0 0 0 0 0 0 0 0 0 0 0 0 0 0 0 17 0 0 0 0 0 0 0 0 0 0 0 0 0 0 0 0 0 0 0 0 0 0 0 0 0 0 0 0 0 0 0 24 1 0 0 9 187 1 0 1 0 0 0 0 0 0 0 0 0 0 0 2 0 0 0 0 0 8 0 2 0 0 0 0 1 0 0 255 255 255 255 5 0 5 0 0 0 0 0 data 32 0x50005 0x0 0x211b3850 0x3761 0x0 0x0 0xa0104 0x0 0x1e946c70 0x22ac 0x1e946d20 0x1440 0xf0007 0x75 0x40 0x36ec 0x160007 0x31 0x20 0x36bb 0x1f0005 0x0 0x1e945950 0xa6 0x0 0x0 0x220005 0x0 0x1e945950 0xa5 0x0 0x0 oops 5 2 java/util/concurrent/ConcurrentHashMap 8 org/springframework/beans/factory/support/RootBeanDefinition 10 org/springframework/context/annotation/ConfigurationClassBeanDefinitionReader$ConfigurationClassBeanDefinition 22 org/springframework/beans/factory/support/DefaultListableBeanFactory 28 org/springframework/beans/factory/support/DefaultListableBeanFactory
ciMethodData org/springframework/beans/factory/BeanFactoryUtils isFactoryDereference (Ljava/lang/String;)Z 2 62073 orig 264 104 147 107 119 0 0 0 0 56 162 106 35 0 0 0 0 208 1 0 0 0 0 0 0 0 0 0 0 0 0 0 0 0 0 0 0 0 0 0 0 0 0 0 0 0 0 0 0 0 0 0 0 0 0 0 0 0 0 0 0 0 0 0 0 0 0 0 0 0 0 0 0 0 0 0 0 0 0 0 0 77 68 79 32 101 120 116 114 97 32 100 97 116 97 32 108 111 99 107 0 0 0 0 0 0 0 0 0 0 0 0 0 0 0 0 0 0 0 0 0 0 0 0 0 0 0 0 0 0 0 0 0 0 0 0 0 0 0 0 0 0 0 0 0 0 0 0 0 0 0 0 0 0 0 0 0 0 0 0 0 0 0 0 0 0 0 0 0 0 0 0 0 0 0 0 0 0 0 0 0 0 0 0 0 0 0 0 0 0 0 0 0 0 0 0 0 0 0 0 0 0 0 0 0 0 0 0 0 0 0 0 0 0 0 0 0 15 1 0 0 73 139 7 0 1 0 0 0 0 0 0 0 0 0 0 0 2 0 0 0 0 0 9 0 2 0 0 0 136 0 0 0 255 255 255 255 7 0 1 0 0 0 0 0 data 17 0x10007 0x0 0x88 0xf169 0x70005 0x29 0x3542ee0 0xf140 0x0 0x0 0xa0007 0xebfe 0x38 0x56b 0xe0003 0x56b 0x18 oops 1 6 java/lang/String
ciMethodData org/springframework/beans/factory/support/AbstractBeanFactory transformedBeanName (Ljava/lang/String;)Ljava/lang/String; 2 73182 orig 264 104 147 107 119 0 0 0 0 96 144 83 35 0 0 0 0 144 1 0 0 0 0 0 0 0 0 0 0 0 0 0 0 0 0 0 0 0 0 0 0 0 0 0 0 0 0 0 0 0 0 0 0 0 0 0 0 0 0 0 0 0 0 0 0 0 0 0 0 0 0 0 0 0 0 0 0 0 0 0 0 77 68 79 32 101 120 116 114 97 32 100 97 116 97 32 108 111 99 107 0 0 0 0 0 0 0 0 0 0 0 0 0 0 0 0 0 0 0 0 0 0 0 0 0 0 0 0 0 0 0 0 0 0 0 0 0 0 0 0 0 0 0 0 0 0 0 0 0 0 0 0 0 0 0 0 0 0 0 0 0 0 0 0 0 0 0 0 0 0 0 0 0 0 0 0 0 0 0 0 0 0 0 0 0 0 0 0 0 0 0 0 0 0 0 0 0 0 0 0 0 0 0 0 0 0 0 0 0 0 0 0 0 0 0 0 0 161 1 0 0 233 225 8 0 1 0 0 0 0 0 0 0 0 0 0 0 2 0 0 0 1 0 16 0 2 0 0 0 64 0 0 0 255 255 255 255 2 0 2 0 0 0 0 0 data 8 0x20002 0x11c3d 0x50005 0x0 0x1e945950 0x11c3d 0x0 0x0 oops 1 4 org/springframework/beans/factory/support/DefaultListableBeanFactory
ciMethodData org/springframework/beans/factory/BeanFactoryUtils transformedBeanName (Ljava/lang/String;)Ljava/lang/String; 2 7100 orig 264 104 147 107 119 0 0 0 0 40 163 106 35 0 0 0 0 40 2 0 0 64 0 0 0 0 0 0 0 0 0 0 0 0 0 0 0 0 0 0 0 0 0 0 0 0 0 0 0 0 0 0 0 0 0 0 0 0 0 0 0 0 0 0 0 0 0 0 0 0 0 0 0 0 0 0 0 0 0 0 0 77 68 79 32 101 120 116 114 97 32 100 97 116 97 32 108 111 99 107 0 0 0 0 0 0 0 0 0 0 0 0 0 0 0 0 0 0 0 0 0 0 0 0 0 0 0 0 0 0 0 0 0 0 0 0 0 0 0 0 0 0 0 0 0 0 0 0 0 0 0 0 0 0 0 0 0 0 0 0 0 0 0 0 0 0 0 0 0 0 0 0 0 0 0 0 0 0 0 0 0 0 0 0 0 17 0 0 0 0 0 0 0 0 0 0 0 0 0 0 0 0 0 0 0 0 0 0 0 1 0 0 0 0 0 0 0 161 1 0 0 217 208 0 0 1 0 0 0 0 0 0 0 0 0 0 0 2 0 0 0 0 0 8 0 2 0 0 0 224 0 0 0 255 255 255 255 2 0 3 0 0 0 0 0 data 28 0x30002 0x1a1b 0x90005 0x0 0x3542ee0 0x1a1b 0x0 0x0 0xc0007 0x64 0x20 0x19b7 0x15000a 0x64 0x1 0x256ca410 0x1a0005 0x0 0x211b3850 0x64 0x0 0x0 0x1f0004 0x0 0x3542ee0 0x64 0x0 0x0 oops 3 4 java/lang/String 18 java/util/concurrent/ConcurrentHashMap 24 java/lang/String
ciMethodData org/springframework/beans/factory/support/DefaultSingletonBeanRegistry getSingleton (Ljava/lang/String;Z)Ljava/lang/Object; 2 12190 orig 264 104 147 107 119 0 0 0 0 128 1 84 35 0 0 0 0 48 4 0 0 224 1 0 0 0 0 0 0 0 0 0 0 0 0 0 0 0 0 0 0 0 0 0 0 0 0 0 0 0 0 0 0 0 0 0 0 0 0 0 0 0 0 0 0 0 0 0 0 0 0 0 0 0 0 0 0 0 0 0 0 77 68 79 32 101 120 116 114 97 32 100 97 116 97 32 108 111 99 107 0 0 0 0 0 0 0 0 0 0 0 0 0 0 0 0 0 0 0 0 0 0 0 0 0 0 0 0 0 0 0 0 0 0 0 0 0 0 0 0 0 0 0 0 0 1 0 0 0 0 0 0 0 0 0 0 0 0 0 0 0 0 1 0 0 0 0 0 0 0 0 0 0 0 0 0 0 0 0 0 0 0 0 0 0 0 0 0 0 0 0 0 0 0 0 0 0 0 0 0 0 0 0 0 0 0 0 0 0 0 0 0 0 0 0 0 0 207 1 0 0 65 196 0 0 1 0 0 0 0 0 0 0 0 0 0 0 2 0 0 0 0 0 20 0 2 0 0 0 216 2 0 0 255 255 255 255 5 0 5 0 0 0 0 0 data 91 0x50005 0x0 0x211b3850 0x1888 0x0 0x0 0xc0007 0xd01 0x2a8 0xb87 0x110005 0x0 0x1e945950 0xb87 0x0 0x0 0x140007 0xb5e 0x258 0x29 0x1c0005 0x0 0x211b3850 0x29 0x0 0x0 0x230007 0x3 0x208 0x26 0x270007 0x25 0x1e8 0x1 0x370005 0x0 0x211b3850 0x1 0x0 0x0 0x3e0007 0x0 0x180 0x1 0x460005 0x0 0x211b3850 0x1 0x0 0x0 0x4d0007 0x0 0x130 0x1 0x550005 0x0 0x1eb5b640 0x1 0x0 0x0 0x5a9104 0x0 0x27276660 0x1 0x0 0x0 0x610007 0x1 0xb0 0x1 0x660005 0x0 0x27276660 0x1 0x0 0x0 0x720005 0x0 0x211b3850 0x1 0x0 0x0 0x7d0005 0x0 0x1eb5b640 0x1 0x0 0x0 0x860003 0x2 0x18 oops 10 2 java/util/concurrent/ConcurrentHashMap 12 org/springframework/beans/factory/support/DefaultListableBeanFactory 22 java/util/concurrent/ConcurrentHashMap 36 java/util/concurrent/ConcurrentHashMap 46 java/util/concurrent/ConcurrentHashMap 56 java/util/HashMap 62 org/springframework/beans/factory/support/AbstractAutowireCapableBeanFactory$$Lambda$130 72 org/springframework/beans/factory/support/AbstractAutowireCapableBeanFactory$$Lambda$130 78 java/util/concurrent/ConcurrentHashMap 84 java/util/HashMap
ciMethodData org/springframework/beans/factory/support/DefaultSingletonBeanRegistry isSingletonCurrentlyInCreation (Ljava/lang/String;)Z 2 5841 orig 264 104 147 107 119 0 0 0 0 232 12 84 35 0 0 0 0 128 1 0 0 0 0 0 0 0 0 0 0 0 0 0 0 0 0 0 0 0 0 0 0 0 0 0 0 0 0 0 0 0 0 0 0 0 0 0 0 0 0 0 0 0 0 0 0 0 0 0 0 0 0 0 0 0 0 0 0 0 0 0 0 77 68 79 32 101 120 116 114 97 32 100 97 116 97 32 108 111 99 107 0 0 0 0 0 0 0 0 0 0 0 0 0 0 0 0 0 0 0 0 0 0 0 0 0 0 0 0 0 0 0 0 0 0 0 0 0 0 0 0 0 0 0 0 0 0 0 0 0 0 0 0 0 0 0 0 0 0 0 0 0 0 0 0 0 0 0 0 0 0 0 0 0 0 0 0 0 0 0 0 0 0 0 0 0 17 0 0 0 0 0 0 0 0 0 0 0 0 0 0 0 1 0 0 0 0 0 0 0 0 0 0 0 0 0 0 0 253 0 0 0 161 174 0 0 1 0 0 0 0 0 0 0 0 0 0 0 2 0 0 0 0 0 3 0 2 0 0 0 48 0 0 0 255 255 255 255 5 0 5 0 0 0 0 0 data 6 0x50005 0x0 0x27276e90 0x15d4 0x0 0x0 oops 1 2 java/util/Collections$SetFromMap
ciMethodData org/springframework/beans/factory/support/DefaultSingletonBeanRegistry containsSingleton (Ljava/lang/String;)Z 2 78195 orig 264 104 147 107 119 0 0 0 0 208 7 84 35 0 0 0 0 128 1 0 0 0 0 0 0 0 0 0 0 0 0 0 0 0 0 0 0 0 0 0 0 0 0 0 0 0 0 0 0 0 0 0 0 0 0 0 0 0 0 0 0 0 0 0 0 0 0 0 0 0 0 0 0 0 0 0 0 0 0 0 0 77 68 79 32 101 120 116 114 97 32 100 97 116 97 32 108 111 99 107 0 0 0 0 0 0 0 0 0 0 0 0 0 0 0 0 0 0 0 0 0 0 0 0 0 0 0 0 0 0 0 0 0 0 0 0 0 0 0 0 0 0 0 0 0 0 0 0 0 0 0 0 0 0 0 0 0 0 0 0 0 0 0 0 0 0 0 0 0 0 0 0 0 0 0 0 0 0 0 0 0 0 0 0 0 17 0 0 0 0 0 0 0 0 0 0 0 0 0 0 0 1 0 0 0 0 0 0 0 0 0 0 0 0 0 0 0 186 1 0 0 201 125 9 0 1 0 0 0 0 0 0 0 0 0 0 0 2 0 0 0 0 0 3 0 2 0 0 0 48 0 0 0 255 255 255 255 5 0 5 0 0 0 0 0 data 6 0x50005 0x0 0x211b3850 0x12fb9 0x0 0x0 oops 1 2 java/util/concurrent/ConcurrentHashMap
ciMethodData org/springframework/beans/factory/support/AbstractBeanFactory isTypeMatch (Ljava/lang/String;Lorg/springframework/core/ResolvableType;Z)Z 2 81379 orig 264 104 147 107 119 0 0 0 0 40 97 83 35 0 0 0 0 56 16 0 0 192 0 0 0 0 0 0 0 0 0 0 0 0 0 0 0 0 0 0 0 0 0 0 0 0 0 0 0 0 0 0 0 0 0 0 0 0 0 0 0 0 0 0 0 0 0 0 0 0 0 0 0 0 0 0 0 0 0 0 0 77 68 79 32 101 120 116 114 97 32 100 97 116 97 32 108 111 99 107 0 0 0 0 0 0 0 0 0 0 0 0 0 0 0 0 0 0 0 0 0 0 0 0 0 0 0 0 0 0 0 0 0 0 0 0 0 0 0 0 0 0 0 0 0 5 0 0 0 0 0 0 0 0 0 0 0 0 0 0 0 0 0 0 0 4 0 0 0 0 0 0 0 0 0 0 0 0 0 0 3 0 0 0 0 0 0 0 0 0 0 0 0 0 0 0 0 0 0 0 0 0 0 0 0 0 0 0 0 0 0 0 0 0 0 0 0 51 1 0 0 129 229 9 0 1 0 0 0 38 3 1 0 0 0 0 0 2 0 0 0 0 0 171 0 2 0 0 0 216 14 0 0 255 255 255 255 5 0 2 0 0 0 0 0 data 475 0x20005 0x0 0x1e945950 0x13cb0 0x0 0x0 0x80002 0x13cb0 0x110005 0x0 0x1e945950 0x13cb0 0x0 0x0 0x180007 0xd0ee 0x550 0x6bc2 0x1d0005 0x69a2 0x216900c0 0x146 0x27278fa0 0xda 0x22e007 0x45 0x500 0x6b7e 0x270004 0xffffffffffff9bf9 0x21690170 0x375 0x27279050 0x7b 0x2a0007 0x6407 0x158 0x777 0x2f0007 0x3b8 0x108 0x3bf 0x35c004 0x0 0x21690170 0x1bc 0x21690220 0x6a 0x380005 0x0 0x1e945950 0x3c3 0x0 0x0 0x3f0007 0x0 0x88 0x3c3 0x450005 0x0 0x27279100 0x3b3 0x1e945b80 0x10 0x480007 0x3b9 0x38 0xa 0x4c0003 0xa 0x18 0x540005 0x0 0x27279100 0x3a8 0x1e945b80 0x10 0x5a0007 0x0 0x358 0x6407 0x600005 0x0 0x27279100 0x62af 0x1e945b80 0x158 0x630007 0x6350 0x20 0xb7 0x690005 0x0 0x27279100 0x61f8 0x1e945b80 0x158 0x6c0007 0x61f8 0x2b8 0x158 0x720005 0x0 0x1e945950 0x158 0x0 0x0 0x750007 0x98 0x268 0xc0 0x7b0005 0x0 0x1e945950 0xc0 0x0 0x0 0x820005 0x0 0x1e946c70 0xa0 0x1e946d20 0x20 0x890007 0x0 0x140 0xc0 0x900002 0xc0 0x930007 0xc0 0x110 0x0 0x970005 0x0 0x0 0x0 0x0 0x0 0x9e0007 0x0 0x70 0x0 0xa50005 0x0 0x0 0x0 0x0 0x0 0xa80007 0x0 0x20 0x0 0xb00005 0x0 0x0 0x0 0x0 0x0 0xb30007 0x0 0x20 0x0 0xc10007 0x0 0x20 0xc0 0xcd0007 0x98 0x88 0x28 0xd30005 0x0 0x1e945b80 0x28 0x0 0x0 0xd60007 0x28 0x38 0x0 0xda0003 0x0 0x18 0xe40005 0x0 0x1e945950 0xd133 0x0 0x0 0xe70007 0xd0ee 0x70 0x45 0xed0005 0x0 0x1e945950 0x45 0x0 0x0 0xf00007 0x45 0x20 0x0 0xf60005 0x0 0x1e945950 0xd133 0x0 0x0 0xfd0007 0x74 0xd0 0xd0bf 0x1030005 0x0 0x1e945950 0xd0bf 0x0 0x0 0x1060007 0xd0bf 0x80 0x0 0x10d0005 0x0 0x0 0x0 0x0 0x0 0x1110005 0x0 0x0 0x0 0x0 0x0 0x11a0005 0x0 0x1e945950 0xd133 0x0 0x0 0x1210005 0x0 0x1e946c70 0x6fb0 0x1e946d20 0x6183 0x1270005 0x0 0x27279100 0xcd2f 0x1e945b80 0x404 0x12e0007 0xd133 0x20 0x0 0x1390007 0xd133 0x68 0x0 0x1440004 0x0 0x0 0x0 0x0 0x0 0x1450003 0x0 0x78 0x1500004 0x0 0x3542f70 0xd133 0x0 0x0 0x1550004 0x0 0x3542f70 0xd133 0x0 0x0 0x15d0007 0x4d0 0x260 0xcc63 0x162e007 0xca8b 0x240 0x1d9 0x16a0005 0x0 0x1e945950 0x1d9 0x0 0x0 0x16d0007 0x0 0x1f0 0x1d9 0x1720005 0x0 0x1e946d20 0x1d9 0x0 0x0 0x1750007 0x1d9 0x40 0x0 0x1790007 0x0 0x180 0x0 0x17f0005 0x0 0x20a91cc0 0x1d9 0x0 0x0 0x1840005 0x0 0x20a91cc0 0x1d9 0x0 0x0 0x1890005 0x0 0x1e945950 0x1d9 0x0 0x0 0x1910005 0x0 0x20a91cc0 0x1d9 0x0 0x0 0x1980005 0x0 0x1e945950 0x1d9 0x0 0x0 0x19f0007 0x0 0x70 0x1d9 0x1a60005 0xe0 0x3542f70 0xf9 0x0 0x0 0x1a90007 0x0 0x20 0x1d9 0x1b20007 0x1d9 0x70 0xcf5b 0x1bc0005 0x0 0x1e945950 0xcf5b 0x0 0x0 0x1c30007 0xcf5f 0x20 0x0 0x1cf0005 0x5676 0x3542f70 0x7ac2 0x0 0x0 0x1d20007 0xc988 0xe0 0x7b0 0x1d70007 0x0 0x1b0 0x7b0 0x1dc0007 0x4d0 0x190 0x2e0 0x1e50005 0x0 0x1e945950 0x2e0 0x0 0x0 0x1ec0005 0x0 0x1e945b80 0x2e0 0x0 0x0 0x1f30007 0x2db 0x110 0x5 0x1fa0007 0xc988 0xf0 0x0 0x20a0004 0x0 0x0 0x0 0x0 0x0 0x20b0005 0x0 0x0 0x0 0x0 0x0 0x2120007 0x0 0x70 0x0 0x2190005 0x0 0x0 0x0 0x0 0x0 0x21c0007 0x0 0x20 0x0 0x2230007 0x2db 0xb0 0xce58 0x22f0007 0x1 0x20 0xce57 0x23b0007 0x6fd1 0x70 0x5e87 0x2400005 0x0 0x1e945b80 0x5e87 0x0 0x0 0x245e007 0x1 0x20 0x5e87 0x24e0007 0x6fd2 0x50 0x6162 0x2540005 0x0 0x27279100 0x5f5e 0x1e945b80 0x204 0x25b0005 0x0 0x27279100 0x6dd2 0x1e945b80 0x200 oops 50 2 org/springframework/beans/factory/support/DefaultListableBeanFactory 10 org/springframework/beans/factory/support/DefaultListableBeanFactory 20 org/springframework/context/annotation/ConfigurationClassPostProcessor 22 org/springframework/beans/factory/annotation/AutowiredAnnotationBeanPostProcessor 30 org/springframework/boot/autoconfigure/SharedMetadataReaderFactoryContextInitializer$SharedMetadataReaderFactoryBean 32 org/springframework/boot/context/ContextIdApplicationContextInitializer$ContextId 44 org/springframework/boot/autoconfigure/SharedMetadataReaderFactoryContextInitializer$SharedMetadataReaderFactoryBean 46 org/springframework/orm/jpa/LocalContainerEntityManagerFactoryBean 50 org/springframework/beans/factory/support/DefaultListableBeanFactory 60 org/springframework/core/ResolvableType$1 62 org/springframework/core/ResolvableType 73 org/springframework/core/ResolvableType$1 75 org/springframework/core/ResolvableType 83 org/springframework/core/ResolvableType$1 85 org/springframework/core/ResolvableType 93 org/springframework/core/ResolvableType$1 95 org/springframework/core/ResolvableType 103 org/springframework/beans/factory/support/DefaultListableBeanFactory 113 org/springframework/beans/factory/support/DefaultListableBeanFactory 119 org/springframework/beans/factory/support/RootBeanDefinition 121 org/springframework/context/annotation/ConfigurationClassBeanDefinitionReader$ConfigurationClassBeanDefinition 173 org/springframework/core/ResolvableType 186 org/springframework/beans/factory/support/DefaultListableBeanFactory 196 org/springframework/beans/factory/support/DefaultListableBeanFactory 206 org/springframework/beans/factory/support/DefaultListableBeanFactory 216 org/springframework/beans/factory/support/DefaultListableBeanFactory 238 org/springframework/beans/factory/support/DefaultListableBeanFactory 244 org/springframework/beans/factory/support/RootBeanDefinition 246 org/springframework/context/annotation/ConfigurationClassBeanDefinitionReader$ConfigurationClassBeanDefinition 250 org/springframework/core/ResolvableType$1 252 org/springframework/core/ResolvableType 273 java/lang/Class 279 java/lang/Class 293 org/springframework/beans/factory/support/DefaultListableBeanFactory 303 org/springframework/context/annotation/ConfigurationClassBeanDefinitionReader$ConfigurationClassBeanDefinition 317 org/springframework/beans/factory/config/BeanDefinitionHolder 323 org/springframework/beans/factory/config/BeanDefinitionHolder 329 org/springframework/beans/factory/support/DefaultListableBeanFactory 335 org/springframework/beans/factory/config/BeanDefinitionHolder 341 org/springframework/beans/factory/support/DefaultListableBeanFactory 351 java/lang/Class 365 org/springframework/beans/factory/support/DefaultListableBeanFactory 375 java/lang/Class 393 org/springframework/beans/factory/support/DefaultListableBeanFactory 399 org/springframework/core/ResolvableType 451 org/springframework/core/ResolvableType 465 org/springframework/core/ResolvableType$1 467 org/springframework/core/ResolvableType 471 org/springframework/core/ResolvableType$1 473 org/springframework/core/ResolvableType
ciMethodData org/springframework/beans/factory/support/AbstractBeanFactory isFactoryBean (Ljava/lang/String;Lorg/springframework/beans/factory/support/RootBeanDefinition;)Z 2 6695 orig 264 104 147 107 119 0 0 0 0 104 166 83 35 0 0 0 0 160 2 0 0 8 1 0 0 0 0 0 0 0 0 0 0 0 0 0 0 0 0 0 0 0 0 0 0 0 0 0 0 0 0 0 0 0 0 0 0 0 0 0 0 0 0 0 0 0 0 0 0 0 0 0 0 0 0 0 0 0 0 0 0 77 68 79 32 101 120 116 114 97 32 100 97 116 97 32 108 111 99 107 0 0 0 0 0 0 0 0 0 0 0 0 0 0 0 0 0 0 0 0 0 0 0 0 0 0 0 0 0 0 0 0 0 0 0 0 0 0 0 0 0 0 0 0 0 0 0 0 0 0 0 0 0 0 0 0 0 0 0 0 0 0 0 0 0 0 0 0 0 0 0 0 0 0 0 0 0 0 0 0 0 0 0 0 0 17 0 0 0 0 0 0 0 0 0 0 0 0 0 0 0 0 0 0 0 0 0 0 0 0 0 0 0 0 0 0 0 251 0 0 0 97 201 0 0 1 0 0 0 0 0 0 0 0 0 0 0 2 0 0 0 0 0 16 0 2 0 0 0 72 1 0 0 255 255 255 255 7 0 6 0 0 0 0 0 data 41 0x60007 0x18b0 0x118 0x7c 0x140004 0x0 0x3542f70 0x7c 0x0 0x0 0x150005 0x0 0x1e945950 0x7c 0x0 0x0 0x1c0007 0x0 0x88 0x7c 0x230005 0x0 0x3542f70 0x7c 0x0 0x0 0x260007 0x7b 0x38 0x1 0x2a0003 0x1 0x18 0x2e0002 0x7c 0x380005 0x97 0x1e8259b0 0x1895 0x0 0x0 oops 4 6 java/lang/Class 12 org/springframework/beans/factory/support/DefaultListableBeanFactory 22 java/lang/Class 37 java/lang/Boolean
ciMethodData org/springframework/beans/factory/support/AbstractBeanDefinition isLazyInit ()Z 2 19972 orig 264 104 147 107 119 0 0 0 0 144 221 86 35 0 0 0 0 208 1 0 0 0 0 0 0 0 0 0 0 0 0 0 0 0 0 0 0 0 0 0 0 0 0 0 0 0 0 0 0 0 0 0 0 0 0 0 0 0 0 0 0 0 0 0 0 0 0 0 0 0 0 0 0 0 0 0 0 0 0 0 0 77 68 79 32 101 120 116 114 97 32 100 97 116 97 32 108 111 99 107 0 0 0 0 0 0 0 0 0 0 0 0 0 0 0 0 0 0 0 0 0 0 0 0 0 0 0 0 0 0 0 0 0 0 0 0 0 0 0 0 0 0 0 0 0 0 0 0 0 0 0 0 0 0 0 0 0 0 0 0 0 0 0 0 0 0 0 0 0 0 0 0 0 0 0 0 0 0 0 0 0 0 0 0 0 0 0 0 0 0 0 0 0 0 0 0 0 0 0 0 0 0 0 0 0 0 0 0 0 0 0 0 0 0 0 0 0 24 0 0 0 97 111 2 0 1 0 0 0 0 0 0 0 0 0 0 0 2 0 0 0 0 0 9 0 2 0 0 0 136 0 0 0 255 255 255 255 7 0 4 0 0 0 0 0 data 17 0x40007 0x4b7e 0x88 0x26e 0xb0005 0x3 0x1e8259b0 0x26b 0x0 0x0 0xe0007 0x18 0x38 0x256 0x120003 0x256 0x18 oops 1 6 java/lang/Boolean
ciMethodData org/springframework/beans/factory/support/AbstractBeanDefinition hasBeanClass ()Z 2 51851 orig 264 104 147 107 119 0 0 0 0 184 213 86 35 0 0 0 0 120 1 0 0 0 0 0 0 0 0 0 0 0 0 0 0 0 0 0 0 0 0 0 0 0 0 0 0 0 0 0 0 0 0 0 0 0 0 0 0 0 0 0 0 0 0 0 0 0 0 0 0 0 0 0 0 0 0 0 0 0 0 0 0 77 68 79 32 101 120 116 114 97 32 100 97 116 97 32 108 111 99 107 0 0 0 0 0 0 0 0 0 0 0 0 0 0 0 0 0 0 0 0 0 0 0 0 0 0 0 0 0 0 0 0 0 0 0 0 0 0 0 0 0 0 0 0 0 0 0 0 0 0 0 0 0 0 0 0 0 0 0 0 0 0 0 0 0 0 0 0 0 0 0 0 0 0 0 0 0 0 0 0 0 0 0 0 0 1 0 0 0 0 0 0 0 0 0 0 0 0 0 0 0 1 0 0 0 0 0 0 0 0 0 0 0 0 0 0 0 133 1 0 0 49 72 6 0 1 0 0 0 0 0 0 0 0 0 0 0 2 0 0 0 0 0 3 0 2 0 0 0 48 0 0 0 255 255 255 255 4 1 4 0 0 0 0 0 data 6 0x40104 0xfffffffffffff91a 0x3542f70 0x7a9c 0x0 0x0 oops 1 2 java/lang/Class
ciMethodData org/springframework/core/SimpleAliasRegistry isAlias (Ljava/lang/String;)Z 2 137039 orig 264 104 147 107 119 0 0 0 0 216 63 84 35 0 0 0 0 128 1 0 0 0 0 0 0 0 0 0 0 0 0 0 0 0 0 0 0 0 0 0 0 0 0 0 0 0 0 0 0 0 0 0 0 0 0 0 0 0 0 0 0 0 0 0 0 0 0 0 0 0 0 0 0 0 0 0 0 0 0 0 0 77 68 79 32 101 120 116 114 97 32 100 97 116 97 32 108 111 99 107 0 0 0 0 0 0 0 0 0 0 0 0 0 0 0 0 0 0 0 0 0 0 0 0 0 0 0 0 0 0 0 0 0 0 0 0 0 0 0 0 0 0 0 0 0 0 0 0 0 0 0 0 0 0 0 0 0 0 0 0 0 0 0 0 0 0 0 0 0 0 0 0 0 0 0 0 0 0 0 0 0 0 0 0 0 0 0 0 0 0 0 0 0 0 0 0 0 0 0 0 0 0 0 0 0 0 0 0 0 0 0 0 0 0 0 0 0 12 1 0 0 25 178 16 0 1 0 0 0 0 0 0 0 0 0 0 0 2 0 0 0 0 0 3 0 2 0 0 0 48 0 0 0 255 255 255 255 5 0 5 0 0 0 0 0 data 6 0x50005 0x0 0x211b3850 0x21643 0x0 0x0 oops 1 2 java/util/concurrent/ConcurrentHashMap
ciMethodData java/util/HashMap$KeySet iterator ()Ljava/util/Iterator; 2 6233 orig 264 104 147 107 119 0 0 0 0 216 57 172 28 0 0 0 0 48 1 0 0 0 0 0 0 0 0 0 0 0 0 0 0 0 0 0 0 0 0 0 0 0 0 0 0 0 0 0 0 0 0 0 0 0 0 0 0 0 0 0 0 0 0 0 0 0 0 0 0 0 0 0 0 0 0 0 0 0 0 0 0 77 68 79 32 101 120 116 114 97 32 100 97 116 97 32 108 111 99 107 0 0 0 0 0 0 0 0 0 0 0 0 0 0 0 0 0 0 0 0 0 0 0 0 0 0 0 0 0 0 0 0 0 0 0 0 0 0 0 0 0 0 0 0 0 0 0 0 0 0 0 0 0 0 0 0 0 0 0 0 0 0 0 0 0 0 0 0 0 0 0 0 0 0 0 0 0 0 0 0 0 0 0 0 0 0 0 0 0 0 0 0 0 0 0 0 0 0 0 0 0 0 0 0 0 0 0 0 0 0 0 0 0 0 0 0 0 0 2 0 0 201 178 0 0 1 0 0 0 0 0 0 0 0 0 0 0 2 0 0 0 0 0 3 0 2 0 0 0 16 0 0 0 255 255 255 255 2 0 8 0 0 0 0 0 data 2 0x80002 0x1659 oops 0
ciMethodData java/util/HashMap$KeyIterator <init> (Ljava/util/HashMap;)V 2 6233 orig 264 104 147 107 119 0 0 0 0 248 188 176 28 0 0 0 0 56 1 0 0 0 0 0 0 0 0 0 0 0 0 0 0 0 0 0 0 0 0 0 0 0 0 0 0 0 0 0 0 0 0 0 0 0 0 0 0 0 0 0 0 0 0 0 0 0 0 0 0 0 0 0 0 0 0 0 0 0 0 0 0 77 68 79 32 101 120 116 114 97 32 100 97 116 97 32 108 111 99 107 0 0 0 0 0 0 0 0 0 0 0 0 0 0 0 0 0 0 0 0 0 0 0 0 0 0 0 0 0 0 0 0 0 0 0 0 0 0 0 0 0 0 0 0 0 0 0 0 0 0 0 0 0 0 0 0 0 0 0 0 0 0 0 0 0 0 0 0 0 0 0 0 0 0 0 0 0 0 0 0 0 0 0 0 0 0 0 0 0 0 0 0 0 0 0 0 0 0 0 0 0 0 0 0 0 0 0 0 0 0 0 0 0 0 0 0 0 0 2 0 0 201 178 0 0 1 0 0 0 0 0 0 0 0 0 0 0 2 0 0 0 0 0 3 0 2 0 0 0 16 0 0 0 255 255 255 255 2 0 7 0 0 0 0 0 data 2 0x70002 0x1659 oops 0
ciMethodData org/springframework/beans/factory/support/DefaultListableBeanFactory containsBeanDefinition (Ljava/lang/String;)Z 2 6379 orig 264 104 147 107 119 0 0 0 0 120 1 82 35 0 0 0 0 144 1 0 0 0 0 0 0 0 0 0 0 0 0 0 0 0 0 0 0 0 0 0 0 0 0 0 0 0 0 0 0 0 0 0 0 0 0 0 0 0 0 0 0 0 0 0 0 0 0 0 0 0 0 0 0 0 0 0 0 0 0 0 0 77 68 79 32 101 120 116 114 97 32 100 97 116 97 32 108 111 99 107 0 0 0 0 0 0 0 0 0 0 0 0 0 0 0 0 0 0 0 0 0 0 0 0 0 0 0 0 0 0 0 0 0 0 0 0 0 0 0 0 0 0 0 0 0 0 0 0 0 0 0 0 0 0 0 0 0 0 0 0 0 0 0 0 0 0 0 0 0 0 0 0 0 0 0 0 0 0 0 0 0 0 0 0 0 17 0 0 0 0 0 0 0 0 0 0 0 0 0 0 0 1 0 0 0 0 0 0 0 0 0 0 0 0 0 0 0 0 1 0 0 89 191 0 0 1 0 0 0 0 0 0 0 0 0 0 0 2 0 0 0 0 0 6 0 2 0 0 0 64 0 0 0 255 255 255 255 2 0 3 0 0 0 0 0 data 8 0x30002 0x17eb 0xb0005 0x0 0x211b3850 0x17eb 0x0 0x0 oops 1 4 java/util/concurrent/ConcurrentHashMap
ciMethodData org/springframework/beans/factory/support/AbstractBeanFactory isFactoryBean (Ljava/lang/String;)Z 2 7874 orig 264 104 147 107 119 0 0 0 0 48 136 83 35 0 0 0 0 192 3 0 0 224 1 0 0 0 0 0 0 0 0 0 0 0 0 0 0 0 0 0 0 0 0 0 0 0 0 0 0 0 0 0 0 0 0 0 0 0 0 0 0 0 0 0 0 0 0 0 0 0 0 0 0 0 0 0 0 0 0 0 0 77 68 79 32 101 120 116 114 97 32 100 97 116 97 32 108 111 99 107 0 0 0 0 0 0 0 0 0 0 0 0 0 0 0 0 0 0 0 0 0 0 0 0 0 0 0 0 0 0 0 0 0 0 0 0 0 0 0 0 0 0 0 0 0 0 0 0 0 0 0 0 0 0 0 0 0 0 0 0 0 0 0 0 0 0 0 0 0 0 0 0 0 0 0 0 0 0 0 0 0 0 0 0 0 0 0 0 0 0 0 0 0 0 0 0 0 0 0 0 0 0 0 0 0 0 0 0 0 0 0 0 0 0 0 0 0 130 1 0 0 1 234 0 0 1 0 0 0 0 0 0 0 0 0 0 0 2 0 0 0 1 0 18 0 2 0 0 0 112 2 0 0 255 255 255 255 5 0 2 0 0 0 0 0 data 78 0x20005 0x0 0x1e945950 0x1d40 0x0 0x0 0x90005 0x0 0x1e945950 0x1d40 0x0 0x0 0xe0007 0x151a 0x50 0x826 0x120004 0xfffffffffffff7da 0x0 0x0 0x0 0x0 0x180005 0x0 0x1e945950 0x151a 0x0 0x0 0x1b0007 0x151a 0x130 0x0 0x1f0005 0x0 0x0 0x0 0x0 0x0 0x220004 0x0 0x0 0x0 0x0 0x0 0x250007 0x0 0xb0 0x0 0x290005 0x0 0x0 0x0 0x0 0x0 0x2c0004 0x0 0x0 0x0 0x0 0x0 0x300005 0x0 0x0 0x0 0x0 0x0 0x3a0005 0x0 0x1e945950 0x151a 0x0 0x0 0x3d0005 0x0 0x1e945950 0x151a 0x0 0x0 oops 5 2 org/springframework/beans/factory/support/DefaultListableBeanFactory 8 org/springframework/beans/factory/support/DefaultListableBeanFactory 24 org/springframework/beans/factory/support/DefaultListableBeanFactory 68 org/springframework/beans/factory/support/DefaultListableBeanFactory 74 org/springframework/beans/factory/support/DefaultListableBeanFactory
ciMethodData org/springframework/beans/factory/support/DefaultListableBeanFactory requiresEagerInitForType (Ljava/lang/String;)Z 2 47031 orig 264 104 147 107 119 0 0 0 0 72 13 82 35 0 0 0 0 40 2 0 0 0 0 0 0 0 0 0 0 0 0 0 0 0 0 0 0 0 0 0 0 0 0 0 0 0 0 0 0 0 0 0 0 0 0 0 0 0 0 0 0 0 0 0 0 0 0 0 0 0 0 0 0 0 0 0 0 0 0 0 0 77 68 79 32 101 120 116 114 97 32 100 97 116 97 32 108 111 99 107 0 0 0 0 0 0 0 0 0 0 0 0 0 0 0 0 0 0 0 0 0 0 0 0 0 0 0 0 0 0 0 0 0 0 0 0 0 0 0 0 0 0 0 0 0 0 0 0 0 0 0 0 0 0 0 0 0 0 0 0 0 0 0 0 0 0 0 0 0 0 0 0 0 0 0 0 0 0 0 0 0 0 0 0 0 17 0 0 0 0 0 0 0 0 0 0 0 0 0 0 0 0 0 0 0 0 0 0 0 0 0 0 0 0 0 0 0 132 1 0 0 153 177 5 0 1 0 0 0 0 0 0 0 0 0 0 0 2 0 0 0 0 0 11 0 2 0 0 0 216 0 0 0 255 255 255 255 7 0 1 0 0 0 0 0 data 27 0x10007 0x7444 0xd8 0x41ef 0x60005 0x0 0x1e945950 0x41ef 0x0 0x0 0x90007 0x41ef 0x88 0x0 0xe0005 0x0 0x0 0x0 0x0 0x0 0x110007 0x0 0x38 0x0 0x150003 0x0 0x18 oops 1 6 org/springframework/beans/factory/support/DefaultListableBeanFactory
ciMethodData org/springframework/beans/factory/support/AbstractBeanDefinition isSingleton ()Z 2 5194 orig 264 104 147 107 119 0 0 0 0 16 218 86 35 0 0 0 0 0 2 0 0 128 0 0 0 0 0 0 0 0 0 0 0 0 0 0 0 0 0 0 0 0 0 0 0 0 0 0 0 0 0 0 0 0 0 0 0 0 0 0 0 0 0 0 0 0 0 0 0 0 0 0 0 0 0 0 0 0 0 0 0 77 68 79 32 101 120 116 114 97 32 100 97 116 97 32 108 111 99 107 0 0 0 0 0 0 0 0 0 0 0 0 0 0 0 0 0 0 0 0 0 0 0 0 0 0 0 0 0 0 0 0 0 0 0 0 0 0 0 0 0 0 0 0 0 0 0 0 0 0 0 0 0 0 0 0 0 0 0 0 0 0 0 0 0 0 0 0 0 0 0 0 0 0 0 0 0 0 0 0 0 0 0 0 0 0 0 0 0 0 0 0 0 0 0 0 0 0 0 0 0 0 0 0 0 0 0 0 0 0 0 0 0 0 0 0 0 226 0 0 0 65 155 0 0 1 0 0 0 0 0 0 0 0 0 0 0 2 0 0 0 0 0 9 0 2 0 0 0 184 0 0 0 255 255 255 255 5 0 6 0 0 0 0 0 data 23 0x60005 0xba 0x3542ee0 0x12ae 0x0 0x0 0x90007 0x1313 0x70 0x55 0x120005 0x0 0x3542ee0 0x55 0x0 0x0 0x150007 0x55 0x38 0x0 0x190003 0x1313 0x18 oops 2 2 java/lang/String 12 java/lang/String
ciMethodData org/springframework/beans/factory/support/AbstractBeanFactory isTypeMatch (Ljava/lang/String;Lorg/springframework/core/ResolvableType;)Z 2 8996 orig 264 104 147 107 119 0 0 0 0 232 92 83 35 0 0 0 0 136 1 0 0 0 0 0 0 0 0 0 0 0 0 0 0 0 0 0 0 0 0 0 0 0 0 0 0 0 0 0 0 0 0 0 0 0 0 0 0 0 0 0 0 0 0 0 0 0 0 0 0 0 0 0 0 0 0 0 0 0 0 0 0 77 68 79 32 101 120 116 114 97 32 100 97 116 97 32 108 111 99 107 0 0 0 0 0 0 0 0 0 0 0 0 0 0 0 0 0 0 0 0 0 0 0 0 0 0 0 0 0 0 0 0 0 0 0 0 0 0 0 0 0 0 0 0 0 0 0 0 0 0 0 0 0 0 0 0 0 0 0 0 0 0 0 0 0 0 0 0 0 0 0 0 0 0 0 0 0 0 0 0 0 0 0 0 0 0 0 0 0 0 0 0 0 0 0 0 0 0 0 0 0 0 0 0 0 0 0 0 0 0 0 0 0 0 0 0 0 131 1 0 0 9 13 1 0 1 0 0 0 0 0 0 0 0 0 0 0 2 0 0 0 0 0 3 0 2 0 0 0 48 0 0 0 255 255 255 255 5 0 4 0 0 0 0 0 data 6 0x40005 0x0 0x1e945950 0x21a1 0x0 0x0 oops 1 2 org/springframework/beans/factory/support/DefaultListableBeanFactory
ciMethodData org/springframework/beans/factory/support/DefaultListableBeanFactory isSingleton (Ljava/lang/String;Lorg/springframework/beans/factory/support/RootBeanDefinition;Lorg/springframework/beans/factory/config/BeanDefinitionHolder;)Z 2 2869 orig 264 104 147 107 119 0 0 0 0 72 12 82 35 0 0 0 0 248 1 0 0 80 0 0 0 0 0 0 0 0 0 0 0 0 0 0 0 0 0 0 0 0 0 0 0 0 0 0 0 0 0 0 0 0 0 0 0 0 0 0 0 0 0 0 0 0 0 0 0 0 0 0 0 0 0 0 0 0 0 0 0 77 68 79 32 101 120 116 114 97 32 100 97 116 97 32 108 111 99 107 0 0 0 0 0 0 0 0 0 0 0 0 0 0 0 0 0 0 0 0 0 0 0 0 0 0 0 0 0 0 0 0 0 0 0 0 0 0 0 0 0 0 0 0 0 0 0 0 0 0 0 0 0 0 0 0 0 0 0 0 0 0 0 0 0 0 0 0 0 0 0 0 0 0 0 0 0 0 0 0 0 0 0 0 0 0 0 0 0 0 0 0 0 0 0 0 0 0 0 0 0 0 0 0 0 0 0 0 0 0 0 0 0 0 0 0 0 44 1 0 0 73 80 0 0 1 0 0 0 0 0 0 0 0 0 0 0 2 0 0 0 0 0 13 0 2 0 0 0 152 0 0 0 255 255 255 255 7 0 1 0 0 0 0 0 data 19 0x10007 0xa09 0x68 0x0 0x50005 0x0 0x0 0x0 0x0 0x0 0x80003 0x0 0x48 0xd0005 0x0 0x1e945950 0xa09 0x0 0x0 oops 1 15 org/springframework/beans/factory/support/DefaultListableBeanFactory
ciMethodData org/springframework/beans/factory/support/AbstractBeanFactory isSingleton (Ljava/lang/String;)Z 2 2871 orig 264 104 147 107 119 0 0 0 0 24 90 83 35 0 0 0 0 168 6 0 0 192 3 0 0 0 0 0 0 0 0 0 0 0 0 0 0 0 0 0 0 0 0 0 0 0 0 0 0 0 0 0 0 0 0 0 0 0 0 0 0 0 0 0 0 0 0 0 0 0 0 0 0 0 0 0 0 0 0 0 0 77 68 79 32 101 120 116 114 97 32 100 97 116 97 32 108 111 99 107 0 0 0 0 0 0 0 0 0 0 0 0 0 0 0 0 0 0 0 0 0 0 0 0 0 0 0 0 0 0 0 0 0 0 0 0 0 0 0 0 0 0 0 0 0 0 0 0 0 0 0 0 0 0 0 0 0 0 0 0 0 0 0 0 0 0 0 0 0 0 0 0 0 0 0 0 0 0 0 0 0 0 0 0 0 0 0 0 0 0 0 0 0 0 0 0 0 0 0 0 0 0 0 0 0 0 0 0 0 0 0 0 0 0 0 0 0 44 1 0 0 89 80 0 0 1 0 0 0 0 0 0 0 0 0 0 0 2 0 0 0 1 0 73 0 2 0 0 0 88 5 0 0 255 255 255 255 5 0 2 0 0 0 0 0 data 171 0x20005 0x0 0x1e945950 0xa0b 0x0 0x0 0x90005 0x0 0x1e945950 0xa0b 0x0 0x0 0xe0007 0x7b8 0x180 0x253 0x120004 0xfffffffffffffdc0 0x216900c0 0x2 0x21690170 0x9 0x150007 0x240 0xe8 0x13 0x190002 0x13 0x1c0007 0x0 0xa0 0x13 0x200004 0x0 0x21690170 0x9 0x21690220 0x2 0x230005 0x8 0x21690170 0x9 0x21690220 0x2 0x280007 0x0 0x38 0x13 0x2c0003 0x13 0x18 0x320002 0x240 0x350007 0x0 0x38 0x240 0x390003 0x240 0x18 0x3f0005 0x0 0x1e945950 0x7b8 0x0 0x0 0x460007 0x0 0xd0 0x7b8 0x4b0005 0x0 0x1e945950 0x7b8 0x0 0x0 0x4e0007 0x7b8 0x80 0x0 0x550005 0x0 0x0 0x0 0x0 0x0 0x580005 0x0 0x0 0x0 0x0 0x0 0x600005 0x0 0x1e945950 0x7b8 0x0 0x0 0x670005 0x0 0x1e946c70 0x42f 0x1e946d20 0x389 0x6a0007 0x1c 0x218 0x79c 0x710005 0x0 0x1e945950 0x79c 0x0 0x0 0x740007 0x79c 0x180 0x0 0x780002 0x0 0x7b0007 0x0 0x20 0x0 0x850002 0x0 0x8a0005 0x0 0x0 0x0 0x0 0x0 0x8e0005 0x0 0x0 0x0 0x0 0x0 0x910005 0x0 0x0 0x0 0x0 0x0 0x940005 0x0 0x0 0x0 0x0 0x0 0x970004 0x0 0x0 0x0 0x0 0x0 0x9e0005 0x0 0x0 0x0 0x0 0x0 0xa50002 0x79c 0xa80007 0x0 0x38 0x79c 0xac0003 0x79c 0x18 oops 14 2 org/springframework/beans/factory/support/DefaultListableBeanFactory 8 org/springframework/beans/factory/support/DefaultListableBeanFactory 18 org/springframework/context/annotation/ConfigurationClassPostProcessor 20 org/springframework/boot/autoconfigure/SharedMetadataReaderFactoryContextInitializer$SharedMetadataReaderFactoryBean 34 org/springframework/boot/autoconfigure/SharedMetadataReaderFactoryContextInitializer$SharedMetadataReaderFactoryBean 36 org/springframework/orm/jpa/LocalContainerEntityManagerFactoryBean 40 org/springframework/boot/autoconfigure/SharedMetadataReaderFactoryContextInitializer$SharedMetadataReaderFactoryBean 42 org/springframework/orm/jpa/LocalContainerEntityManagerFactoryBean 62 org/springframework/beans/factory/support/DefaultListableBeanFactory 72 org/springframework/beans/factory/support/DefaultListableBeanFactory 94 org/springframework/beans/factory/support/DefaultListableBeanFactory 100 org/springframework/beans/factory/support/RootBeanDefinition 102 org/springframework/context/annotation/ConfigurationClassBeanDefinitionReader$ConfigurationClassBeanDefinition 110 org/springframework/beans/factory/support/DefaultListableBeanFactory
ciMethodData org/springframework/beans/factory/support/DefaultListableBeanFactory doGetBeanNamesForType (Lorg/springframework/core/ResolvableType;ZZ)[Ljava/lang/String; 2 146472 orig 264 104 147 107 119 0 0 0 0 216 10 82 35 0 0 0 0 224 13 0 0 144 8 0 0 0 0 0 0 0 0 0 0 0 0 0 0 0 0 0 0 0 0 0 0 0 0 0 0 0 0 0 0 0 0 0 0 0 0 0 0 0 0 0 0 0 0 0 0 0 0 0 0 0 0 0 0 0 0 0 0 77 68 79 32 101 120 116 114 97 32 100 97 116 97 32 108 111 99 107 0 0 0 0 0 0 0 0 0 0 0 0 0 0 0 0 0 0 0 0 0 0 0 0 0 0 0 0 0 0 0 0 0 0 0 0 0 0 0 0 0 0 0 0 0 3 0 0 0 0 0 0 0 0 0 0 0 0 0 0 0 0 0 0 0 0 0 0 0 0 0 0 0 0 0 0 0 0 0 0 0 0 0 0 0 0 0 0 0 0 0 0 0 0 0 0 0 0 0 0 0 0 0 0 0 0 0 0 0 0 0 0 0 0 0 0 0 39 24 0 0 33 21 0 0 1 32 17 0 0 0 0 0 0 0 0 0 2 0 0 0 2 0 183 0 2 0 0 0 128 12 0 0 255 255 255 255 2 0 4 0 0 0 0 0 data 400 0x40002 0x2a4 0xd0005 0x0 0x1e946b10 0x2a4 0x0 0x0 0x160005 0x0 0x1e946bc0 0x20768 0x0 0x0 0x1b0007 0x2a3 0x838 0x204c5 0x200005 0x0 0x1e946bc0 0x204c5 0x0 0x0 0x250004 0x0 0x3542ee0 0x204c5 0x0 0x0 0x2d0005 0x0 0x1e945950 0x204c5 0x0 0x0 0x300007 0x0 0x770 0x204c5 0x360005 0x0 0x1e945950 0x204c5 0x0 0x0 0x3d0005 0x0 0x1e946c70 0x121bb 0x1e946d20 0xe30a 0x400007 0x0 0x5b8 0x204c5 0x440007 0x15d1b 0x170 0xa7aa 0x490005 0x0 0x1e946c70 0x5f9e 0x1e946d20 0x480c 0x4c0007 0x66d4 0xc0 0x40d6 0x510005 0x0 0x1e946d20 0x3c8b 0x1e946c70 0x44b 0x540007 0x3ec0 0x70 0x216 0x580005 0x0 0x1e945950 0x216 0x0 0x0 0x5b0007 0x0 0x4a8 0x216 0x610005 0x0 0x1e946c70 0x5f9e 0x1e946d20 0x480c 0x640002 0xa7aa 0x670007 0x0 0x448 0xa7aa 0x6f0005 0x0 0x1e945950 0x204c5 0x0 0x0 0x760005 0x0 0x1e946c70 0x121bb 0x1e946d20 0xe30a 0x7f0007 0x15d1b 0x70 0xa7aa 0x850005 0x0 0x1e945950 0xa7aa 0x0 0x0 0x880007 0x8d3b 0x38 0x1a6f 0x8c0003 0x1778a 0x18 0x940007 0x20138 0x88 0x38d 0x990005 0x0 0x1e946d20 0x38d 0x0 0x0 0x9c0007 0x0 0x38 0x38d 0xa00003 0x38d 0x18 0xa80007 0x1030 0xb8 0x1f495 0xac0007 0x1eb2d 0x50 0x968 0xb60002 0x968 0xb90007 0x1c 0x218 0x94c 0xc20005 0x0 0x1e945950 0x1f479 0x0 0x0 0xc70003 0x1f479 0x1c8 0xcb0007 0xfe3 0x90 0x4d 0xd00007 0x15 0x70 0x38 0xd50007 0x27 0x80 0x11 0xdf0002 0x11 0xe20007 0x0 0x50 0x11 0xeb0005 0x0 0x1e945950 0x1009 0x0 0x0 0xf20007 0x26 0xf0 0x100a 0xf90002 0x100a 0xfe0005 0x61 0x1e8251b0 0xfa9 0x0 0x0 0x1030005 0x61 0x1e8251b0 0xfa9 0x0 0x0 0x1060005 0x61 0x1e8251b0 0xfa9 0x0 0x0 0x1110005 0x0 0x1e945950 0x100a 0x0 0x0 0x1180007 0x200a5 0x50 0x420 0x11f0005 0x0 0x1e946b10 0x420 0x0 0x0 0x1250003 0x204c5 0x138 0x12b0007 0x0 0x20 0x0 0x1330004 0x0 0x0 0x0 0x0 0x0 0x1360007 0x0 0x48 0x0 0x13d0002 0x0 0x1400003 0x0 0x28 0x1470002 0x0 0x1540005 0x0 0x0 0x0 0x0 0x0 0x15c0005 0x0 0x0 0x0 0x0 0x0 0x15f0003 0x0 0x18 0x1640003 0x204c5 0xfffffffffffff7b0 0x16b0005 0x0 0x1e946dd0 0x2a3 0x0 0x0 0x1740005 0x0 0x1e946e80 0x2156 0x0 0x0 0x1790007 0x2a3 0x368 0x1eb3 0x17e0005 0x0 0x1e946e80 0x1eb3 0x0 0x0 0x1830004 0x0 0x3542ee0 0x1eb3 0x0 0x0 0x18b0005 0x0 0x1e945950 0x1eb3 0x0 0x0 0x18e0007 0x1eb3 0x1c8 0x0 0x1920007 0x0 0x70 0x0 0x1980005 0x0 0x0 0x0 0x0 0x0 0x19b0007 0x0 0xb8 0x0 0x1a20005 0x0 0x0 0x0 0x0 0x0 0x1a50007 0x0 0x68 0x0 0x1ac0005 0x0 0x0 0x0 0x0 0x0 0x1b20003 0x0 0xfffffffffffffe10 0x1b90002 0x0 0x1be0005 0x0 0x0 0x0 0x0 0x0 0x1c30005 0x0 0x0 0x0 0x0 0x0 0x1c60005 0x0 0x0 0x0 0x0 0x0 0x1cf0005 0x0 0x1e945950 0x1eb3 0x0 0x0 0x1d20007 0x1e76 0x50 0x3d 0x1d90005 0x0 0x1e946b10 0x3d 0x0 0x0 0x1df0003 0x1eb3 0x58 0x1ec0002 0x0 0x1f10005 0x0 0x0 0x0 0x0 0x0 0x1f60003 0x1eb3 0xfffffffffffffc80 0x1fb0002 0x2a3 oops 34 4 java/util/ArrayList 10 java/util/ArrayList$Itr 20 java/util/ArrayList$Itr 26 java/lang/String 32 org/springframework/beans/factory/support/DefaultListableBeanFactory 42 org/springframework/beans/factory/support/DefaultListableBeanFactory 48 org/springframework/beans/factory/support/RootBeanDefinition 50 org/springframework/context/annotation/ConfigurationClassBeanDefinitionReader$ConfigurationClassBeanDefinition 62 org/springframework/beans/factory/support/RootBeanDefinition 64 org/springframework/context/annotation/ConfigurationClassBeanDefinitionReader$ConfigurationClassBeanDefinition 72 org/springframework/context/annotation/ConfigurationClassBeanDefinitionReader$ConfigurationClassBeanDefinition 74 org/springframework/beans/factory/support/RootBeanDefinition 82 org/springframework/beans/factory/support/DefaultListableBeanFactory 92 org/springframework/beans/factory/support/RootBeanDefinition 94 org/springframework/context/annotation/ConfigurationClassBeanDefinitionReader$ConfigurationClassBeanDefinition 104 org/springframework/beans/factory/support/DefaultListableBeanFactory 110 org/springframework/beans/factory/support/RootBeanDefinition 112 org/springframework/context/annotation/ConfigurationClassBeanDefinitionReader$ConfigurationClassBeanDefinition 120 org/springframework/beans/factory/support/DefaultListableBeanFactory 137 org/springframework/context/annotation/ConfigurationClassBeanDefinitionReader$ConfigurationClassBeanDefinition 164 org/springframework/beans/factory/support/DefaultListableBeanFactory 191 org/springframework/beans/factory/support/DefaultListableBeanFactory 203 java/lang/StringBuilder 209 java/lang/StringBuilder 215 java/lang/StringBuilder 221 org/springframework/beans/factory/support/DefaultListableBeanFactory 231 java/util/ArrayList 279 java/util/LinkedHashSet 285 java/util/LinkedHashMap$LinkedKeyIterator 295 java/util/LinkedHashMap$LinkedKeyIterator 301 java/lang/String 307 org/springframework/beans/factory/support/DefaultListableBeanFactory 370 org/springframework/beans/factory/support/DefaultListableBeanFactory 380 java/util/ArrayList
ciMethodData java/util/HashMap keySet ()Ljava/util/Set; 2 4733 orig 264 104 147 107 119 0 0 0 0 248 157 133 28 0 0 0 0 80 1 0 0 0 0 0 0 0 0 0 0 0 0 0 0 0 0 0 0 0 0 0 0 0 0 0 0 0 0 0 0 0 0 0 0 0 0 0 0 0 0 0 0 0 0 0 0 0 0 0 0 0 0 0 0 0 0 0 0 0 0 0 0 77 68 79 32 101 120 116 114 97 32 100 97 116 97 32 108 111 99 107 0 0 0 0 0 0 0 0 0 0 0 0 0 0 0 0 0 0 0 0 0 0 0 0 0 0 0 0 0 0 0 0 0 0 0 0 0 0 0 0 0 0 0 0 0 0 0 0 0 0 0 0 0 0 0 0 0 0 0 0 0 0 0 0 0 0 0 0 0 0 0 0 0 0 0 0 0 0 0 0 0 0 0 0 0 0 0 0 0 0 0 0 0 0 0 0 0 0 0 0 0 0 0 0 0 0 0 0 0 0 0 0 0 0 0 0 0 129 1 0 0 225 135 0 0 1 0 0 0 0 0 0 0 0 0 0 0 2 0 0 0 0 0 6 0 2 0 0 0 48 0 0 0 255 255 255 255 7 0 6 0 0 0 0 0 data 6 0x60007 0xf0d 0x30 0x1ef 0xe0002 0x1ef oops 0
ciMethodData java/util/HashMap$KeySet <init> (Ljava/util/HashMap;)V 1 569 orig 264 104 147 107 119 0 0 0 0 8 56 172 28 0 0 0 0 56 1 0 0 0 0 0 0 0 0 0 0 0 0 0 0 0 0 0 0 0 0 0 0 0 0 0 0 0 0 0 0 0 0 0 0 0 0 0 0 0 0 0 0 0 0 0 0 0 0 0 0 0 0 0 0 0 0 0 0 0 0 0 0 77 68 79 32 101 120 116 114 97 32 100 97 116 97 32 108 111 99 107 0 0 0 0 0 0 0 0 0 0 0 0 0 0 0 0 0 0 0 0 0 0 0 0 0 0 0 0 0 0 0 0 0 0 0 0 0 0 0 0 0 0 0 0 0 0 0 0 0 0 0 0 0 0 0 0 0 0 0 0 0 0 0 0 0 0 0 0 0 0 0 0 0 0 0 0 0 0 0 0 0 0 0 0 0 0 0 0 0 0 0 0 0 0 0 0 0 0 0 0 0 0 0 0 0 0 0 0 0 0 0 0 0 0 0 0 0 74 0 0 0 121 15 0 0 1 0 0 0 0 0 0 0 0 0 0 0 2 0 0 0 0 0 0 0 0 0 0 0 16 0 0 0 255 255 255 255 2 0 6 0 0 0 0 0 data 2 0x60002 0x1ef oops 0
ciMethod java/util/concurrent/ConcurrentHashMap$TreeNode findTreeNode (ILjava/lang/Object;Ljava/lang/Class;)Ljava/util/concurrent/ConcurrentHashMap$TreeNode; 377 1201 48 0 -1
ciMethod java/util/concurrent/ConcurrentHashMap$TreeBin find (ILjava/lang/Object;)Ljava/util/concurrent/ConcurrentHashMap$Node; 385 1 48 0 0
ciMethod java/util/concurrent/ConcurrentHashMap$TreeBin putTreeVal (ILjava/lang/Object;Ljava/lang/Object;)Ljava/util/concurrent/ConcurrentHashMap$TreeNode; 105 265 48 0 -1
instanceKlass org/springframework/web/bind/annotation/ModelAttribute
instanceKlass org/springframework/web/servlet/mvc/method/annotation/RequestMappingHandlerAdapter$$Lambda$1050
instanceKlass org/springframework/web/bind/annotation/SessionAttributes
instanceKlass org/springframework/web/servlet/mvc/method/annotation/RequestMappingHandlerAdapter$$Lambda$1048
instanceKlass org/springframework/web/servlet/mvc/method/annotation/RequestMappingHandlerAdapter$$Lambda$1049
instanceKlass org/springframework/web/servlet/mvc/method/annotation/RequestMappingHandlerAdapter$$Lambda$1047
instanceKlass org/springframework/web/servlet/mvc/method/annotation/RequestMappingHandlerAdapter$$Lambda$1046
instanceKlass org/springframework/util/AntPathMatcher$AntPatternComparator$PatternInfo
instanceKlass org/springframework/util/AntPathMatcher$AntPatternComparator
instanceKlass org/springframework/web/bind/annotation/InitBinder
instanceKlass org/springframework/web/servlet/mvc/method/RequestMappingInfoHandlerMapping$$Lambda$1045
instanceKlass org/springframework/core/MethodIntrospector$$Lambda$1044
instanceKlass org/springframework/web/servlet/handler/AbstractHandlerMethodMapping$MatchComparator
instanceKlass org/springframework/orm/jpa/support/AsyncRequestInterceptor
instanceKlass org/apache/catalina/core/ApplicationDispatcher$State
instanceKlass org/apache/catalina/core/ApplicationMapping$MappingImpl
instanceKlass org/apache/catalina/core/ApplicationMapping$1
instanceKlass org/apache/catalina/core/ApplicationContext$DispatchData
instanceKlass org/springframework/web/servlet/handler/AbstractHandlerMethodMapping$Match
instanceKlass org/springframework/web/cors/CorsUtils
instanceKlass org/springframework/web/util/UriUtils
instanceKlass org/springframework/web/util/WebUtils
instanceKlass org/springframework/core/log/LogFormatUtils
instanceKlass org/springframework/web/servlet/DispatcherServlet$$Lambda$1043
instanceKlass java/lang/invoke/LambdaForm$MH
instanceKlass org/springframework/web/servlet/FrameworkServlet$RequestBindingInterceptor
instanceKlass org/springframework/context/support/ResourceBundleMessageSource$MessageSourceControl$$Lambda$1042
instanceKlass org/springframework/web/servlet/DispatcherServlet$$Lambda$1041
instanceKlass org/springframework/web/servlet/LocaleContextResolver
instanceKlass org/springframework/expression/common/ExpressionUtils
instanceKlass org/springframework/expression/spel/support/ReflectivePropertyAccessor$OptimalPropertyAccessor
instanceKlass org/springframework/expression/spel/support/ReflectivePropertyAccessor$InvokerPair
instanceKlass org/springframework/expression/spel/support/ReflectivePropertyAccessor$$Lambda$1040
instanceKlass org/springframework/expression/spel/support/ReflectivePropertyAccessor$$Lambda$1039
instanceKlass org/springframework/expression/spel/support/ReflectivePropertyAccessor$$Lambda$1038
instanceKlass org/springframework/expression/spel/support/ReflectivePropertyAccessor$$Lambda$1037
instanceKlass org/springframework/expression/spel/support/ReflectivePropertyAccessor$PropertyCacheKey
instanceKlass org/springframework/security/access/expression/ExpressionUtils
instanceKlass org/springframework/security/web/access/expression/DelegatingEvaluationContext
instanceKlass org/springframework/security/access/expression/SecurityExpressionRoot
instanceKlass org/springframework/security/web/FilterInvocation$$Lambda$1036
instanceKlass org/springframework/security/web/authentication/WebAuthenticationDetails
instanceKlass org/springframework/security/core/context/SecurityContextImpl
instanceKlass org/springframework/security/core/context/ThreadLocalSecurityContextHolderStrategy
instanceKlass org/springframework/security/core/context/SecurityContextHolderStrategy
instanceKlass org/springframework/security/core/context/SecurityContextHolder
instanceKlass org/springframework/security/web/context/HttpRequestResponseHolder
instanceKlass org/springframework/web/context/request/async/CallableProcessingInterceptorAdapter
instanceKlass org/springframework/security/web/FilterChainProxy$VirtualFilterChain
instanceKlass javax/servlet/ServletResponseWrapper
instanceKlass org/springframework/context/i18n/SimpleLocaleContext
instanceKlass org/springframework/context/i18n/LocaleContextHolder
instanceKlass org/apache/tomcat/util/http/parser/AcceptLanguage
instanceKlass org/apache/tomcat/util/http/ValuesEnumerator
instanceKlass org/springframework/web/context/request/async/TimeoutDeferredResultProcessingInterceptor
instanceKlass org/springframework/web/context/request/async/TimeoutCallableProcessingInterceptor
instanceKlass org/springframework/web/context/request/async/AsyncWebRequest
instanceKlass org/springframework/web/context/request/async/WebAsyncUtils
instanceKlass org/apache/catalina/util/TLSUtil
instanceKlass org/apache/catalina/connector/ResponseFacade
instanceKlass org/apache/catalina/core/ApplicationFilterFactory$1
instanceKlass org/apache/catalina/core/ApplicationDispatcher
instanceKlass org/apache/catalina/AsyncDispatcher
instanceKlass org/apache/catalina/core/ApplicationFilterChain
instanceKlass org/apache/catalina/core/ApplicationFilterFactory
instanceKlass org/springframework/web/servlet/support/AbstractFlashMapManager
instanceKlass org/springframework/web/servlet/view/DefaultRequestToViewNameTranslator
instanceKlass org/springframework/web/servlet/theme/AbstractThemeResolver
instanceKlass org/springframework/web/servlet/i18n/AcceptHeaderLocaleResolver
instanceKlass org/apache/coyote/AbstractProcessor$1
instanceKlass javax/security/auth/message/config/AuthConfigFactory$$Lambda$1035
instanceKlass javax/security/auth/message/config/AuthConfigFactory$$Lambda$1034
instanceKlass javax/security/auth/message/config/AuthConfigFactory
instanceKlass org/apache/catalina/connector/RequestFacade
instanceKlass org/apache/catalina/util/SessionConfig
instanceKlass org/apache/tomcat/util/buf/UEncoder
instanceKlass org/apache/tomcat/util/collections/ConcurrentCache
instanceKlass org/apache/tomcat/util/http/parser/MediaTypeCache
instanceKlass org/apache/catalina/connector/Response
instanceKlass org/apache/catalina/core/ApplicationMapping
instanceKlass org/apache/catalina/mapper/MappingData
instanceKlass org/apache/catalina/util/ParameterMap
instanceKlass org/apache/tomcat/util/buf/ByteChunk$ByteInputChannel
instanceKlass org/apache/catalina/connector/Request$9
instanceKlass org/apache/catalina/connector/Request$8
instanceKlass org/apache/catalina/connector/Request$7
instanceKlass org/apache/catalina/connector/Request$6
instanceKlass org/apache/catalina/connector/Request$5
instanceKlass org/apache/catalina/connector/Request$4
instanceKlass org/apache/catalina/connector/Request$3
instanceKlass org/apache/catalina/connector/Request$2
instanceKlass org/apache/catalina/connector/Request$1
instanceKlass org/apache/catalina/connector/Request$SpecialAttributeAdapter
instanceKlass javax/servlet/AsyncContext
instanceKlass org/apache/tomcat/util/http/fileupload/RequestContext
instanceKlass org/apache/tomcat/util/http/fileupload/FileItemFactory
instanceKlass javax/servlet/http/HttpServletMapping
instanceKlass org/apache/catalina/connector/Request
instanceKlass org/apache/tomcat/util/http/parser/Host
instanceKlass org/apache/tomcat/util/buf/Ascii
instanceKlass org/apache/coyote/http11/filters/GzipOutputFilter
instanceKlass org/apache/coyote/http11/filters/BufferedInputFilter
instanceKlass org/apache/coyote/http11/filters/VoidOutputFilter
instanceKlass org/apache/coyote/http11/filters/VoidInputFilter
instanceKlass org/apache/coyote/http11/filters/ChunkedOutputFilter
instanceKlass org/apache/coyote/http11/filters/ChunkedInputFilter
instanceKlass org/apache/coyote/http11/filters/IdentityOutputFilter
instanceKlass org/apache/coyote/http11/filters/IdentityInputFilter
instanceKlass org/apache/coyote/http11/Http11OutputBuffer$SocketOutputBuffer
instanceKlass org/apache/coyote/http11/Http11OutputBuffer
instanceKlass org/apache/coyote/http11/Http11InputBuffer$SocketInputBuffer
instanceKlass org/apache/coyote/http11/Http11InputBuffer$HeaderParseData
instanceKlass org/apache/coyote/http11/Http11InputBuffer
instanceKlass org/apache/tomcat/util/net/ApplicationBufferHandler
instanceKlass org/apache/tomcat/util/http/parser/HttpParser
instanceKlass org/apache/coyote/AsyncStateMachine
instanceKlass org/apache/coyote/RequestInfo
instanceKlass org/apache/tomcat/util/log/UserDataHelper
instanceKlass org/apache/tomcat/util/http/Parameters
instanceKlass org/apache/tomcat/util/http/ServerCookie
instanceKlass org/apache/tomcat/util/http/ServerCookies
instanceKlass org/apache/tomcat/util/http/MimeHeaderField
instanceKlass org/apache/tomcat/util/http/MimeHeaders
instanceKlass org/apache/tomcat/util/buf/AbstractChunk
instanceKlass org/apache/tomcat/util/buf/MessageBytes$MessageBytesFactory
instanceKlass org/apache/tomcat/util/buf/MessageBytes
instanceKlass javax/servlet/http/HttpUpgradeHandler
instanceKlass org/apache/coyote/http11/OutputFilter
instanceKlass org/apache/coyote/http11/HttpOutputBuffer
instanceKlass org/apache/coyote/http11/InputFilter
instanceKlass org/apache/coyote/OutputBuffer
instanceKlass org/apache/coyote/InputBuffer
instanceKlass org/apache/coyote/AbstractProcessorLight
instanceKlass org/apache/coyote/ActionHook
instanceKlass org/apache/tomcat/util/net/ContainerThreadMarker
instanceKlass org/apache/coyote/ContainerThreadMarker
instanceKlass sun/nio/ch/WindowsSelectorImpl$MapEntry
instanceKlass org/apache/tomcat/util/net/NioEndpoint$PollerEvent
instanceKlass java/util/concurrent/Semaphore
instanceKlass java/util/concurrent/BlockingDeque
instanceKlass org/apache/tomcat/util/net/WriteBuffer
instanceKlass org/apache/tomcat/util/net/SocketWrapperBase$3
instanceKlass org/apache/tomcat/util/net/SocketWrapperBase$2
instanceKlass org/apache/tomcat/util/net/SocketWrapperBase$1
instanceKlass org/apache/tomcat/util/net/SendfileDataBase
instanceKlass org/apache/tomcat/util/net/SocketWrapperBase$OperationState
instanceKlass org/apache/tomcat/util/net/SocketWrapperBase$CompletionCheck
instanceKlass org/apache/tomcat/util/net/SocketBufferHandler
instanceKlass com/netflix/discovery/shared/Applications$$Lambda$1033
instanceKlass com/netflix/discovery/shared/transport/decorator/EurekaHttpClientDecorator$7
instanceKlass com/netflix/discovery/shared/Applications$$Lambda$1032
instanceKlass com/netflix/discovery/shared/Applications$$Lambda$1031
instanceKlass com/netflix/discovery/shared/Applications$$Lambda$1030
instanceKlass com/netflix/discovery/shared/Application$$Lambda$1029
instanceKlass com/netflix/discovery/util/DeserializerStringCache$$Lambda$1028
instanceKlass com/fasterxml/jackson/databind/deser/impl/PropertyValue
instanceKlass com/fasterxml/jackson/databind/deser/impl/PropertyValueBuffer
instanceKlass com/fasterxml/jackson/databind/deser/BeanDeserializer$1
instanceKlass com/fasterxml/jackson/databind/deser/impl/PropertyBasedCreator
instanceKlass com/fasterxml/jackson/databind/util/CompactStringObjectMap
instanceKlass com/fasterxml/jackson/annotation/JsonEnumDefaultValue
instanceKlass com/fasterxml/jackson/databind/util/EnumResolver
instanceKlass com/fasterxml/jackson/databind/deser/impl/ReadableObjectId$Referring
instanceKlass com/fasterxml/jackson/databind/deser/impl/BeanPropertyMap
instanceKlass com/fasterxml/jackson/annotation/JsonAlias
instanceKlass com/fasterxml/jackson/databind/introspect/POJOPropertyBuilder$8
instanceKlass com/fasterxml/jackson/databind/deser/impl/NullsConstantProvider
instanceKlass com/fasterxml/jackson/databind/deser/impl/CreatorCandidate$Param
instanceKlass com/fasterxml/jackson/databind/deser/impl/CreatorCandidate
instanceKlass com/fasterxml/jackson/databind/deser/BasicDeserializerFactory$1
instanceKlass com/fasterxml/jackson/databind/introspect/POJOPropertyBuilder$MemberIterator
instanceKlass com/fasterxml/jackson/databind/util/LinkedNode
instanceKlass com/fasterxml/jackson/databind/deser/BeanDeserializerBuilder
instanceKlass com/fasterxml/jackson/databind/deser/impl/CreatorCollector
instanceKlass com/fasterxml/jackson/core/JsonLocation
instanceKlass com/fasterxml/jackson/databind/deser/impl/JDKValueInstantiators
instanceKlass com/fasterxml/jackson/databind/annotation/JsonValueInstantiator
instanceKlass com/fasterxml/jackson/databind/jsontype/impl/SubTypeValidator
instanceKlass com/fasterxml/jackson/databind/deser/std/JdkDeserializers
instanceKlass com/netflix/discovery/util/DeserializerStringCache$CharBuffer$StringCharBuffer$1
instanceKlass com/netflix/discovery/converters/EurekaJacksonCodec$InstanceInfoDeserializer$$Lambda$1027
instanceKlass com/netflix/discovery/util/DeserializerStringCache$CharBuffer$StringCharBuffer
instanceKlass com/netflix/discovery/util/DeserializerStringCache$$Lambda$1026
instanceKlass com/netflix/discovery/util/DeserializerStringCache$CharBuffer$ArrayCharBuffer
instanceKlass com/netflix/discovery/util/DeserializerStringCache$CharBuffer
instanceKlass com/netflix/discovery/util/DeserializerStringCache$$Lambda$1025
instanceKlass com/netflix/discovery/converters/EurekaJacksonCodec$InstanceInfoDeserializer$PortField$$Lambda$1024
instanceKlass com/netflix/discovery/converters/EurekaJacksonCodec$InstanceInfoDeserializer$InstanceInfoField$$Lambda$1023
instanceKlass com/netflix/discovery/converters/EurekaJacksonCodec$1
instanceKlass com/netflix/discovery/converters/EurekaJacksonCodec$ApplicationDeserializer$ApplicationField$$Lambda$1022
instanceKlass com/netflix/discovery/shared/transport/decorator/EurekaHttpClientDecorator$3
instanceKlass org/apache/tomcat/PeriodicEventListener
instanceKlass org/apache/catalina/webresources/Cache$EvictionOrder
instanceKlass org/springframework/boot/StartupInfoLogger
instanceKlass org/springframework/boot/builder/ParentContextCloserApplicationListener$ContextCloserListener
instanceKlass com/fasterxml/jackson/databind/ser/impl/PropertySerializerMap$SerializerAndMapResult
instanceKlass com/fasterxml/jackson/databind/ser/std/MapSerializer$1
instanceKlass com/fasterxml/jackson/databind/ser/std/StdKeySerializers
instanceKlass com/fasterxml/jackson/databind/ser/BasicSerializerFactory$1
instanceKlass com/fasterxml/jackson/databind/type/TypeBindings$AsKey
instanceKlass com/fasterxml/jackson/databind/type/TypeBindings$TypeParamStash
instanceKlass com/fasterxml/jackson/databind/ser/std/NumberSerializers$1
instanceKlass com/fasterxml/jackson/annotation/JsonFilter
instanceKlass com/fasterxml/jackson/annotation/JsonIgnoreProperties$Value
instanceKlass com/fasterxml/jackson/annotation/JsonIgnoreProperties
instanceKlass com/fasterxml/jackson/databind/annotation/JsonAppend
instanceKlass com/fasterxml/jackson/databind/ser/impl/PropertySerializerMap
instanceKlass com/fasterxml/jackson/databind/introspect/POJOPropertyBuilder$1
instanceKlass com/fasterxml/jackson/databind/ser/PropertyBuilder$1
instanceKlass com/fasterxml/jackson/databind/BeanProperty$Std
instanceKlass com/fasterxml/jackson/databind/introspect/POJOPropertyBuilder$2
instanceKlass com/fasterxml/jackson/annotation/JsonTypeId
instanceKlass com/fasterxml/jackson/databind/introspect/POJOPropertyBuilder$3
instanceKlass com/fasterxml/jackson/annotation/JsonInclude
instanceKlass com/fasterxml/jackson/databind/ser/PropertyBuilder
instanceKlass com/fasterxml/jackson/annotation/JsonIgnoreType
instanceKlass com/fasterxml/jackson/databind/ser/BeanSerializerBuilder
instanceKlass com/fasterxml/jackson/databind/ext/Java7Handlers
instanceKlass com/fasterxml/jackson/databind/ext/OptionalHandlerFactory
instanceKlass com/fasterxml/jackson/databind/PropertyMetadata
instanceKlass com/fasterxml/jackson/databind/introspect/POJOPropertyBuilder$7
instanceKlass com/fasterxml/jackson/databind/introspect/POJOPropertyBuilder$6
instanceKlass com/fasterxml/jackson/annotation/JsonPropertyDescription
instanceKlass com/fasterxml/jackson/databind/introspect/POJOPropertyBuilder$5
instanceKlass com/fasterxml/jackson/databind/introspect/POJOPropertyBuilder$4
instanceKlass com/fasterxml/jackson/annotation/JsonPropertyOrder
instanceKlass com/fasterxml/jackson/databind/annotation/JsonNaming
instanceKlass com/fasterxml/jackson/annotation/JacksonInject
instanceKlass com/fasterxml/jackson/databind/introspect/POJOPropertyBuilder$10
instanceKlass com/fasterxml/jackson/databind/introspect/POJOPropertyBuilder$9
instanceKlass com/fasterxml/jackson/annotation/JsonSetter
instanceKlass com/fasterxml/jackson/annotation/JsonCreator
instanceKlass com/netflix/appinfo/LeaseInfo$1
instanceKlass com/fasterxml/jackson/databind/util/BeanUtil
instanceKlass com/fasterxml/jackson/annotation/JsonAnyGetter
instanceKlass com/fasterxml/jackson/databind/introspect/AnnotatedMethodMap
instanceKlass com/fasterxml/jackson/databind/introspect/AnnotatedMethodCollector$MethodBuilder
instanceKlass com/fasterxml/jackson/databind/introspect/MemberKey
instanceKlass com/fasterxml/jackson/databind/introspect/POJOPropertyBuilder$Linked
instanceKlass com/fasterxml/jackson/databind/AnnotationIntrospector$ReferenceProperty
instanceKlass com/fasterxml/jackson/databind/introspect/POJOPropertyBuilder$WithMember
instanceKlass com/fasterxml/jackson/annotation/JsonIgnore
instanceKlass com/fasterxml/jackson/annotation/JsonAutoDetect$1
instanceKlass com/fasterxml/jackson/annotation/JsonProperty
instanceKlass com/fasterxml/jackson/annotation/JsonGetter
instanceKlass com/fasterxml/jackson/annotation/JsonAnySetter
instanceKlass com/fasterxml/jackson/annotation/JsonValue
instanceKlass com/fasterxml/jackson/databind/introspect/AnnotatedFieldCollector$FieldBuilder
instanceKlass com/fasterxml/jackson/databind/introspect/TypeResolutionContext$Basic
instanceKlass com/fasterxml/jackson/databind/introspect/CollectorBase
instanceKlass com/fasterxml/jackson/databind/introspect/AnnotationCollector$OneAnnotation
instanceKlass com/fasterxml/jackson/databind/jsontype/impl/StdTypeResolverBuilder$1
instanceKlass com/fasterxml/jackson/annotation/JsonSubTypes
instanceKlass org/springframework/boot/web/embedded/tomcat/TomcatWebServer$$Lambda$1021
instanceKlass com/fasterxml/jackson/annotation/JsonTypeName
instanceKlass org/springframework/boot/web/embedded/tomcat/TomcatWebServer$$Lambda$1020
instanceKlass org/springframework/boot/web/embedded/tomcat/TomcatWebServer$$Lambda$1019
instanceKlass com/fasterxml/jackson/annotation/JsonTypeInfo$None
instanceKlass javax/servlet/SingleThreadModel
instanceKlass javax/servlet/annotation/MultipartConfig
instanceKlass org/springframework/boot/web/embedded/tomcat/TomcatEmbeddedContext$$Lambda$1018
instanceKlass org/springframework/boot/web/embedded/tomcat/TomcatEmbeddedContext$$Lambda$1017
instanceKlass java/util/TreeMap$TreeMapSpliterator
instanceKlass com/fasterxml/jackson/databind/jsontype/TypeDeserializer
instanceKlass org/springframework/boot/web/embedded/tomcat/TomcatEmbeddedContext$$Lambda$1016
instanceKlass org/apache/coyote/AbstractProtocol$$Lambda$1014
instanceKlass org/springframework/boot/web/embedded/tomcat/TomcatEmbeddedContext$$Lambda$1015
instanceKlass org/apache/coyote/AbstractProtocol$$Lambda$1013
instanceKlass org/apache/tomcat/util/net/Acceptor
instanceKlass com/fasterxml/jackson/databind/jsontype/TypeSerializer
instanceKlass com/fasterxml/jackson/databind/jsontype/impl/StdTypeResolverBuilder
instanceKlass org/apache/tomcat/util/net/NioEndpoint$Poller
instanceKlass org/apache/tomcat/util/threads/ThreadPoolExecutor$RejectHandler
instanceKlass com/fasterxml/jackson/core/io/NumberOutput
instanceKlass java/nio/channels/spi/AbstractSelector$1
instanceKlass org/apache/tomcat/util/collections/SynchronizedQueue
instanceKlass org/apache/tomcat/util/net/NioBlockingSelector
instanceKlass sun/nio/ch/OptionKey
instanceKlass sun/nio/ch/SocketOptionRegistry$LazyInitialization
instanceKlass sun/nio/ch/SocketOptionRegistry$RegistryKey
instanceKlass sun/nio/ch/SocketOptionRegistry
instanceKlass jdk/net/SocketFlow
instanceKlass sun/net/ExtendedOptionsImpl$$Lambda$1012
instanceKlass sun/net/ExtendedOptionsImpl
instanceKlass sun/nio/ch/ExtendedSocketOption$1
instanceKlass sun/nio/ch/ExtendedSocketOption
instanceKlass sun/nio/ch/SocketChannelImpl$DefaultOptionsHolder
instanceKlass java/net/StandardSocketOptions$StdSocketOption
instanceKlass java/net/SocketOption
instanceKlass java/net/StandardSocketOptions
instanceKlass sun/net/util/IPAddressUtil
instanceKlass sun/nio/ch/PipeImpl$Initializer$LoopbackConnector
instanceKlass sun/nio/ch/PipeImpl$Initializer
instanceKlass java/nio/channels/Pipe
instanceKlass sun/nio/ch/NativeObject
instanceKlass sun/nio/ch/PollArrayWrapper
instanceKlass sun/nio/ch/WindowsSelectorImpl$FinishLock
instanceKlass sun/nio/ch/WindowsSelectorImpl$StartLock
instanceKlass sun/nio/ch/WindowsSelectorImpl$SubSelector
instanceKlass java/nio/channels/SelectionKey
instanceKlass sun/nio/ch/Util$3
instanceKlass javax/ws/rs/core/GenericEntity
instanceKlass java/nio/channels/Selector
instanceKlass com/sun/jersey/api/client/RequestWriter$RequestEntityWriterImpl
instanceKlass java/net/ServerSocket
instanceKlass sun/nio/ch/Net$3
instanceKlass sun/nio/ch/Net$4
instanceKlass sun/nio/ch/Net$1
instanceKlass java/net/ProtocolFamily
instanceKlass sun/nio/ch/Net
instanceKlass sun/nio/ch/SelChImpl
instanceKlass sun/nio/ch/DefaultSelectorProvider
instanceKlass com/netflix/discovery/shared/transport/decorator/EurekaHttpClientDecorator$1
instanceKlass java/nio/channels/spi/SelectorProvider$1
instanceKlass java/nio/channels/spi/SelectorProvider
instanceKlass com/netflix/appinfo/HealthCheckCallbackToHandlerBridge
instanceKlass com/netflix/appinfo/AmazonInfo
instanceKlass com/netflix/appinfo/UniqueIdentifier
instanceKlass org/springframework/cloud/netflix/eureka/serviceregistry/EurekaServiceRegistry$$Lambda$1011
instanceKlass com/netflix/discovery/InstanceInfoReplicator$1
instanceKlass java/util/stream/ReduceOps$5ReducingSink
instanceKlass java/util/stream/IntPipeline$$Lambda$1010
instanceKlass java/util/function/IntBinaryOperator
instanceKlass com/netflix/discovery/shared/Applications$$Lambda$1009
instanceKlass java/util/concurrent/ConcurrentLinkedQueue$CLQSpliterator
instanceKlass com/netflix/discovery/DiscoveryClient$3
instanceKlass com/netflix/discovery/util/RateLimiter$1
instanceKlass com/netflix/discovery/util/RateLimiter
instanceKlass com/netflix/discovery/InstanceInfoReplicator
instanceKlass com/netflix/discovery/DiscoveryClient$HeartbeatThread
instanceKlass com/netflix/discovery/DiscoveryClient$CacheRefreshThread
instanceKlass com/netflix/discovery/DiscoveryEvent
instanceKlass com/netflix/discovery/shared/transport/EurekaHttpResponse$EurekaHttpResponseBuilder
instanceKlass com/sun/jersey/core/provider/CompletableReader
instanceKlass com/netflix/discovery/util/DeserializerStringCache$$Lambda$1008
instanceKlass com/netflix/discovery/util/DeserializerStringCache$$Lambda$1007
instanceKlass com/fasterxml/jackson/core/io/NumberInput
instanceKlass com/fasterxml/jackson/core/util/TextBuffer
instanceKlass com/fasterxml/jackson/core/JsonStreamContext
instanceKlass com/fasterxml/jackson/core/json/ByteSourceJsonBootstrapper
instanceKlass com/fasterxml/jackson/core/util/BufferRecycler
instanceKlass com/fasterxml/jackson/core/util/BufferRecyclers
instanceKlass com/fasterxml/jackson/core/io/IOContext
instanceKlass com/netflix/discovery/util/DeserializerStringCache
instanceKlass com/netflix/discovery/converters/EurekaJacksonCodec$$Lambda$1006
instanceKlass com/fasterxml/jackson/core/filter/TokenFilter
instanceKlass com/netflix/discovery/converters/EurekaJacksonCodec$$Lambda$1005
instanceKlass javax/ws/rs/core/Response$StatusType
instanceKlass com/sun/jersey/api/client/Statuses
instanceKlass org/apache/http/client/methods/CloseableHttpResponse
instanceKlass org/apache/http/impl/client/CloseableHttpResponseProxy
instanceKlass org/apache/http/entity/HttpEntityWrapper
instanceKlass org/apache/http/conn/EofSensorWatcher
instanceKlass org/apache/http/impl/auth/HttpAuthenticator$1
instanceKlass org/apache/http/message/BasicHeaderElement
instanceKlass org/apache/http/message/BasicNameValuePair
instanceKlass org/apache/http/message/TokenParser
instanceKlass org/apache/http/message/BasicHeaderValueParser
instanceKlass org/apache/http/message/HeaderValueParser
instanceKlass org/apache/http/message/BasicHeaderElementIterator
instanceKlass org/apache/http/message/BasicTokenIterator
instanceKlass org/apache/http/entity/AbstractHttpEntity
instanceKlass org/apache/http/message/BufferedHeader
instanceKlass org/apache/http/message/BasicStatusLine
instanceKlass org/apache/http/FormattedHeader
instanceKlass org/apache/http/message/BasicListHeaderIterator
instanceKlass org/apache/http/client/protocol/RequestAuthenticationBase$1
instanceKlass org/apache/http/cookie/CookieSpecRegistry$1
instanceKlass org/apache/http/cookie/CookieOrigin
instanceKlass org/apache/http/protocol/HttpCoreContext
instanceKlass org/apache/http/message/BasicRequestLine
instanceKlass org/apache/http/message/ParserCursor
instanceKlass org/apache/http/client/utils/URLEncodedUtils
instanceKlass org/apache/http/client/utils/URIBuilder
instanceKlass org/apache/http/client/utils/URIUtils
instanceKlass org/apache/http/conn/routing/BasicRouteDirector
instanceKlass org/apache/http/impl/HttpConnectionMetricsImpl
instanceKlass org/apache/http/message/BasicLineFormatter
instanceKlass org/apache/http/message/LineFormatter
instanceKlass org/apache/http/impl/io/AbstractMessageWriter
instanceKlass org/apache/http/util/CharArrayBuffer
instanceKlass org/apache/http/message/BasicLineParser
instanceKlass org/apache/http/config/MessageConstraints$Builder
instanceKlass org/apache/http/config/MessageConstraints
instanceKlass org/apache/http/params/HttpParamConfig
instanceKlass org/apache/http/message/LineParser
instanceKlass org/apache/http/impl/io/AbstractMessageParser
instanceKlass org/apache/http/impl/EnglishReasonPhraseCatalog
instanceKlass org/apache/http/StatusLine
instanceKlass org/apache/http/ReasonPhraseCatalog
instanceKlass org/apache/http/impl/DefaultHttpResponseFactory
instanceKlass org/apache/http/impl/io/AbstractSessionOutputBuffer
instanceKlass org/apache/http/impl/io/HttpTransportMetricsImpl
instanceKlass org/apache/http/util/ByteArrayBuffer
instanceKlass org/apache/http/io/HttpTransportMetrics
instanceKlass org/apache/http/impl/io/AbstractSessionInputBuffer
instanceKlass org/apache/http/io/BufferInfo
instanceKlass org/apache/http/io/EofSensor
instanceKlass org/apache/http/conn/routing/RouteTracker
instanceKlass org/apache/http/client/methods/AbstractExecutionAwareRequest$2
instanceKlass org/apache/http/impl/conn/AbstractClientConnAdapter
instanceKlass org/apache/http/impl/entity/LaxContentLengthStrategy
instanceKlass org/apache/http/impl/entity/EntityDeserializer
instanceKlass org/apache/http/impl/entity/StrictContentLengthStrategy
instanceKlass org/apache/http/impl/entity/EntitySerializer
instanceKlass org/apache/http/io/SessionInputBuffer
instanceKlass org/apache/http/io/SessionOutputBuffer
instanceKlass org/apache/http/HttpConnectionMetrics
instanceKlass org/apache/http/entity/ContentLengthStrategy
instanceKlass org/apache/http/io/HttpMessageParser
instanceKlass org/apache/http/io/HttpMessageWriter
instanceKlass org/apache/http/HttpResponseFactory
instanceKlass org/apache/http/impl/AbstractHttpClientConnection
instanceKlass org/apache/http/util/LangUtils
instanceKlass org/apache/http/client/params/HttpClientParams
instanceKlass org/apache/http/client/methods/AbstractExecutionAwareRequest$1
instanceKlass org/apache/http/conn/ManagedClientConnection
instanceKlass org/apache/http/conn/ManagedHttpClientConnection
instanceKlass org/apache/http/conn/HttpRoutedConnection
instanceKlass org/apache/http/impl/conn/tsccm/ThreadSafeClientConnManager$1
instanceKlass org/apache/http/impl/conn/tsccm/ConnPoolByRoute$1
instanceKlass org/apache/http/impl/client/RoutedRequest
instanceKlass org/apache/http/util/Asserts
instanceKlass org/apache/http/conn/params/ConnRouteParams
instanceKlass org/apache/http/conn/params/ConnRoutePNames
instanceKlass org/apache/http/auth/AuthState
instanceKlass org/apache/http/impl/client/AuthenticationStrategyAdaptor
instanceKlass org/apache/http/impl/client/DefaultRedirectStrategyAdaptor
instanceKlass org/apache/http/impl/auth/HttpAuthenticator
instanceKlass org/apache/http/HttpEntityEnclosingRequest
instanceKlass org/apache/http/conn/routing/HttpRouteDirector
instanceKlass org/apache/http/conn/ConnectionReleaseTrigger
instanceKlass org/apache/http/impl/client/DefaultRequestDirector
instanceKlass org/apache/http/impl/client/DefaultUserTokenHandler
instanceKlass org/apache/http/impl/client/AuthenticationStrategyImpl
instanceKlass org/apache/http/impl/client/DefaultRedirectStrategy
instanceKlass org/apache/http/impl/client/DefaultHttpRequestRetryHandler
instanceKlass org/apache/http/protocol/ImmutableHttpProcessor
instanceKlass org/apache/http/client/protocol/RequestAuthenticationBase
instanceKlass org/apache/http/client/protocol/RequestAuthCache
instanceKlass org/apache/http/client/protocol/ResponseProcessCookies
instanceKlass org/apache/http/client/protocol/RequestAddCookies
instanceKlass org/apache/http/protocol/RequestExpectContinue
instanceKlass org/apache/http/protocol/RequestUserAgent
instanceKlass org/apache/http/client/protocol/RequestClientConnControl
instanceKlass org/apache/http/protocol/RequestTargetHost
instanceKlass org/apache/http/protocol/RequestContent
instanceKlass org/apache/http/client/protocol/RequestDefaultHeaders
instanceKlass org/apache/http/protocol/BasicHttpProcessor
instanceKlass org/apache/http/protocol/HttpResponseInterceptorList
instanceKlass org/apache/http/protocol/HttpRequestInterceptorList
instanceKlass org/apache/http/impl/conn/DefaultHttpRoutePlanner
instanceKlass org/apache/http/HeaderElementIterator
instanceKlass org/apache/http/impl/client/DefaultConnectionKeepAliveStrategy
instanceKlass org/apache/http/TokenIterator
instanceKlass org/apache/http/impl/DefaultConnectionReuseStrategy
instanceKlass org/apache/http/client/config/RequestConfig$Builder
instanceKlass org/apache/http/client/params/HttpClientParamConfig
instanceKlass org/apache/http/impl/client/BasicCredentialsProvider
instanceKlass org/apache/http/impl/cookie/IgnoreSpecFactory
instanceKlass org/apache/http/impl/cookie/RFC2965SpecFactory
instanceKlass org/apache/http/impl/cookie/RFC2109SpecFactory
instanceKlass org/apache/http/impl/cookie/NetscapeDraftSpecFactory
instanceKlass org/apache/http/impl/cookie/BrowserCompatSpecFactory
instanceKlass org/apache/http/impl/cookie/BasicDomainHandler
instanceKlass org/apache/http/impl/cookie/RFC2109DomainHandler
instanceKlass org/apache/http/impl/cookie/RFC2965DiscardAttributeHandler
instanceKlass org/apache/http/impl/cookie/RFC2965CommentUrlAttributeHandler
instanceKlass org/apache/http/impl/cookie/AbstractCookieAttributeHandler
instanceKlass org/apache/http/impl/cookie/RFC2965PortAttributeHandler
instanceKlass org/apache/http/impl/cookie/RFC2965DomainAttributeHandler
instanceKlass org/apache/http/impl/cookie/BasicPathHandler
instanceKlass org/apache/http/impl/cookie/RFC2965VersionAttributeHandler
instanceKlass org/apache/http/cookie/CommonCookieAttributeHandler
instanceKlass org/apache/http/cookie/CookieAttributeHandler
instanceKlass org/apache/http/cookie/SetCookie
instanceKlass org/apache/http/cookie/Cookie
instanceKlass org/apache/http/impl/cookie/AbstractCookieSpec
instanceKlass org/apache/http/impl/cookie/DefaultCookieSpec
instanceKlass org/apache/http/cookie/CookieSpec
instanceKlass org/apache/http/impl/cookie/BestMatchSpecFactory
instanceKlass org/apache/http/cookie/CookieSpecProvider
instanceKlass org/apache/http/cookie/CookieSpecRegistry
instanceKlass org/apache/http/impl/auth/KerberosSchemeFactory
instanceKlass org/apache/http/impl/auth/SPNegoSchemeFactory
instanceKlass org/apache/http/impl/auth/NTLMSchemeFactory
instanceKlass org/apache/http/impl/auth/DigestSchemeFactory
instanceKlass org/apache/http/impl/auth/BasicSchemeFactory
instanceKlass org/apache/http/auth/AuthSchemeProvider
instanceKlass org/apache/http/auth/AuthSchemeRegistry
instanceKlass org/apache/http/protocol/BasicHttpContext
instanceKlass org/apache/http/util/TextUtils
instanceKlass org/apache/http/HeaderElement
instanceKlass org/apache/http/message/BasicHeader
instanceKlass com/sun/jersey/core/util/KeyComparatorLinkedHashMap$LinkedHashIterator
instanceKlass org/apache/http/HeaderIterator
instanceKlass org/apache/http/message/HeaderGroup
instanceKlass org/apache/http/RequestLine
instanceKlass org/apache/http/concurrent/Cancellable
instanceKlass org/apache/http/Header
instanceKlass org/apache/http/NameValuePair
instanceKlass org/apache/http/message/AbstractHttpMessage
instanceKlass org/apache/http/client/methods/AbortableHttpRequest
instanceKlass org/apache/http/client/methods/HttpExecutionAware
instanceKlass com/sun/jersey/core/util/StringIgnoreCaseKeyComparator
instanceKlass com/sun/jersey/api/client/PartialRequestBuilder
instanceKlass com/sun/jersey/api/uri/UriComponent
instanceKlass com/sun/jersey/api/client/UniformInterface
instanceKlass com/sun/jersey/api/client/RequestBuilder
instanceKlass com/netflix/discovery/shared/transport/jersey/AbstractJerseyEurekaHttpClient
instanceKlass java/util/concurrent/ConcurrentSkipListMap$Iter
instanceKlass com/netflix/discovery/shared/transport/TransportUtils
instanceKlass com/netflix/discovery/shared/transport/decorator/EurekaHttpClientDecorator$6
instanceKlass com/google/common/base/CommonPattern
instanceKlass com/google/common/base/Platform$JdkPatternCompiler
instanceKlass com/google/common/base/PatternCompiler
instanceKlass com/google/common/base/Platform
instanceKlass com/google/common/base/Strings
instanceKlass com/netflix/servo/monitor/BasicStopwatch
instanceKlass com/google/common/collect/Multiset
instanceKlass com/google/common/collect/AbstractMultimap
instanceKlass com/google/common/collect/SortedSetMultimap
instanceKlass com/google/common/collect/ListMultimap
instanceKlass com/google/common/collect/SetMultimap
instanceKlass com/google/common/collect/Multimaps
instanceKlass com/netflix/discovery/AbstractAzToRegionMapper$1
instanceKlass com/netflix/discovery/InstanceRegionChecker
instanceKlass com/google/common/collect/Multimap
instanceKlass com/google/common/base/Supplier
instanceKlass com/netflix/discovery/AbstractAzToRegionMapper
instanceKlass com/netflix/discovery/shared/transport/EurekaHttpResponse
instanceKlass com/netflix/discovery/shared/transport/decorator/RetryableEurekaHttpClient$1
instanceKlass com/netflix/discovery/shared/transport/decorator/ServerStatusEvaluators$2
instanceKlass com/netflix/discovery/shared/transport/decorator/ServerStatusEvaluators$1
instanceKlass com/netflix/discovery/shared/transport/decorator/ServerStatusEvaluator
instanceKlass com/netflix/discovery/shared/transport/decorator/ServerStatusEvaluators
instanceKlass com/netflix/discovery/shared/transport/decorator/RedirectingEurekaHttpClient$1
instanceKlass com/netflix/discovery/shared/dns/DnsServiceImpl
instanceKlass com/netflix/discovery/shared/dns/DnsService
instanceKlass com/netflix/discovery/shared/transport/EurekaHttpClients$1
instanceKlass com/netflix/discovery/shared/resolver/AsyncResolver$1
instanceKlass com/netflix/discovery/shared/resolver/AsyncResolver
instanceKlass com/netflix/discovery/shared/resolver/DefaultEndpoint
instanceKlass com/netflix/discovery/shared/resolver/EurekaEndpoint
instanceKlass com/netflix/discovery/endpoint/EndpointUtils
instanceKlass com/netflix/discovery/shared/resolver/aws/ConfigClusterResolver
instanceKlass com/netflix/discovery/shared/resolver/aws/ZoneAffinityClusterResolver
instanceKlass com/netflix/discovery/shared/resolver/ClosableResolver
instanceKlass com/netflix/discovery/shared/transport/EurekaHttpClients
instanceKlass com/netflix/discovery/DiscoveryClient$2
instanceKlass com/netflix/discovery/shared/transport/jersey/Jersey1TransportClientFactories$2
instanceKlass com/netflix/discovery/shared/transport/decorator/MetricsCollectingEurekaHttpClient$2
instanceKlass com/netflix/discovery/util/ExceptionsMetric
instanceKlass com/netflix/discovery/util/ServoUtil
instanceKlass com/netflix/discovery/shared/transport/decorator/MetricsCollectingEurekaHttpClient$EurekaHttpClientRequestMetrics
instanceKlass com/netflix/discovery/shared/transport/EurekaHttpClientFactory
instanceKlass com/netflix/discovery/shared/transport/decorator/EurekaHttpClientDecorator$RequestExecutor
instanceKlass com/netflix/discovery/shared/transport/decorator/EurekaHttpClientDecorator
instanceKlass com/sun/jersey/api/client/ClientRequestAdapter
instanceKlass com/netflix/discovery/shared/transport/jersey/ApacheHttpClientConnectionCleaner$2
instanceKlass com/netflix/discovery/shared/transport/jersey/ApacheHttpClientConnectionCleaner$1
instanceKlass com/netflix/discovery/shared/transport/jersey/ApacheHttpClientConnectionCleaner
instanceKlass com/sun/jersey/api/client/ClientResponse
instanceKlass com/sun/jersey/api/client/ClientRequest
instanceKlass javax/ws/rs/core/StreamingOutput
instanceKlass com/sun/jersey/core/impl/provider/entity/StreamingOutputProvider
instanceKlass com/sun/jersey/core/spi/factory/MessageBodyFactory$2
instanceKlass com/sun/jersey/core/spi/factory/MessageBodyFactory$MessageBodyWriterPair
instanceKlass com/sun/jersey/core/reflection/ReflectionHelper$DeclaringClassInterfacePair
instanceKlass com/sun/jersey/core/impl/provider/entity/SourceProvider$SourceWriter
instanceKlass com/sun/jersey/core/impl/provider/entity/SourceProvider
instanceKlass org/w3c/dom/Document
instanceKlass com/sun/jersey/core/impl/provider/entity/Inflector$Replacer
instanceKlass com/sun/jersey/core/impl/provider/entity/Inflector
instanceKlass com/sun/jersey/core/provider/jaxb/AbstractListElementProvider$1
instanceKlass javax/xml/stream/XMLStreamReader
instanceKlass com/sun/jersey/core/provider/jaxb/AbstractListElementProvider$JaxbTypeChecker
instanceKlass javax/xml/bind/JAXBElement
instanceKlass com/sun/jersey/api/client/Client$4$1
instanceKlass com/sun/jersey/core/impl/provider/xml/ThreadLocalSingletonContextProvider$2
instanceKlass javax/xml/bind/JAXBContext
instanceKlass javax/xml/bind/Marshaller
instanceKlass javax/xml/bind/Unmarshaller
instanceKlass java/awt/image/RenderedImage
instanceKlass com/sun/jersey/core/util/ReaderWriter
instanceKlass javax/ws/rs/core/MultivaluedMap
instanceKlass com/sun/jersey/core/impl/provider/entity/EntityHolderReader
instanceKlass com/sun/jersey/core/impl/provider/entity/SourceProvider$DOMSourceReader
instanceKlass com/sun/jersey/core/impl/provider/entity/SourceProvider$SAXSourceReader
instanceKlass com/sun/jersey/core/impl/provider/entity/SourceProvider$StreamSourceReader
instanceKlass com/sun/jersey/core/provider/AbstractMessageReaderWriterProvider
instanceKlass com/sun/jersey/core/util/KeyComparatorHashMap$HashIterator
instanceKlass com/sun/jersey/core/spi/factory/MessageBodyFactory$DistanceComparator
instanceKlass com/sun/jersey/core/header/MediaTypes$3
instanceKlass com/sun/jersey/core/header/QualityFactor
instanceKlass com/sun/jersey/core/header/MediaTypes$2
instanceKlass com/sun/jersey/core/header/MediaTypes$1
instanceKlass com/sun/jersey/core/header/GrammarUtil
instanceKlass com/sun/jersey/core/header/reader/HttpHeaderReader$9
instanceKlass com/sun/jersey/core/header/reader/HttpHeaderReader$8
instanceKlass com/sun/jersey/core/header/reader/HttpHeaderReader$7
instanceKlass com/sun/jersey/core/header/reader/HttpHeaderReader$5
instanceKlass com/sun/jersey/core/header/reader/HttpHeaderReader$4
instanceKlass com/sun/jersey/core/header/reader/HttpHeaderReader$3
instanceKlass com/sun/jersey/core/header/reader/HttpHeaderReader$2
instanceKlass com/sun/jersey/core/header/reader/HttpHeaderReader$1
instanceKlass com/sun/jersey/core/header/reader/HttpHeaderReader$ListElementCreator
instanceKlass com/sun/jersey/core/header/reader/HttpHeaderReader
instanceKlass javax/ws/rs/core/MediaType$1
instanceKlass javax/ws/rs/core/Cookie
instanceKlass javax/ws/rs/core/CacheControl
instanceKlass javax/ws/rs/core/EntityTag
instanceKlass com/sun/jersey/core/impl/provider/header/StringProvider
instanceKlass com/sun/jersey/core/impl/provider/header/DateProvider
instanceKlass com/sun/jersey/core/impl/provider/header/URIProvider
instanceKlass com/sun/jersey/core/impl/provider/header/CookieProvider
instanceKlass com/sun/jersey/core/impl/provider/header/NewCookieProvider
instanceKlass com/sun/jersey/core/impl/provider/header/CacheControlProvider
instanceKlass com/sun/jersey/core/impl/provider/header/MediaTypeProvider
instanceKlass com/sun/jersey/core/impl/provider/header/EntityTagProvider
instanceKlass com/sun/jersey/core/impl/provider/header/LocaleProvider
instanceKlass com/sun/jersey/spi/HeaderDelegateProvider
instanceKlass javax/ws/rs/core/Variant$VariantListBuilder
instanceKlass javax/ws/rs/ext/RuntimeDelegate$HeaderDelegate
instanceKlass javax/ws/rs/core/Response$ResponseBuilder
instanceKlass javax/ws/rs/core/UriBuilder
instanceKlass javax/ws/rs/ext/FactoryFinder$1
instanceKlass javax/ws/rs/ext/FactoryFinder
instanceKlass javax/ws/rs/ext/RuntimeDelegate
instanceKlass javax/ws/rs/core/MediaType
instanceKlass com/sun/jersey/core/header/MediaTypes
instanceKlass javax/ws/rs/ext/Provider
instanceKlass com/sun/jersey/core/util/KeyComparatorHashMap$Entry
instanceKlass com/sun/jersey/core/spi/factory/ContextResolverFactory$1
instanceKlass com/sun/jersey/api/client/Client$4
instanceKlass com/sun/jersey/api/client/Client$3
instanceKlass com/sun/jersey/core/spi/factory/MessageBodyFactory$1
instanceKlass com/sun/jersey/core/util/KeyComparator
instanceKlass com/sun/jersey/core/spi/factory/MessageBodyFactory
instanceKlass com/sun/jersey/core/spi/factory/ContextResolverFactory$NullContextResolverAdapter
instanceKlass javax/ws/rs/ext/ContextResolver
instanceKlass com/sun/jersey/core/spi/factory/ContextResolverFactory
instanceKlass javax/xml/stream/XMLInputFactory
instanceKlass com/sun/jersey/core/spi/component/ComponentDestructor
instanceKlass com/sun/jersey/core/spi/component/ProviderFactory$SingletonComponentProvider
instanceKlass com/sun/jersey/core/spi/component/ProviderFactory$Destroyable
instanceKlass com/sun/jersey/core/reflection/MethodList$4
instanceKlass com/sun/jersey/core/reflection/MethodList$7
instanceKlass com/sun/jersey/core/reflection/MethodList$8
instanceKlass com/sun/jersey/core/spi/component/ComponentConstructor$ConstructorInjectablePair
instanceKlass com/sun/jersey/core/spi/component/AnnotatedContext
instanceKlass com/sun/jersey/core/spi/component/ComponentConstructor$ConstructorComparator
instanceKlass com/sun/jersey/core/reflection/MethodList$3
instanceKlass com/sun/jersey/core/reflection/MethodList$2
instanceKlass com/sun/jersey/core/reflection/MethodList$5
instanceKlass com/sun/jersey/core/reflection/ReflectionHelper$9
instanceKlass javax/ws/rs/FormParam
instanceKlass javax/ws/rs/PathParam
instanceKlass javax/ws/rs/HeaderParam
instanceKlass javax/ws/rs/CookieParam
instanceKlass javax/ws/rs/QueryParam
instanceKlass javax/ws/rs/MatrixParam
instanceKlass javax/ws/rs/DefaultValue
instanceKlass javax/ws/rs/Encoded
instanceKlass javax/ws/rs/Consumes
instanceKlass javax/ws/rs/Produces
instanceKlass javax/ws/rs/Path
instanceKlass javax/ws/rs/HttpMethod
instanceKlass com/sun/jersey/core/reflection/AnnotatedMethod
instanceKlass javax/xml/parsers/SAXParserFactory
instanceKlass com/sun/jersey/core/reflection/MethodList$Filter
instanceKlass com/sun/jersey/core/reflection/MethodList
instanceKlass com/sun/jersey/core/reflection/ReflectionHelper$2
instanceKlass com/sun/jersey/core/reflection/ReflectionHelper$4
instanceKlass com/sun/jersey/core/spi/component/ComponentConstructor
instanceKlass com/sun/jersey/core/spi/component/ComponentContext
instanceKlass com/sun/jersey/core/spi/component/ComponentInjector
instanceKlass com/sun/jersey/core/spi/component/ProviderServices$ProviderClass
instanceKlass com/sun/jersey/spi/inject/ConstrainedTo
instanceKlass com/sun/jersey/core/impl/provider/xml/ThreadLocalSingletonContextProvider
instanceKlass com/sun/jersey/core/reflection/ReflectionHelper$3
instanceKlass com/sun/jersey/core/spi/factory/InjectableProviderFactory$1
instanceKlass com/sun/jersey/core/spi/factory/InjectableProviderFactory$MetaInjectableProvider
instanceKlass com/sun/jersey/core/reflection/ReflectionHelper$ClassTypePair
instanceKlass javax/ws/rs/core/Context
instanceKlass com/sun/jersey/spi/inject/SingletonTypeInjectableProvider
instanceKlass com/sun/jersey/spi/inject/Injectable
instanceKlass com/sun/jersey/client/proxy/ViewProxyProvider
instanceKlass com/sun/jersey/spi/inject/ConstrainedToType
instanceKlass com/sun/jersey/core/spi/component/ProviderServices
instanceKlass com/sun/jersey/core/spi/component/ComponentProvider
instanceKlass com/sun/jersey/client/impl/CopyOnWriteHashMap
instanceKlass com/sun/jersey/core/spi/component/ProviderServices$ProviderListener
instanceKlass com/sun/jersey/core/spi/factory/InjectableProviderFactory
instanceKlass com/sun/jersey/spi/service/ServiceFinder$AbstractLazyIterator
instanceKlass com/sun/jersey/spi/service/ServiceFinder$ServiceIteratorProvider
instanceKlass com/sun/jersey/core/reflection/ReflectionHelper$1
instanceKlass com/sun/jersey/core/reflection/ReflectionHelper
instanceKlass com/sun/jersey/spi/service/ServiceFinder
instanceKlass com/sun/jersey/spi/inject/Errors
instanceKlass com/sun/jersey/api/client/Client$1
instanceKlass org/apache/http/client/methods/HttpUriRequest
instanceKlass org/apache/http/HttpEntity
instanceKlass org/apache/http/client/AuthCache
instanceKlass org/apache/http/auth/AuthScheme
instanceKlass com/sun/jersey/api/client/RequestWriter$RequestEntityWriter
instanceKlass com/sun/jersey/api/client/RequestWriter
instanceKlass org/apache/http/cookie/CookieIdentityComparator
instanceKlass org/apache/http/impl/client/BasicCookieStore
instanceKlass org/apache/http/util/VersionInfo
instanceKlass org/apache/http/params/HttpConnectionParams
instanceKlass org/apache/http/params/CoreConnectionPNames
instanceKlass org/apache/http/protocol/HTTP
instanceKlass org/apache/http/params/HttpProtocolParams
instanceKlass org/apache/http/params/CoreProtocolPNames
instanceKlass org/apache/http/params/AbstractHttpParams
instanceKlass org/apache/http/params/HttpParamsNames
instanceKlass org/apache/http/ProtocolVersion
instanceKlass org/apache/http/client/RequestDirector
instanceKlass org/apache/http/client/RedirectHandler
instanceKlass org/apache/http/cookie/CookieSpecFactory
instanceKlass org/apache/http/auth/AuthSchemeFactory
instanceKlass org/apache/http/params/HttpParams
instanceKlass org/apache/http/client/AuthenticationHandler
instanceKlass org/apache/http/protocol/HttpContext
instanceKlass org/apache/http/HttpRequest
instanceKlass org/apache/http/HttpResponse
instanceKlass org/apache/http/HttpMessage
instanceKlass org/apache/http/auth/Credentials
instanceKlass com/sun/jersey/spi/MessageBodyWorkers
instanceKlass javax/ws/rs/ext/Providers
instanceKlass com/sun/jersey/spi/inject/InjectableProvider
instanceKlass com/sun/jersey/core/spi/component/ProviderFactory
instanceKlass com/sun/jersey/core/spi/component/ComponentProviderFactory
instanceKlass com/sun/jersey/spi/inject/InjectableProviderContext
instanceKlass com/sun/jersey/core/spi/component/ioc/IoCComponentProcessorFactory
instanceKlass com/sun/jersey/core/util/LazyVal
instanceKlass com/sun/jersey/spi/inject/Errors$Closure
instanceKlass com/netflix/discovery/shared/transport/jersey/EurekaJerseyClientImpl
instanceKlass com/netflix/discovery/util/DiscoveryBuildInfo
instanceKlass com/thoughtworks/xstream/security/ExplicitTypePermission$1
instanceKlass java/time/chrono/Ser
instanceKlass java/time/Ser
instanceKlass com/thoughtworks/xstream/security/InterfaceTypePermission
instanceKlass com/thoughtworks/xstream/security/ArrayTypePermission
instanceKlass com/thoughtworks/xstream/security/PrimitiveTypePermission
instanceKlass com/thoughtworks/xstream/security/NullPermission
instanceKlass com/netflix/discovery/shared/Applications$VipIndexSupport
instanceKlass com/thoughtworks/xstream/mapper/ImplicitCollectionMapper$NamedItemType
instanceKlass com/thoughtworks/xstream/mapper/ImplicitCollectionMapper$ImplicitCollectionMappingImpl
instanceKlass com/thoughtworks/xstream/mapper/ImplicitCollectionMapper$ImplicitCollectionMapperForClass
instanceKlass com/fasterxml/jackson/databind/jsontype/impl/TypeIdResolverBase
instanceKlass com/fasterxml/jackson/databind/jsontype/TypeIdResolver
instanceKlass com/fasterxml/jackson/databind/annotation/JsonTypeIdResolver
instanceKlass com/netflix/discovery/converters/Auto
instanceKlass com/thoughtworks/xstream/annotations/XStreamOmitField
instanceKlass com/thoughtworks/xstream/annotations/XStreamImplicit
instanceKlass com/thoughtworks/xstream/annotations/XStreamAsAttribute
instanceKlass com/thoughtworks/xstream/annotations/XStreamImplicitCollection
instanceKlass com/thoughtworks/xstream/annotations/XStreamAliasType
instanceKlass com/thoughtworks/xstream/annotations/XStreamConverter
instanceKlass com/thoughtworks/xstream/annotations/XStreamConverters
instanceKlass com/thoughtworks/xstream/annotations/XStreamInclude
instanceKlass com/netflix/discovery/converters/Converters$MetadataConverter
instanceKlass com/netflix/discovery/converters/Converters$LeaseInfoConverter
instanceKlass com/netflix/discovery/converters/Converters$InstanceInfoConverter
instanceKlass com/netflix/discovery/converters/Converters$DataCenterInfoConverter
instanceKlass com/netflix/discovery/converters/Converters$ApplicationsConverter
instanceKlass com/netflix/discovery/converters/Converters$ApplicationConverter
instanceKlass com/thoughtworks/xstream/core/TreeUnmarshaller
instanceKlass com/thoughtworks/xstream/converters/UnmarshallingContext
instanceKlass com/thoughtworks/xstream/core/TreeMarshaller
instanceKlass com/thoughtworks/xstream/converters/MarshallingContext
instanceKlass com/thoughtworks/xstream/core/AbstractTreeMarshallingStrategy
instanceKlass com/thoughtworks/xstream/core/util/SelfStreamingInstanceChecker
instanceKlass com/thoughtworks/xstream/converters/time/ZoneIdConverter
instanceKlass com/thoughtworks/xstream/converters/time/ZonedDateTimeConverter
instanceKlass com/thoughtworks/xstream/converters/time/WeekFieldsConverter
instanceKlass com/thoughtworks/xstream/converters/time/ValueRangeConverter
instanceKlass com/thoughtworks/xstream/converters/time/SystemClockConverter
instanceKlass com/thoughtworks/xstream/converters/time/OffsetTimeConverter
instanceKlass com/thoughtworks/xstream/converters/time/OffsetDateTimeConverter
instanceKlass com/thoughtworks/xstream/converters/time/LocalTimeConverter
instanceKlass com/thoughtworks/xstream/converters/time/LocalDateTimeConverter
instanceKlass com/thoughtworks/xstream/converters/time/ChronologyConverter
instanceKlass com/thoughtworks/xstream/converters/extended/ActivationDataFlavorConverter
instanceKlass com/thoughtworks/xstream/converters/enums/EnumSetConverter
instanceKlass com/thoughtworks/xstream/converters/enums/EnumConverter
instanceKlass javax/xml/datatype/SecuritySupport$1
instanceKlass javax/xml/datatype/FactoryFinder$1
instanceKlass javax/xml/datatype/SecuritySupport$5
instanceKlass javax/xml/datatype/SecuritySupport$2
instanceKlass javax/xml/datatype/SecuritySupport
instanceKlass javax/xml/datatype/FactoryFinder
instanceKlass com/thoughtworks/xstream/converters/extended/DurationConverter$1
instanceKlass javax/xml/datatype/DatatypeFactory
instanceKlass com/thoughtworks/xstream/converters/extended/RegexPatternConverter
instanceKlass com/thoughtworks/xstream/converters/extended/StackTraceElementFactory
instanceKlass com/thoughtworks/xstream/converters/extended/ThrowableConverter
instanceKlass com/thoughtworks/xstream/converters/extended/GregorianCalendarConverter
instanceKlass com/thoughtworks/xstream/converters/extended/ColorConverter
instanceKlass com/thoughtworks/xstream/converters/extended/FontConverter
instanceKlass com/thoughtworks/xstream/converters/extended/JavaFieldConverter
instanceKlass com/thoughtworks/xstream/converters/extended/JavaMethodConverter
instanceKlass com/thoughtworks/xstream/converters/extended/DynamicProxyConverter
instanceKlass com/thoughtworks/xstream/converters/extended/EncodedByteArrayConverter
instanceKlass com/thoughtworks/xstream/converters/collections/PropertiesConverter
instanceKlass com/thoughtworks/xstream/converters/collections/CharArrayConverter
instanceKlass com/thoughtworks/xstream/converters/collections/AbstractCollectionConverter
instanceKlass com/thoughtworks/xstream/converters/collections/BitSetConverter
instanceKlass com/thoughtworks/xstream/core/util/ThreadSafeSimpleDateFormat$1
instanceKlass com/thoughtworks/xstream/core/util/Pool
instanceKlass com/thoughtworks/xstream/core/util/Pool$Factory
instanceKlass com/thoughtworks/xstream/core/util/ThreadSafeSimpleDateFormat
instanceKlass com/thoughtworks/xstream/core/util/WeakCache$Visitor
instanceKlass com/thoughtworks/xstream/converters/basic/CharConverter
instanceKlass com/thoughtworks/xstream/converters/basic/AbstractSingleValueConverter
instanceKlass com/thoughtworks/xstream/converters/basic/NullConverter
instanceKlass com/thoughtworks/xstream/converters/reflection/ExternalizableConverter
instanceKlass com/thoughtworks/xstream/converters/reflection/ReflectionProviderWrapper
instanceKlass com/thoughtworks/xstream/core/util/PrioritizedList$PrioritizedItem
instanceKlass com/thoughtworks/xstream/core/util/FastField
instanceKlass com/thoughtworks/xstream/core/util/SerializationMembers$1
instanceKlass com/thoughtworks/xstream/core/util/SerializationMembers
instanceKlass com/thoughtworks/xstream/converters/reflection/SerializationMethodInvoker
instanceKlass com/thoughtworks/xstream/converters/reflection/AbstractReflectionConverter$FieldMarshaller
instanceKlass com/thoughtworks/xstream/core/util/ArrayIterator
instanceKlass com/thoughtworks/xstream/converters/reflection/ReflectionProvider$Visitor
instanceKlass com/thoughtworks/xstream/converters/reflection/AbstractReflectionConverter
instanceKlass java/lang/invoke/SerializedLambda
instanceKlass java/time/temporal/WeekFields$ComputedDayOfField
instanceKlass java/time/temporal/WeekFields
instanceKlass sun/util/locale/LocaleExtensions
instanceKlass sun/util/locale/InternalLocaleBuilder$CaseInsensitiveString
instanceKlass sun/util/locale/Extension
instanceKlass sun/util/locale/InternalLocaleBuilder$CaseInsensitiveChar
instanceKlass sun/util/locale/InternalLocaleBuilder
instanceKlass sun/util/locale/StringTokenIterator
instanceKlass sun/util/locale/ParseStatus
instanceKlass sun/util/calendar/Era
instanceKlass sun/util/calendar/CalendarSystem$1
instanceKlass java/time/chrono/JapaneseEra
instanceKlass javax/xml/datatype/Duration
instanceKlass javax/security/auth/Subject
instanceKlass sun/awt/image/SurfaceManager
instanceKlass sun/awt/image/SurfaceManager$ImageAccessor
instanceKlass java/awt/ImageCapabilities
instanceKlass java/awt/Image
instanceKlass java/awt/datatransfer/MimeType
instanceKlass java/awt/datatransfer/MimeTypeParameterList
instanceKlass java/awt/datatransfer/DataFlavor
instanceKlass java/awt/Font
instanceKlass javax/sql/rowset/BaseRowSet
instanceKlass javax/activation/DataSource
instanceKlass com/thoughtworks/xstream/security/TypeHierarchyPermission
instanceKlass com/thoughtworks/xstream/security/RegExpTypePermission
instanceKlass com/thoughtworks/xstream/security/NoPermission
instanceKlass com/thoughtworks/xstream/security/ExplicitTypePermission
instanceKlass com/thoughtworks/xstream/security/NoTypePermission
instanceKlass com/thoughtworks/xstream/security/AnyTypePermission
instanceKlass com/thoughtworks/xstream/core/util/TypedNull
instanceKlass com/thoughtworks/xstream/converters/SingleValueConverterWrapper
instanceKlass com/thoughtworks/xstream/mapper/AnnotationConfiguration
instanceKlass com/thoughtworks/xstream/mapper/Mapper$Null
instanceKlass com/thoughtworks/xstream/mapper/Mapper$ImplicitCollectionMapping
instanceKlass com/thoughtworks/xstream/mapper/PackageAliasingMapper$1
instanceKlass com/thoughtworks/xstream/XStream$2
instanceKlass com/thoughtworks/xstream/XStream$1
instanceKlass com/thoughtworks/xstream/core/util/PrioritizedList
instanceKlass com/thoughtworks/xstream/core/DefaultConverterLookup
instanceKlass com/thoughtworks/xstream/core/ClassLoaderReference
instanceKlass com/thoughtworks/xstream/core/util/Base64JavaUtilCodec
instanceKlass javax/swing/LookAndFeel
instanceKlass java/awt/Color
instanceKlass java/awt/Paint
instanceKlass java/awt/Transparency
instanceKlass com/thoughtworks/xstream/core/util/FastStack
instanceKlass java/io/ObjectOutputStream$PutField
instanceKlass java/util/Collections$UnmodifiableList$1
instanceKlass java/text/CalendarBuilder
instanceKlass com/thoughtworks/xstream/core/util/PresortedSet
instanceKlass com/thoughtworks/xstream/core/util/PresortedMap$1
instanceKlass com/thoughtworks/xstream/core/util/PresortedMap
instanceKlass com/thoughtworks/xstream/core/JVM$1
instanceKlass com/thoughtworks/xstream/converters/reflection/FieldUtil15
instanceKlass com/thoughtworks/xstream/converters/reflection/ImmutableFieldKeySorter
instanceKlass com/thoughtworks/xstream/converters/reflection/FieldDictionary$DictionaryEntry
instanceKlass com/thoughtworks/xstream/converters/reflection/FieldDictionary$FieldUtil
instanceKlass com/thoughtworks/xstream/converters/reflection/FieldKey
instanceKlass com/thoughtworks/xstream/converters/reflection/FieldDictionary
instanceKlass com/thoughtworks/xstream/core/util/DependencyInjectionFactory
instanceKlass com/thoughtworks/xstream/converters/reflection/FieldKeySorter
instanceKlass com/thoughtworks/xstream/converters/reflection/PureJavaReflectionProvider
instanceKlass com/thoughtworks/xstream/converters/reflection/ReflectionProvider
instanceKlass com/thoughtworks/xstream/core/JVM$Test
instanceKlass com/thoughtworks/xstream/core/StringCodec
instanceKlass com/thoughtworks/xstream/core/JVM
instanceKlass com/thoughtworks/xstream/core/Caching
instanceKlass com/thoughtworks/xstream/io/xml/XmlFriendlyNameCoder
instanceKlass com/thoughtworks/xstream/io/HierarchicalStreamWriter
instanceKlass com/thoughtworks/xstream/io/HierarchicalStreamReader
instanceKlass com/thoughtworks/xstream/converters/ErrorReporter
instanceKlass com/thoughtworks/xstream/io/AbstractDriver
instanceKlass com/thoughtworks/xstream/io/naming/NameCoder
instanceKlass com/thoughtworks/xstream/converters/ConverterRegistry
instanceKlass com/thoughtworks/xstream/converters/ConverterLookup
instanceKlass com/thoughtworks/xstream/io/HierarchicalStreamDriver
instanceKlass com/thoughtworks/xstream/converters/ErrorWriter
instanceKlass com/thoughtworks/xstream/mapper/MapperWrapper
instanceKlass com/thoughtworks/xstream/mapper/DefaultMapper
instanceKlass com/thoughtworks/xstream/mapper/Mapper
instanceKlass com/thoughtworks/xstream/converters/SingleValueConverter
instanceKlass com/thoughtworks/xstream/converters/DataHolder
instanceKlass com/thoughtworks/xstream/core/util/CustomObjectOutputStream$StreamCallback
instanceKlass com/thoughtworks/xstream/converters/Converter
instanceKlass com/thoughtworks/xstream/converters/ConverterMatcher
instanceKlass com/thoughtworks/xstream/core/util/CustomObjectInputStream$StreamCallback
instanceKlass com/thoughtworks/xstream/security/TypePermission
instanceKlass com/thoughtworks/xstream/MarshallingStrategy
instanceKlass com/thoughtworks/xstream/XStream
instanceKlass com/netflix/discovery/converters/EurekaJacksonCodec$$Lambda$1004
instanceKlass com/fasterxml/jackson/databind/annotation/JsonTypeResolver
instanceKlass com/fasterxml/jackson/databind/util/ArrayIterator
instanceKlass com/fasterxml/jackson/annotation/JsonIdentityInfo
instanceKlass com/fasterxml/jackson/annotation/JsonAutoDetect
instanceKlass com/fasterxml/jackson/databind/introspect/POJOPropertiesCollector
instanceKlass com/fasterxml/jackson/databind/introspect/AnnotationMap
instanceKlass com/fasterxml/jackson/annotation/JacksonAnnotationsInside
instanceKlass com/fasterxml/jackson/annotation/JacksonAnnotation
instanceKlass com/fasterxml/jackson/annotation/JsonRootName
instanceKlass com/thoughtworks/xstream/annotations/XStreamAlias
instanceKlass com/netflix/discovery/provider/Serializer
instanceKlass com/netflix/appinfo/providers/EurekaConfigBasedInstanceInfoProvider
instanceKlass com/google/inject/ProvidedBy
instanceKlass com/fasterxml/jackson/databind/util/TypeKey
instanceKlass com/fasterxml/jackson/databind/ser/impl/ReadOnlyClassToSerializerMap$Bucket
instanceKlass com/fasterxml/jackson/databind/ser/impl/ReadOnlyClassToSerializerMap
instanceKlass com/fasterxml/jackson/databind/type/ClassStack
instanceKlass com/fasterxml/jackson/databind/ObjectWriter$Prefetch
instanceKlass com/fasterxml/jackson/databind/ObjectWriter$GeneratorSettings
instanceKlass com/fasterxml/jackson/core/util/MinimalPrettyPrinter
instanceKlass com/netflix/discovery/converters/EurekaJacksonCodec$$Lambda$1003
instanceKlass com/netflix/discovery/converters/EurekaJacksonCodec$$Lambda$1002
instanceKlass com/netflix/discovery/converters/EurekaJacksonCodec$$Lambda$1001
instanceKlass com/netflix/discovery/converters/EurekaJacksonCodec$InstanceInfoDeserializer$$Lambda$1000
instanceKlass com/netflix/discovery/converters/EnumLookup$$Lambda$999
instanceKlass com/netflix/discovery/converters/EnumLookup$$Lambda$998
instanceKlass com/netflix/discovery/converters/EurekaJacksonCodec$LeaseInfoDeserializer$$Lambda$997
instanceKlass com/netflix/discovery/converters/EnumLookup
instanceKlass com/netflix/discovery/DiscoveryManager
instanceKlass com/netflix/discovery/converters/EurekaJacksonCodec
instanceKlass com/netflix/discovery/provider/DiscoveryJerseyProvider
instanceKlass javax/ws/rs/ext/MessageBodyReader
instanceKlass javax/ws/rs/ext/MessageBodyWriter
instanceKlass com/netflix/servo/tag/SortedTagList$Builder
instanceKlass com/netflix/servo/tag/SortedTagList
instanceKlass com/netflix/servo/annotations/Monitor
instanceKlass org/apache/http/impl/conn/tsccm/WaitingThread
instanceKlass org/apache/http/impl/conn/tsccm/WaitingThreadAborter
instanceKlass org/apache/http/conn/routing/HttpRoute
instanceKlass org/apache/http/conn/routing/RouteInfo
instanceKlass org/apache/http/impl/conn/tsccm/RouteSpecificPool
instanceKlass org/apache/http/impl/conn/AbstractPoolEntry
instanceKlass com/netflix/servo/util/Reflection
instanceKlass com/netflix/servo/annotations/MonitorTags
instanceKlass org/apache/http/impl/conn/IdleConnectionHandler
instanceKlass org/apache/http/impl/conn/tsccm/PoolEntryRequest
instanceKlass org/apache/http/impl/conn/SystemDefaultDnsResolver
instanceKlass org/apache/http/conn/OperatedClientConnection
instanceKlass org/apache/http/HttpInetConnection
instanceKlass org/apache/http/HttpClientConnection
instanceKlass org/apache/http/HttpConnection
instanceKlass org/apache/http/impl/conn/DefaultClientConnectionOperator
instanceKlass org/apache/http/conn/params/ConnPerRouteBean
instanceKlass org/apache/http/conn/params/ConnPerRoute
instanceKlass org/apache/http/conn/ClientConnectionOperator
instanceKlass org/apache/http/conn/ClientConnectionRequest
instanceKlass org/apache/http/impl/conn/tsccm/AbstractConnPool
instanceKlass org/apache/http/impl/conn/tsccm/ThreadSafeClientConnManager
instanceKlass org/apache/http/conn/ClientConnectionManager
instanceKlass com/netflix/discovery/shared/transport/jersey/SSLSocketFactoryAdapter$DummyX509HostnameVerifier
instanceKlass org/apache/http/conn/util/PublicSuffixList
instanceKlass org/apache/http/Consts
instanceKlass org/apache/http/conn/util/PublicSuffixListParser
instanceKlass org/apache/http/conn/util/PublicSuffixMatcherLoader
instanceKlass org/apache/http/conn/ssl/DefaultHostnameVerifier
instanceKlass sun/security/validator/KeyStores
instanceKlass javax/net/ssl/X509ExtendedTrustManager
instanceKlass javax/net/ssl/X509TrustManager
instanceKlass javax/net/ssl/TrustManager
instanceKlass sun/security/ssl/TrustManagerFactoryImpl$1
instanceKlass java/security/KeyStore$1
instanceKlass sun/security/ssl/TrustManagerFactoryImpl$2
instanceKlass javax/net/ssl/TrustManagerFactorySpi
instanceKlass javax/net/ssl/TrustManagerFactory$1
instanceKlass javax/net/ssl/TrustManagerFactory
instanceKlass javax/net/ssl/X509ExtendedKeyManager
instanceKlass javax/net/ssl/X509KeyManager
instanceKlass javax/net/ssl/KeyManager
instanceKlass sun/security/ssl/SSLSessionContextImpl$1
instanceKlass sun/security/ssl/SSLSessionContextImpl
instanceKlass javax/net/ssl/SSLSessionContext
instanceKlass sun/security/ssl/EphemeralKeyManager$EphemeralKeyPair
instanceKlass sun/security/ssl/EphemeralKeyManager
instanceKlass sun/security/ssl/SSLContextImpl$CustomizedSSLProtocols
instanceKlass sun/security/ssl/CipherSuiteList
instanceKlass java/security/spec/ECGenParameterSpec
instanceKlass sun/security/util/ECKeySizeParameterSpec
instanceKlass sun/security/util/SecurityProviderConstants
instanceKlass java/security/KeyPairGeneratorSpi
instanceKlass javax/crypto/KeyAgreement
instanceKlass sun/security/ssl/JsseJce$EcAvailability
instanceKlass sun/security/ssl/SSLAlgorithmDecomposer$1
instanceKlass sun/security/ssl/CipherSuite$MacAlg
instanceKlass javax/crypto/JceSecurityManager$1
instanceKlass javax/crypto/Cipher
instanceKlass sun/security/krb5/Realm
instanceKlass sun/security/krb5/PrincipalName
instanceKlass sun/security/ssl/JsseJce$1
instanceKlass sun/security/ssl/JsseJce
instanceKlass sun/security/ssl/CipherSuite$BulkCipher
instanceKlass sun/security/ssl/CipherSuite
instanceKlass sun/security/ssl/SSLAlgorithmConstraints
instanceKlass sun/security/ssl/ProtocolVersion
instanceKlass sun/security/ssl/ProtocolList
instanceKlass sun/security/ssl/Debug
instanceKlass javax/net/ssl/SSLContextSpi
instanceKlass org/apache/http/ssl/SSLContexts
instanceKlass org/apache/http/conn/ssl/SSLConnectionSocketFactory
instanceKlass org/apache/http/conn/ssl/AbstractVerifier
instanceKlass org/apache/http/util/Args
instanceKlass org/apache/http/conn/scheme/PlainSocketFactory
instanceKlass org/apache/http/conn/scheme/SocketFactoryAdaptor
instanceKlass org/apache/http/conn/scheme/Scheme
instanceKlass org/apache/http/conn/scheme/SchemeRegistry
instanceKlass org/apache/http/conn/ssl/SSLSocketFactory
instanceKlass org/apache/http/conn/scheme/LayeredSocketFactory
instanceKlass org/apache/http/conn/scheme/SocketFactory
instanceKlass org/apache/http/conn/scheme/LayeredSchemeSocketFactory
instanceKlass org/apache/http/conn/scheme/SchemeLayeredSocketFactory
instanceKlass com/sun/jersey/api/client/config/DefaultClientConfig
instanceKlass com/sun/jersey/client/apache4/config/ApacheHttpClient4Config
instanceKlass com/netflix/discovery/shared/transport/jersey/EurekaJerseyClientImpl$EurekaJerseyClientBuilder
instanceKlass com/netflix/discovery/shared/transport/jersey/JerseyEurekaHttpClientFactory$$Lambda$996
instanceKlass com/netflix/discovery/shared/transport/jersey/JerseyEurekaHttpClientFactory$$Lambda$995
instanceKlass com/netflix/discovery/converters/wrappers/CodecWrappers$1
instanceKlass com/sun/jersey/api/client/config/ClientConfig
instanceKlass com/sun/jersey/core/util/FeaturesAndProperties
instanceKlass org/apache/http/conn/scheme/SchemeSocketFactory
instanceKlass com/netflix/discovery/shared/transport/EurekaClientFactoryBuilder
instanceKlass com/netflix/discovery/shared/transport/EurekaHttpClient
instanceKlass com/sun/jersey/api/client/filter/Filterable
instanceKlass com/netflix/discovery/shared/transport/jersey/JerseyEurekaHttpClientFactory
instanceKlass com/netflix/appinfo/AbstractEurekaIdentity
instanceKlass com/netflix/discovery/shared/transport/jersey/Jersey1TransportClientFactories
instanceKlass com/netflix/discovery/DiscoveryClient$EurekaTransport
instanceKlass com/google/common/util/concurrent/ThreadFactoryBuilder$1
instanceKlass java/util/concurrent/Executors$DefaultThreadFactory
instanceKlass com/google/common/util/concurrent/ThreadFactoryBuilder
instanceKlass com/netflix/servo/jmx/JmxMonitorRegistry$$Lambda$994
instanceKlass com/netflix/servo/util/Strings
instanceKlass com/netflix/servo/jmx/ObjectNameBuilder
instanceKlass com/netflix/servo/jmx/MonitorMBean
instanceKlass sun/management/Flag$1
instanceKlass sun/management/Flag
instanceKlass sun/management/ExtendedPlatformComponent
instanceKlass sun/management/DiagnosticCommandImpl$Wrapper
instanceKlass sun/management/DiagnosticCommandArgumentInfo
instanceKlass sun/management/DiagnosticCommandInfo
instanceKlass sun/management/DiagnosticCommandImpl$OperationInfoComparator
instanceKlass java/lang/management/ManagementFactory$3
instanceKlass com/sun/management/DiagnosticCommandMBean
instanceKlass com/sun/management/VMOption
instanceKlass sun/management/HotSpotDiagnostic
instanceKlass com/sun/management/HotSpotDiagnosticMXBean
instanceKlass com/sun/management/UnixOperatingSystemMXBean
instanceKlass sun/nio/ch/FileChannelImpl$1
instanceKlass sun/management/ManagementFactoryHelper$1
instanceKlass java/nio/Bits$1$1
instanceKlass sun/misc/JavaNioAccess$BufferPool
instanceKlass java/lang/management/BufferPoolMXBean
instanceKlass javax/management/MBeanInfo$ArrayGettersSafeAction
instanceKlass javax/management/openmbean/OpenMBeanOperationInfo
instanceKlass sun/management/ManagementFactoryHelper$PlatformLoggingImpl
instanceKlass sun/management/ManagementFactoryHelper$LoggingMXBean
instanceKlass java/util/logging/LoggingMXBean
instanceKlass java/lang/management/PlatformLoggingMXBean
instanceKlass java/lang/management/LockInfo
instanceKlass java/lang/management/ThreadInfo
instanceKlass sun/management/ThreadImpl
instanceKlass com/sun/management/ThreadMXBean
instanceKlass java/lang/management/ThreadMXBean
instanceKlass sun/management/BaseOperatingSystemImpl
instanceKlass com/sun/management/OperatingSystemMXBean
instanceKlass java/lang/management/OperatingSystemMXBean
instanceKlass sun/management/Sensor
instanceKlass sun/management/MemoryPoolImpl
instanceKlass java/lang/management/MemoryPoolMXBean
instanceKlass javax/management/DescriptorKey
instanceKlass com/sun/management/GcInfo
instanceKlass javax/management/openmbean/CompositeDataView
instanceKlass jdk/Exported
instanceKlass com/sun/management/GarbageCollectorMXBean
instanceKlass sun/management/ManagementFactory
instanceKlass java/lang/management/GarbageCollectorMXBean
instanceKlass java/lang/management/MemoryManagerMXBean
instanceKlass com/sun/jmx/mbeanserver/PerInterface$MethodAndSig
instanceKlass sun/management/CompilationImpl
instanceKlass sun/management/VMManagementImpl$1
instanceKlass java/lang/management/CompilationMXBean
instanceKlass com/sun/jmx/mbeanserver/WeakIdentityHashMap
instanceKlass com/sun/jmx/mbeanserver/MXBeanLookup
instanceKlass com/sun/jmx/mbeanserver/PerInterface$InitMaps
instanceKlass com/sun/jmx/mbeanserver/PerInterface
instanceKlass javax/management/openmbean/OpenMBeanAttributeInfo
instanceKlass javax/management/openmbean/OpenMBeanParameterInfo
instanceKlass com/sun/jmx/mbeanserver/MBeanIntrospector$MBeanInfoMaker
instanceKlass com/sun/jmx/mbeanserver/MBeanAnalyzer$MBeanVisitor
instanceKlass com/sun/jmx/mbeanserver/MBeanAnalyzer$AttrMethods
instanceKlass com/sun/jmx/mbeanserver/MXBeanMapping
instanceKlass javax/management/openmbean/TabularData
instanceKlass javax/management/openmbean/CompositeData
instanceKlass javax/management/openmbean/OpenType
instanceKlass com/sun/jmx/mbeanserver/MXBeanMappingFactory
instanceKlass com/sun/jmx/mbeanserver/ConvertingMethod
instanceKlass com/sun/jmx/mbeanserver/MBeanAnalyzer$MethodOrder
instanceKlass com/sun/jmx/mbeanserver/MBeanAnalyzer
instanceKlass com/sun/jmx/mbeanserver/MBeanIntrospector
instanceKlass javax/management/MXBean
instanceKlass com/sun/jmx/mbeanserver/MBeanSupport
instanceKlass com/sun/jmx/mbeanserver/DescriptorCache
instanceKlass javax/management/JMX
instanceKlass javax/management/StandardMBean
instanceKlass java/lang/management/ManagementFactory$2
instanceKlass sun/management/Util
instanceKlass sun/management/ClassLoadingImpl
instanceKlass java/lang/management/ClassLoadingMXBean
instanceKlass java/lang/management/PlatformComponent$15
instanceKlass java/lang/management/PlatformComponent$14
instanceKlass java/lang/management/PlatformComponent$13
instanceKlass java/lang/management/PlatformComponent$12
instanceKlass java/lang/management/PlatformComponent$11
instanceKlass java/lang/management/PlatformComponent$10
instanceKlass java/lang/management/PlatformComponent$9
instanceKlass java/lang/management/PlatformComponent$8
instanceKlass java/lang/management/PlatformComponent$7
instanceKlass java/lang/management/PlatformComponent$6
instanceKlass java/lang/management/PlatformComponent$5
instanceKlass java/lang/management/PlatformComponent$4
instanceKlass java/lang/management/PlatformComponent$3
instanceKlass java/lang/management/PlatformComponent$2
instanceKlass java/lang/management/PlatformComponent$1
instanceKlass java/lang/management/PlatformComponent$MXBeanFetcher
instanceKlass com/sun/jmx/mbeanserver/JmxMBeanServer$3
instanceKlass javax/management/ObjectInstance
instanceKlass com/sun/jmx/mbeanserver/NamedObject
instanceKlass com/sun/jmx/interceptor/DefaultMBeanServerInterceptor$ResourceContext$1
instanceKlass com/sun/jmx/interceptor/DefaultMBeanServerInterceptor$ResourceContext
instanceKlass com/sun/jmx/mbeanserver/Repository$RegistrationContext
instanceKlass com/sun/jmx/mbeanserver/DynamicMBean2
instanceKlass com/sun/jmx/defaults/JmxProperties
instanceKlass com/sun/jmx/mbeanserver/Introspector
instanceKlass com/sun/jmx/mbeanserver/JmxMBeanServer$2
instanceKlass com/sun/jmx/interceptor/DefaultMBeanServerInterceptor
instanceKlass com/sun/jmx/interceptor/MBeanServerInterceptor
instanceKlass com/sun/jmx/mbeanserver/Repository
instanceKlass com/sun/jmx/mbeanserver/JmxMBeanServer$1
instanceKlass com/sun/jmx/mbeanserver/SecureClassLoaderRepository
instanceKlass com/sun/jmx/mbeanserver/MBeanInstantiator
instanceKlass com/sun/jmx/mbeanserver/ClassLoaderRepositorySupport$LoaderEntry
instanceKlass com/sun/jmx/mbeanserver/ClassLoaderRepositorySupport
instanceKlass com/sun/jmx/mbeanserver/ModifiableClassLoaderRepository
instanceKlass javax/management/loading/ClassLoaderRepository
instanceKlass javax/management/ImmutableDescriptor
instanceKlass javax/management/Descriptor
instanceKlass javax/management/MBeanInfo
instanceKlass javax/management/MBeanServerDelegate
instanceKlass javax/management/MBeanServerDelegateMBean
instanceKlass com/sun/jmx/mbeanserver/JmxMBeanServer
instanceKlass com/sun/jmx/mbeanserver/SunJmxMBeanServer
instanceKlass javax/management/MBeanServerBuilder
instanceKlass javax/management/MBeanServerFactory
instanceKlass com/netflix/servo/jmx/DefaultObjectNameMapper
instanceKlass com/netflix/servo/jmx/ObjectNameMapper
instanceKlass com/netflix/servo/jmx/JmxMonitorRegistry
instanceKlass com/netflix/servo/DefaultMonitorRegistry
instanceKlass com/netflix/servo/MonitorRegistry
instanceKlass com/netflix/discovery/util/ThresholdLevelsMetric
instanceKlass com/netflix/discovery/endpoint/EndpointUtils$InstanceInfoBasedUrlRandomizer
instanceKlass com/netflix/discovery/DiscoveryClient$Stats
instanceKlass com/netflix/servo/util/UnmodifiableList
instanceKlass com/netflix/servo/monitor/Gauge
instanceKlass com/netflix/servo/monitor/Pollers
instanceKlass com/netflix/servo/monitor/StepLong
instanceKlass com/google/common/collect/MapMakerInternalMap$StrongValueEntry
instanceKlass com/netflix/servo/tag/BasicTag
instanceKlass java/util/concurrent/atomic/AtomicReferenceArray
instanceKlass com/google/common/collect/MapMakerInternalMap$WeakKeyDummyValueEntry$Helper
instanceKlass com/google/common/base/MoreObjects
instanceKlass com/google/common/collect/MapMakerInternalMap$InternalEntry
instanceKlass com/google/common/collect/MapMakerInternalMap$1
instanceKlass com/google/common/collect/MapMakerInternalMap$InternalEntryHelper
instanceKlass com/google/common/collect/MapMakerInternalMap$WeakValueReference
instanceKlass com/google/common/base/Predicate
instanceKlass com/google/common/base/Equivalence
instanceKlass com/google/common/collect/Interners$InternerImpl
instanceKlass com/google/common/base/Preconditions
instanceKlass com/google/common/collect/MapMaker
instanceKlass com/google/common/collect/Interner
instanceKlass com/google/common/collect/Interners$InternerBuilder
instanceKlass com/google/common/collect/Interners
instanceKlass com/netflix/servo/tag/Tags
instanceKlass com/netflix/servo/monitor/Stopwatch
instanceKlass com/netflix/servo/util/Clock
instanceKlass com/netflix/servo/tag/SmallTagMap$SmallTagIterator
instanceKlass com/netflix/servo/tag/SmallTagMap$Builder$$Lambda$993
instanceKlass com/netflix/servo/tag/BasicTagList
instanceKlass com/netflix/servo/util/Preconditions
instanceKlass com/netflix/servo/monitor/DefaultPublishingPolicy
instanceKlass com/netflix/servo/tag/SmallTagMap$Builder
instanceKlass com/netflix/servo/tag/SmallTagMap
instanceKlass com/netflix/servo/monitor/PublishingPolicy
instanceKlass com/netflix/servo/monitor/MonitorConfig$Builder
instanceKlass com/netflix/servo/monitor/MonitorConfig
instanceKlass com/netflix/servo/monitor/AbstractMonitor
instanceKlass com/netflix/servo/monitor/Monitors$CounterFactory
instanceKlass com/netflix/servo/monitor/CompositeMonitor
instanceKlass com/netflix/servo/tag/TagList
instanceKlass com/netflix/servo/monitor/Counter
instanceKlass com/google/common/base/Function
instanceKlass com/netflix/servo/monitor/Timer
instanceKlass com/netflix/servo/monitor/NumericMonitor
instanceKlass com/netflix/servo/tag/Tag
instanceKlass com/netflix/servo/monitor/Monitor
instanceKlass com/netflix/servo/monitor/Monitors
instanceKlass com/netflix/discovery/BackupRegistry
instanceKlass com/netflix/discovery/DiscoveryClient$1
instanceKlass com/netflix/discovery/DiscoveryClient$$Lambda$992
instanceKlass com/netflix/discovery/shared/resolver/EndpointRandomizer
instanceKlass com/netflix/discovery/shared/resolver/ResolverUtils
instanceKlass com/netflix/discovery/shared/resolver/ClusterResolver
instanceKlass com/netflix/discovery/shared/resolver/aws/ApplicationsResolver$ApplicationsSource
instanceKlass com/netflix/discovery/EurekaEvent
instanceKlass com/netflix/discovery/AzToRegionMapper
instanceKlass com/netflix/discovery/endpoint/EndpointUtils$ServiceUrlRandomizer
instanceKlass org/springframework/cloud/util/ProxyUtils
instanceKlass com/netflix/appinfo/InstanceInfo$Builder$$Lambda$991
instanceKlass com/netflix/discovery/util/StringCache
instanceKlass com/netflix/appinfo/providers/Archaius1VipAddressResolver
instanceKlass com/netflix/appinfo/providers/VipAddressResolver
instanceKlass com/netflix/appinfo/InstanceInfo$Builder$LazyHolder
instanceKlass com/netflix/appinfo/InstanceInfo$Builder
instanceKlass com/netflix/appinfo/LeaseInfo
instanceKlass com/netflix/appinfo/LeaseInfo$Builder
instanceKlass org/springframework/cloud/netflix/eureka/InstanceInfoFactory
instanceKlass org/springframework/cloud/context/scope/GenericScope$BeanLifecycleWrapper
instanceKlass org/springframework/beans/factory/support/AbstractBeanFactory$$Lambda$990
instanceKlass org/springframework/context/support/DefaultLifecycleProcessor$LifecycleGroupMember
instanceKlass org/springframework/context/support/DefaultLifecycleProcessor$LifecycleGroup
instanceKlass org/springframework/cloud/client/loadbalancer/LoadBalancerAutoConfiguration$$Lambda$989
instanceKlass javax/servlet/descriptor/JspConfigDescriptor
instanceKlass org/springframework/cloud/netflix/hystrix/ReactiveHystrixCircuitBreakerAutoConfiguration$$Lambda$988
instanceKlass org/springframework/cloud/netflix/hystrix/ReactiveHystrixCircuitBreakerFactory$$Lambda$987
instanceKlass com/netflix/hystrix/HystrixObservableCommand$Setter
instanceKlass org/springframework/cloud/client/circuitbreaker/ReactiveCircuitBreaker
instanceKlass org/springframework/cloud/netflix/hystrix/AbstractHystrixConfigBuilder
instanceKlass org/springframework/cloud/netflix/hystrix/HystrixCircuitBreaker
instanceKlass org/springframework/cloud/netflix/hystrix/HystrixCircuitBreakerAutoConfiguration$$Lambda$986
instanceKlass org/springframework/cloud/netflix/hystrix/HystrixCircuitBreakerFactory$$Lambda$985
instanceKlass com/netflix/hystrix/HystrixCommand$Setter
instanceKlass org/springframework/cloud/client/circuitbreaker/ConfigBuilder
instanceKlass org/springframework/cloud/client/circuitbreaker/CircuitBreaker
instanceKlass org/springframework/cloud/configuration/VerificationResult
instanceKlass org/springframework/cloud/configuration/SpringBootVersionVerifier$6
instanceKlass org/springframework/cloud/configuration/SpringBootVersionVerifier$5
instanceKlass org/springframework/cloud/configuration/SpringBootVersionVerifier$4
instanceKlass org/springframework/cloud/configuration/SpringBootVersionVerifier$3
instanceKlass org/springframework/cloud/configuration/SpringBootVersionVerifier$2
instanceKlass org/springframework/cloud/configuration/CompatibilityPredicate
instanceKlass org/springframework/cloud/commons/httpclient/DefaultApacheHttpClientFactory
instanceKlass org/apache/http/conn/ssl/X509HostnameVerifier
instanceKlass org/apache/http/conn/util/PublicSuffixMatcher
instanceKlass org/apache/http/client/config/RequestConfig
instanceKlass org/apache/http/config/ConnectionConfig
instanceKlass org/apache/http/config/SocketConfig
instanceKlass org/apache/http/HttpHost
instanceKlass org/apache/http/client/ServiceUnavailableRetryStrategy
instanceKlass org/apache/http/client/BackoffManager
instanceKlass org/apache/http/client/ConnectionBackoffStrategy
instanceKlass org/apache/http/conn/DnsResolver
instanceKlass org/apache/http/protocol/HttpRequestExecutor
instanceKlass org/apache/http/client/methods/Configurable
instanceKlass org/apache/http/impl/client/CloseableHttpClient
instanceKlass org/apache/http/client/CredentialsProvider
instanceKlass org/apache/http/client/CookieStore
instanceKlass org/apache/http/client/RedirectStrategy
instanceKlass org/apache/http/conn/routing/HttpRoutePlanner
instanceKlass org/apache/http/conn/SchemePortResolver
instanceKlass org/apache/http/client/HttpRequestRetryHandler
instanceKlass org/apache/http/impl/execchain/ClientExecChain
instanceKlass org/apache/http/config/Lookup
instanceKlass org/apache/http/protocol/HttpProcessor
instanceKlass org/apache/http/HttpResponseInterceptor
instanceKlass org/apache/http/HttpRequestInterceptor
instanceKlass org/apache/http/client/UserTokenHandler
instanceKlass org/apache/http/client/AuthenticationStrategy
instanceKlass org/apache/http/conn/ConnectionKeepAliveStrategy
instanceKlass org/apache/http/ConnectionReuseStrategy
instanceKlass org/apache/http/conn/socket/LayeredConnectionSocketFactory
instanceKlass org/apache/http/conn/socket/ConnectionSocketFactory
instanceKlass org/apache/http/config/RegistryBuilder
instanceKlass org/apache/http/conn/HttpClientConnectionManager
instanceKlass org/springframework/cloud/commons/httpclient/DefaultApacheHttpClientConnectionManagerFactory
instanceKlass org/springframework/cloud/client/loadbalancer/LoadBalancerAutoConfiguration$$Lambda$984
instanceKlass org/springframework/cloud/client/loadbalancer/LoadBalancerAutoConfiguration$LoadBalancerInterceptorConfig$$Lambda$983
instanceKlass org/springframework/http/client/ClientHttpResponse
instanceKlass org/springframework/http/client/ClientHttpRequestExecution
instanceKlass org/springframework/cloud/client/loadbalancer/LoadBalancerRequestTransformer
instanceKlass org/springframework/cloud/client/loadbalancer/AsyncLoadBalancerAutoConfiguration$AsyncRestTemplateCustomizerConfig$1
instanceKlass org/springframework/cloud/client/loadbalancer/LoadBalanced
instanceKlass org/springframework/cloud/client/loadbalancer/AsyncLoadBalancerAutoConfiguration$LoadBalancerInterceptorConfig$1
instanceKlass org/springframework/http/client/AsyncClientHttpRequestExecution
instanceKlass org/springframework/cloud/loadbalancer/blocking/client/BlockingLoadBalancerClient
instanceKlass org/springframework/cloud/client/loadbalancer/reactive/ReactiveLoadBalancer
instanceKlass org/springframework/cloud/loadbalancer/config/LoadBalancerAutoConfiguration$$Lambda$982
instanceKlass org/springframework/cloud/loadbalancer/annotation/LoadBalancerClientConfiguration
instanceKlass com/netflix/loadbalancer/ServerListFilter
instanceKlass com/netflix/loadbalancer/IRule
instanceKlass com/netflix/loadbalancer/IPing
instanceKlass com/netflix/loadbalancer/Server
instanceKlass org/springframework/cloud/client/loadbalancer/LoadBalancerRequest
instanceKlass org/springframework/cloud/netflix/ribbon/ServerIntrospector
instanceKlass com/netflix/loadbalancer/ILoadBalancer
instanceKlass com/netflix/client/config/IClientConfig
instanceKlass com/netflix/loadbalancer/LoadBalancerContext
instanceKlass org/springframework/cloud/netflix/ribbon/RibbonClientConfiguration
instanceKlass org/springframework/cloud/netflix/eureka/EurekaClientAutoConfiguration$$Lambda$981
instanceKlass org/springframework/cloud/commons/util/IdUtils
instanceKlass com/netflix/appinfo/MyDataCenterInfo
instanceKlass com/netflix/appinfo/DataCenterInfo
instanceKlass org/springframework/cloud/netflix/eureka/metadata/DefaultManagementMetadataProvider
instanceKlass org/springframework/cloud/client/actuator/NamedFeature
instanceKlass com/netflix/appinfo/ApplicationInfoManager$1
instanceKlass com/netflix/appinfo/ApplicationInfoManager$OptionalArgs
instanceKlass com/netflix/appinfo/ApplicationInfoManager$StatusChangeListener
instanceKlass com/netflix/appinfo/ApplicationInfoManager$InstanceStatusMapper
instanceKlass com/google/inject/Inject
instanceKlass javax/net/ssl/HostnameVerifier
instanceKlass javax/net/ssl/SSLContext
instanceKlass com/netflix/eventbus/spi/EventBus
instanceKlass com/netflix/discovery/shared/transport/jersey/TransportClientFactories
instanceKlass com/netflix/discovery/shared/transport/TransportClientFactory
instanceKlass com/netflix/discovery/shared/transport/jersey/EurekaJerseyClient
instanceKlass com/netflix/discovery/PreRegistrationHandler
instanceKlass org/springframework/boot/context/properties/source/ConfigurationPropertyName$$Lambda$980
instanceKlass org/springframework/boot/context/properties/source/ConfigurationPropertyName$$Lambda$979
instanceKlass com/netflix/discovery/converters/wrappers/CodecWrappers$JacksonJsonMini
instanceKlass com/netflix/discovery/converters/wrappers/CodecWrappers$JacksonXml
instanceKlass com/netflix/discovery/converters/wrappers/CodecWrappers$JacksonXmlMini
instanceKlass com/netflix/discovery/converters/wrappers/CodecWrappers$JacksonJson
instanceKlass com/netflix/discovery/converters/wrappers/CodecWrappers$XStreamJson
instanceKlass com/netflix/discovery/converters/wrappers/CodecWrappers$XStreamXml
instanceKlass com/netflix/discovery/converters/wrappers/CodecWrappers
instanceKlass com/netflix/discovery/converters/wrappers/CodecWrappers$LegacyJacksonJson
instanceKlass com/netflix/discovery/converters/wrappers/CodecWrapper
instanceKlass com/netflix/discovery/converters/wrappers/DecoderWrapper
instanceKlass com/netflix/discovery/converters/wrappers/EncoderWrapper
instanceKlass com/netflix/discovery/converters/wrappers/CodecWrapperBase
instanceKlass org/springframework/cloud/netflix/eureka/CloudEurekaTransportConfig
instanceKlass com/netflix/discovery/shared/transport/EurekaTransportConfig
instanceKlass com/netflix/appinfo/InstanceInfo
instanceKlass com/netflix/discovery/shared/Application
instanceKlass com/netflix/discovery/EurekaEventListener
instanceKlass com/netflix/appinfo/HealthCheckCallback
instanceKlass com/netflix/discovery/shared/Applications
instanceKlass org/springframework/cloud/client/discovery/simple/SimpleDiscoveryClient
instanceKlass org/springframework/cloud/client/DefaultServiceInstance
instanceKlass org/springframework/web/multipart/MultipartHttpServletRequest
instanceKlass org/springframework/web/multipart/MultipartRequest
instanceKlass org/springframework/transaction/support/TransactionCallback
instanceKlass org/springframework/boot/task/TaskSchedulerBuilder$$Lambda$978
instanceKlass org/springframework/boot/task/TaskSchedulerCustomizer
instanceKlass org/springframework/scheduling/annotation/SchedulingConfigurer
instanceKlass org/springframework/jdbc/core/namedparam/ParsedSql
instanceKlass org/springframework/jdbc/core/PreparedStatementCreatorFactory
instanceKlass org/springframework/jdbc/core/namedparam/SqlParameterSource
instanceKlass org/springframework/jdbc/core/ParameterizedPreparedStatementSetter
instanceKlass org/springframework/jdbc/support/rowset/SqlRowSet
instanceKlass org/springframework/jdbc/core/RowCallbackHandler
instanceKlass org/springframework/jdbc/core/CallableStatementCallback
instanceKlass org/springframework/jdbc/support/KeyHolder
instanceKlass org/springframework/jdbc/core/RowMapper
instanceKlass org/springframework/jdbc/core/SqlParameter
instanceKlass org/springframework/jdbc/core/PreparedStatementSetter
instanceKlass org/springframework/jdbc/core/BatchPreparedStatementSetter
instanceKlass org/springframework/jdbc/core/ResultSetExtractor
instanceKlass org/springframework/jdbc/core/PreparedStatementCallback
instanceKlass org/springframework/jdbc/core/CallableStatementCreator
instanceKlass org/springframework/jdbc/core/PreparedStatementCreator
instanceKlass org/springframework/jdbc/core/StatementCallback
instanceKlass org/springframework/jdbc/support/SQLExceptionTranslator
instanceKlass org/springframework/boot/info/InfoProperties
instanceKlass com/google/gson/internal/bind/ReflectiveTypeAdapterFactory$BoundField
instanceKlass com/google/gson/internal/bind/ReflectiveTypeAdapterFactory
instanceKlass com/google/gson/internal/bind/JsonAdapterAnnotationTypeAdapterFactory
instanceKlass com/google/gson/internal/bind/MapTypeAdapterFactory
instanceKlass com/google/gson/internal/bind/CollectionTypeAdapterFactory
instanceKlass com/google/gson/internal/bind/ArrayTypeAdapter$1
instanceKlass com/google/gson/internal/bind/SqlDateTypeAdapter$1
instanceKlass com/google/gson/internal/bind/TimeTypeAdapter$1
instanceKlass com/google/gson/internal/bind/DateTypeAdapter$1
instanceKlass java/util/concurrent/atomic/AtomicLongArray
instanceKlass com/google/gson/internal/bind/ObjectTypeAdapter$1
instanceKlass com/google/gson/internal/bind/TypeAdapters$30
instanceKlass com/google/gson/internal/bind/TypeAdapters$34
instanceKlass com/google/gson/internal/bind/TypeAdapters$26
instanceKlass com/google/gson/internal/bind/TypeAdapters$35
instanceKlass java/util/concurrent/atomic/AtomicIntegerArray
instanceKlass com/google/gson/internal/bind/TypeAdapters$33
instanceKlass com/google/gson/internal/bind/TypeAdapters$32
instanceKlass com/google/gson/internal/bind/TypeAdapters
instanceKlass com/google/gson/internal/JavaVersion
instanceKlass com/google/gson/internal/reflect/ReflectionAccessor
instanceKlass com/google/gson/internal/ObjectConstructor
instanceKlass com/google/gson/internal/ConstructorConstructor
instanceKlass com/google/gson/internal/$Gson$Types
instanceKlass com/google/gson/internal/$Gson$Preconditions
instanceKlass com/google/gson/reflect/TypeToken
instanceKlass com/google/gson/stream/JsonReader
instanceKlass com/google/gson/stream/JsonWriter
instanceKlass com/google/gson/ExclusionStrategy
instanceKlass org/springframework/boot/autoconfigure/gson/GsonAutoConfiguration$StandardGsonBuilderCustomizer$$Lambda$977
instanceKlass org/springframework/boot/autoconfigure/gson/GsonAutoConfiguration$StandardGsonBuilderCustomizer$$Lambda$976
instanceKlass org/springframework/boot/autoconfigure/gson/GsonAutoConfiguration$StandardGsonBuilderCustomizer$$Lambda$975
instanceKlass org/springframework/boot/autoconfigure/gson/GsonAutoConfiguration$StandardGsonBuilderCustomizer$$Lambda$974
instanceKlass org/springframework/boot/autoconfigure/gson/GsonAutoConfiguration$StandardGsonBuilderCustomizer$$Lambda$973
instanceKlass org/springframework/boot/autoconfigure/gson/GsonAutoConfiguration$StandardGsonBuilderCustomizer$$Lambda$972
instanceKlass org/springframework/boot/autoconfigure/gson/GsonAutoConfiguration$StandardGsonBuilderCustomizer$$Lambda$971
instanceKlass org/springframework/boot/autoconfigure/gson/GsonAutoConfiguration$StandardGsonBuilderCustomizer$$Lambda$970
instanceKlass org/springframework/boot/autoconfigure/gson/GsonAutoConfiguration$StandardGsonBuilderCustomizer$$Lambda$969
instanceKlass org/springframework/boot/autoconfigure/gson/GsonAutoConfiguration$StandardGsonBuilderCustomizer$$Lambda$968
instanceKlass org/springframework/boot/autoconfigure/gson/GsonAutoConfiguration$StandardGsonBuilderCustomizer$$Lambda$967
instanceKlass org/springframework/boot/autoconfigure/gson/GsonAutoConfiguration$StandardGsonBuilderCustomizer$$Lambda$966
instanceKlass org/springframework/boot/autoconfigure/gson/GsonAutoConfiguration$StandardGsonBuilderCustomizer$$Lambda$965
instanceKlass org/springframework/boot/autoconfigure/gson/GsonAutoConfiguration$StandardGsonBuilderCustomizer$$Lambda$964
instanceKlass org/springframework/boot/autoconfigure/gson/GsonAutoConfiguration$StandardGsonBuilderCustomizer$$Lambda$963
instanceKlass org/springframework/boot/autoconfigure/gson/GsonAutoConfiguration$StandardGsonBuilderCustomizer$$Lambda$962
instanceKlass org/springframework/boot/autoconfigure/gson/GsonAutoConfiguration$StandardGsonBuilderCustomizer$$Lambda$961
instanceKlass org/springframework/boot/autoconfigure/gson/GsonAutoConfiguration$StandardGsonBuilderCustomizer$$Lambda$960
instanceKlass org/springframework/boot/autoconfigure/gson/GsonAutoConfiguration$StandardGsonBuilderCustomizer$$Lambda$959
instanceKlass org/springframework/boot/autoconfigure/gson/GsonAutoConfiguration$StandardGsonBuilderCustomizer$$Lambda$958
instanceKlass org/springframework/boot/autoconfigure/gson/GsonAutoConfiguration$StandardGsonBuilderCustomizer$$Lambda$957
instanceKlass org/springframework/boot/autoconfigure/gson/GsonAutoConfiguration$StandardGsonBuilderCustomizer$$Lambda$956
instanceKlass org/springframework/boot/autoconfigure/gson/GsonAutoConfiguration$$Lambda$955
instanceKlass com/google/gson/JsonElement
instanceKlass com/google/gson/internal/Excluder
instanceKlass com/google/gson/TypeAdapterFactory
instanceKlass com/google/gson/TypeAdapter
instanceKlass org/springframework/data/keyvalue/core/KeyValuePersistenceExceptionTranslator
instanceKlass org/springframework/data/redis/listener/RedisMessageListenerContainer$SubscriptionTask$SubscriptionPresentCondition
instanceKlass org/springframework/data/redis/connection/MessageListener
instanceKlass org/springframework/data/redis/listener/RedisMessageListenerContainer$Condition
instanceKlass org/springframework/data/redis/listener/RedisMessageListenerContainer$SubscriptionTask
instanceKlass org/springframework/scheduling/SchedulingAwareRunnable
instanceKlass org/springframework/data/redis/listener/RedisMessageListenerContainer
instanceKlass org/springframework/data/redis/core/RedisQueryEngine$RedisCriteriaAccessor
instanceKlass org/springframework/data/keyvalue/core/CriteriaAccessor
instanceKlass org/springframework/data/keyvalue/core/query/KeyValueQuery
instanceKlass org/springframework/data/redis/core/convert/IndexedDataFactoryProvider$IndexedDataFactory
instanceKlass org/springframework/data/redis/core/convert/IndexedDataFactoryProvider
instanceKlass org/springframework/data/redis/connection/RedisGeoCommands$GeoLocation
instanceKlass org/springframework/data/mapping/PropertyHandler
instanceKlass org/springframework/data/redis/core/convert/IndexedData
instanceKlass org/springframework/data/redis/core/convert/PathIndexResolver
instanceKlass sun/reflect/annotation/AnnotationInvocationHandler$1
instanceKlass org/springframework/data/redis/core/convert/KeyspaceConfiguration$KeyspaceSettings
instanceKlass org/springframework/data/redis/core/index/IndexDefinition
instanceKlass org/springframework/data/redis/listener/ChannelTopic
instanceKlass org/springframework/data/redis/listener/PatternTopic
instanceKlass org/springframework/data/redis/listener/ReactiveRedisMessageListenerContainer
instanceKlass org/springframework/data/redis/listener/Topic
instanceKlass org/springframework/data/redis/core/ScanOptions
instanceKlass org/springframework/data/redis/core/ReactiveRedisCallback
instanceKlass org/springframework/data/redis/core/DefaultReactiveZSetOperations
instanceKlass org/springframework/data/redis/core/DefaultReactiveValueOperations
instanceKlass org/springframework/data/redis/core/DefaultReactiveStreamOperations
instanceKlass org/springframework/data/redis/core/DefaultReactiveSetOperations
instanceKlass org/springframework/data/redis/core/DefaultReactiveListOperations
instanceKlass org/springframework/data/redis/core/DefaultReactiveHyperLogLogOperations
instanceKlass org/springframework/data/redis/core/DefaultReactiveHashOperations
instanceKlass org/springframework/data/redis/core/DefaultReactiveGeoOperations
instanceKlass org/springframework/data/redis/core/script/DefaultReactiveScriptExecutor
instanceKlass org/springframework/data/redis/core/ReactiveHyperLogLogOperations
instanceKlass org/springframework/data/redis/core/ReactiveSetOperations
instanceKlass org/springframework/data/redis/core/ReactiveListOperations
instanceKlass org/springframework/data/redis/core/ReactiveHashOperations
instanceKlass org/springframework/data/redis/core/ReactiveValueOperations
instanceKlass org/springframework/data/redis/core/ReactiveZSetOperations
instanceKlass org/springframework/data/redis/core/ReactiveStreamOperations
instanceKlass org/springframework/data/redis/core/ReactiveGeoOperations
instanceKlass org/springframework/data/redis/core/script/ReactiveScriptExecutor
instanceKlass org/springframework/data/redis/serializer/DefaultRedisSerializationContext
instanceKlass org/springframework/data/redis/serializer/DefaultRedisElementWriter
instanceKlass org/springframework/data/redis/serializer/DefaultRedisElementReader
instanceKlass org/springframework/data/redis/serializer/DefaultSerializationPair
instanceKlass org/springframework/data/redis/serializer/RedisElementReader
instanceKlass org/springframework/data/redis/serializer/RedisElementWriter
instanceKlass org/springframework/data/redis/serializer/RedisSerializerToSerializationPairAdapter
instanceKlass org/springframework/data/redis/serializer/RedisSerializationContext$SerializationPair
instanceKlass org/springframework/data/redis/serializer/DefaultRedisSerializationContext$DefaultRedisSerializationContextBuilder
instanceKlass org/springframework/data/redis/serializer/RedisSerializationContext$RedisSerializationContextBuilder
instanceKlass org/springframework/data/redis/serializer/RedisSerializationContext
instanceKlass org/springframework/data/jpa/repository/support/JpaEvaluationContextExtension$JpaRootObject
instanceKlass org/springframework/boot/autoconfigure/jdbc/DataSourceJmxConfiguration$TomcatDataSourceJmxConfiguration
instanceKlass org/springframework/web/servlet/view/ContentNegotiatingViewResolver$1
instanceKlass org/springframework/web/servlet/view/AbstractCachingViewResolver$$Lambda$954
instanceKlass org/springframework/web/servlet/view/AbstractCachingViewResolver$CacheFilter
instanceKlass java/lang/invoke/LambdaForm$DMH
instanceKlass org/springframework/web/servlet/view/AbstractCachingViewResolver$1
instanceKlass org/springframework/web/servlet/SmartView
instanceKlass org/springframework/web/servlet/view/ViewResolverComposite
instanceKlass org/springframework/web/servlet/config/annotation/UrlBasedViewResolverRegistration
instanceKlass org/springframework/web/servlet/handler/HandlerExceptionResolverComposite
instanceKlass org/springframework/web/util/UriComponentsBuilder
instanceKlass org/springframework/web/util/UriBuilder
instanceKlass org/springframework/web/servlet/function/ServerRequest
instanceKlass org/springframework/web/servlet/function/ServerResponse$Context
instanceKlass java/util/stream/ReduceOps$2ReducingSink
instanceKlass org/springframework/web/servlet/function/support/RouterFunctionMapping$$Lambda$953
instanceKlass org/springframework/web/servlet/function/RouterFunction
instanceKlass org/springframework/web/servlet/handler/SimpleUrlHandlerMapping$$Lambda$952
instanceKlass org/springframework/web/servlet/resource/ResourceHttpRequestHandler$$Lambda$951
instanceKlass org/springframework/web/servlet/resource/DefaultResourceTransformerChain
instanceKlass org/springframework/web/servlet/resource/DefaultResourceResolverChain
instanceKlass org/springframework/web/servlet/resource/AbstractResourceResolver
instanceKlass org/springframework/web/servlet/resource/ResourceResolver
instanceKlass org/springframework/web/servlet/resource/ResourceTransformerChain
instanceKlass org/springframework/web/HttpRequestHandler
instanceKlass org/springframework/boot/autoconfigure/web/ResourceProperties$Cache$Cachecontrol$$Lambda$950
instanceKlass org/springframework/boot/autoconfigure/web/ResourceProperties$Cache$Cachecontrol$$Lambda$949
instanceKlass org/springframework/boot/autoconfigure/web/ResourceProperties$Cache$Cachecontrol$$Lambda$948
instanceKlass org/springframework/boot/autoconfigure/web/ResourceProperties$Cache$Cachecontrol$$Lambda$947
instanceKlass org/springframework/boot/autoconfigure/web/ResourceProperties$Cache$Cachecontrol$$Lambda$946
instanceKlass org/springframework/boot/autoconfigure/web/ResourceProperties$Cache$Cachecontrol$$Lambda$945
instanceKlass org/springframework/boot/autoconfigure/web/ResourceProperties$Cache$Cachecontrol$$Lambda$944
instanceKlass org/springframework/boot/autoconfigure/web/ResourceProperties$Cache$Cachecontrol$$Lambda$943
instanceKlass org/springframework/boot/autoconfigure/web/ResourceProperties$Cache$Cachecontrol$$Lambda$942
instanceKlass org/springframework/boot/autoconfigure/web/ResourceProperties$Cache$Cachecontrol$$Lambda$941
instanceKlass org/springframework/boot/autoconfigure/web/ResourceProperties$Cache$Cachecontrol$$Lambda$940
instanceKlass org/springframework/boot/autoconfigure/web/ResourceProperties$Cache$Cachecontrol$$Lambda$939
instanceKlass org/springframework/boot/autoconfigure/web/ResourceProperties$Cache$Cachecontrol$$Lambda$938
instanceKlass org/springframework/boot/autoconfigure/web/ResourceProperties$Cache$Cachecontrol$$Lambda$937
instanceKlass org/springframework/boot/autoconfigure/web/ResourceProperties$Cache$Cachecontrol$$Lambda$936
instanceKlass org/springframework/boot/context/properties/PropertyMapper$Source$$Lambda$935
instanceKlass org/springframework/boot/autoconfigure/web/ResourceProperties$Cache$Cachecontrol$$Lambda$934
instanceKlass org/springframework/web/servlet/handler/AbstractHandlerMethodMapping$MappingRegistration
instanceKlass org/springframework/web/servlet/handler/AbstractHandlerMethodMapping$$Lambda$933
instanceKlass org/springframework/web/servlet/mvc/method/RequestMappingInfo$DefaultBuilder
instanceKlass org/springframework/util/MimeTypeUtils$$Lambda$932
instanceKlass org/springframework/util/MimeTypeUtils$ConcurrentLruCache
instanceKlass org/springframework/util/MimeTypeUtils
instanceKlass org/springframework/web/servlet/mvc/condition/AbstractMediaTypeExpression
instanceKlass org/springframework/web/servlet/mvc/condition/MediaTypeExpression
instanceKlass org/springframework/web/servlet/mvc/condition/AbstractRequestCondition
instanceKlass org/springframework/web/servlet/mvc/method/RequestMappingInfo$Builder
instanceKlass org/springframework/web/servlet/handler/AbstractHandlerMethodMapping$$Lambda$931
instanceKlass org/springframework/beans/factory/BeanFactoryUtils$$Lambda$930
instanceKlass org/springframework/web/servlet/handler/MappedInterceptor
instanceKlass org/springframework/web/bind/annotation/CrossOrigin
instanceKlass org/springframework/web/servlet/mvc/method/RequestMappingInfo
instanceKlass org/springframework/web/servlet/mvc/condition/RequestCondition
instanceKlass org/springframework/web/servlet/handler/RequestMatchResult
instanceKlass org/springframework/web/servlet/config/annotation/InterceptorRegistry$$Lambda$929
instanceKlass org/springframework/web/servlet/config/annotation/InterceptorRegistry$$Lambda$928
instanceKlass org/springframework/web/servlet/handler/HandlerInterceptorAdapter
instanceKlass org/springframework/web/servlet/config/annotation/InterceptorRegistration
instanceKlass org/springframework/web/servlet/handler/WebRequestHandlerInterceptorAdapter
instanceKlass org/springframework/web/servlet/AsyncHandlerInterceptor
instanceKlass org/springframework/web/servlet/config/annotation/InterceptorRegistry$$Lambda$927
instanceKlass org/springframework/web/servlet/mvc/method/RequestMappingInfo$BuilderConfiguration
instanceKlass org/springframework/web/servlet/mvc/method/RequestMappingInfoHandlerMethodMappingNamingStrategy
instanceKlass org/springframework/web/servlet/handler/AbstractHandlerMethodMapping$MappingRegistry
instanceKlass org/springframework/web/cors/DefaultCorsProcessor
instanceKlass org/springframework/web/servlet/mvc/method/RequestMappingInfoHandlerMapping$HttpOptionsHandler
instanceKlass org/springframework/web/cors/CorsConfiguration
instanceKlass org/springframework/web/bind/annotation/ResponseStatus
instanceKlass org/springframework/web/servlet/handler/AbstractHandlerMethodMapping$EmptyHandler
instanceKlass org/springframework/web/servlet/handler/HandlerMethodMappingNamingStrategy
instanceKlass org/springframework/web/cors/CorsProcessor
instanceKlass java/util/stream/ReduceOps$8ReducingSink
instanceKlass java/util/stream/Sink$OfLong
instanceKlass java/util/stream/LongPipeline$$Lambda$926
instanceKlass java/util/function/LongBinaryOperator
instanceKlass java/lang/invoke/LambdaForm$DMH
instanceKlass java/util/stream/LongStream
instanceKlass java/util/stream/ReferencePipeline$$Lambda$925
instanceKlass org/springframework/boot/autoconfigure/web/servlet/WebMvcAutoConfiguration$WebMvcAutoConfigurationAdapter$$Lambda$924
instanceKlass org/springframework/boot/autoconfigure/web/servlet/WebMvcAutoConfiguration$WebMvcAutoConfigurationAdapter$$Lambda$923
instanceKlass org/springframework/boot/autoconfigure/web/servlet/WebMvcAutoConfiguration$WebMvcAutoConfigurationAdapter$$Lambda$922
instanceKlass org/springframework/web/servlet/resource/ResourceResolverChain
instanceKlass org/springframework/web/servlet/mvc/method/annotation/ViewNameMethodReturnValueHandler
instanceKlass org/springframework/web/servlet/mvc/method/annotation/AsyncTaskMethodReturnValueHandler
instanceKlass org/springframework/util/concurrent/ListenableFutureCallback
instanceKlass org/springframework/web/servlet/mvc/method/annotation/DeferredResultMethodReturnValueHandler
instanceKlass org/springframework/web/servlet/mvc/method/annotation/CallableMethodReturnValueHandler
instanceKlass org/springframework/web/servlet/mvc/method/annotation/HttpHeadersReturnValueHandler
instanceKlass org/springframework/web/servlet/mvc/method/annotation/StreamingResponseBodyReturnValueHandler
instanceKlass org/springframework/core/task/SyncTaskExecutor
instanceKlass org/springframework/web/servlet/mvc/method/annotation/ResponseBodyEmitter
instanceKlass org/springframework/web/servlet/mvc/method/annotation/ReactiveTypeHandler
instanceKlass org/springframework/web/servlet/mvc/method/annotation/ResponseBodyEmitter$Handler
instanceKlass org/springframework/web/servlet/mvc/method/annotation/ResponseBodyEmitterReturnValueHandler
instanceKlass org/springframework/web/servlet/mvc/method/annotation/ViewMethodReturnValueHandler
instanceKlass org/springframework/web/servlet/mvc/method/annotation/ModelAndViewMethodReturnValueHandler
instanceKlass org/springframework/web/servlet/mvc/method/annotation/UriComponentsBuilderMethodArgumentResolver
instanceKlass org/springframework/web/method/annotation/SessionStatusMethodArgumentResolver
instanceKlass org/springframework/web/method/annotation/ErrorsMethodArgumentResolver
instanceKlass org/springframework/web/method/annotation/MapMethodProcessor
instanceKlass org/springframework/web/method/annotation/ModelMethodProcessor
instanceKlass org/springframework/web/servlet/mvc/support/RedirectAttributes
instanceKlass org/springframework/ui/Model
instanceKlass org/springframework/web/servlet/mvc/method/annotation/RedirectAttributesMethodArgumentResolver
instanceKlass org/springframework/web/servlet/mvc/method/annotation/ServletResponseMethodArgumentResolver
instanceKlass javax/servlet/http/PushBuilder
instanceKlass org/springframework/web/servlet/mvc/method/annotation/ServletRequestMethodArgumentResolver
instanceKlass org/springframework/web/method/annotation/RequestHeaderMapMethodArgumentResolver
instanceKlass org/springframework/web/accept/ContentNegotiationManager$$Lambda$921
instanceKlass org/springframework/web/servlet/mvc/method/annotation/RequestResponseBodyAdviceChain
instanceKlass org/springframework/core/io/support/ResourceRegion
instanceKlass org/springframework/core/ParameterizedTypeReference
instanceKlass org/springframework/http/server/ServerHttpRequest
instanceKlass org/springframework/http/HttpRequest
instanceKlass org/springframework/http/server/ServerHttpResponse
instanceKlass org/springframework/web/servlet/mvc/method/annotation/AbstractMessageConverterMethodArgumentResolver
instanceKlass org/springframework/validation/DataBinder
instanceKlass org/springframework/web/servlet/mvc/method/annotation/MatrixVariableMapMethodArgumentResolver
instanceKlass org/springframework/web/servlet/mvc/method/annotation/PathVariableMapMethodArgumentResolver
instanceKlass org/springframework/web/method/annotation/RequestParamMapMethodArgumentResolver
instanceKlass org/springframework/web/method/annotation/AbstractNamedValueMethodArgumentResolver$NamedValueInfo
instanceKlass org/springframework/web/method/annotation/AbstractNamedValueMethodArgumentResolver
instanceKlass org/springframework/web/bind/annotation/ControllerAdvice
instanceKlass org/springframework/http/CacheControl
instanceKlass org/springframework/web/method/annotation/SessionAttributesHandler
instanceKlass org/springframework/web/method/ControllerAdviceBean
instanceKlass org/springframework/web/method/annotation/ModelFactory
instanceKlass org/springframework/web/method/support/HandlerMethodReturnValueHandlerComposite
instanceKlass org/springframework/web/method/support/HandlerMethodArgumentResolverComposite
instanceKlass org/springframework/boot/task/TaskExecutorBuilder$$Lambda$920
instanceKlass org/springframework/boot/task/TaskExecutorBuilder$$Lambda$919
instanceKlass org/springframework/boot/task/TaskExecutorBuilder$$Lambda$918
instanceKlass java/lang/invoke/LambdaForm$DMH
instanceKlass org/springframework/boot/task/TaskExecutorBuilder$$Lambda$917
instanceKlass org/springframework/boot/task/TaskExecutorBuilder$$Lambda$916
instanceKlass org/springframework/boot/task/TaskExecutorBuilder$$Lambda$915
instanceKlass org/springframework/boot/task/TaskExecutorBuilder$$Lambda$914
instanceKlass org/springframework/boot/task/TaskExecutorBuilder$$Lambda$913
instanceKlass org/springframework/boot/task/TaskExecutorBuilder$$Lambda$912
instanceKlass org/springframework/boot/task/TaskExecutorBuilder$$Lambda$911
instanceKlass org/springframework/boot/task/TaskExecutorBuilder$$Lambda$910
instanceKlass java/lang/invoke/LambdaForm$DMH
instanceKlass org/springframework/web/servlet/mvc/method/annotation/AbstractMappingJacksonResponseBodyAdvice
instanceKlass org/springframework/web/servlet/mvc/method/annotation/ResponseBodyAdvice
instanceKlass org/springframework/web/servlet/mvc/method/annotation/RequestBodyAdviceAdapter
instanceKlass org/springframework/web/servlet/mvc/method/annotation/RequestBodyAdvice
instanceKlass org/springframework/data/web/PageableDefault
instanceKlass org/springframework/data/web/config/SpringDataWebConfiguration$$Lambda$909
instanceKlass org/springframework/data/domain/AbstractPageRequest
instanceKlass org/springframework/web/method/support/ModelAndViewContainer
instanceKlass org/springframework/data/web/config/SpringDataWebConfiguration$$Lambda$908
instanceKlass org/springframework/data/web/SortDefault
instanceKlass org/springframework/data/web/SortDefault$SortDefaults
instanceKlass org/springframework/security/web/method/annotation/CsrfTokenArgumentResolver
instanceKlass org/springframework/security/web/method/annotation/CurrentSecurityContextArgumentResolver
instanceKlass org/springframework/security/web/bind/support/AuthenticationPrincipalArgumentResolver
instanceKlass org/springframework/security/web/method/annotation/AuthenticationPrincipalArgumentResolver
instanceKlass com/fasterxml/jackson/databind/jsonschema/JsonSchema
instanceKlass com/fasterxml/jackson/databind/jsonFormatVisitors/JsonFormatVisitorWrapper
instanceKlass com/fasterxml/jackson/databind/jsonFormatVisitors/JsonFormatVisitorWithSerializerProvider
instanceKlass com/fasterxml/jackson/annotation/JsonAutoDetect$Value
instanceKlass com/fasterxml/jackson/databind/MappingIterator
instanceKlass com/fasterxml/jackson/databind/deser/DeserializationProblemHandler
instanceKlass com/fasterxml/jackson/core/io/CharacterEscapes
instanceKlass com/fasterxml/jackson/databind/ObjectWriter
instanceKlass com/fasterxml/jackson/core/type/TypeReference
instanceKlass com/fasterxml/jackson/core/FormatSchema
instanceKlass com/fasterxml/jackson/databind/InjectableValues
instanceKlass com/fasterxml/jackson/module/paramnames/ParameterExtractor
instanceKlass org/springframework/http/converter/json/Jackson2ObjectMapperBuilder$$Lambda$907
instanceKlass com/fasterxml/jackson/databind/ser/FilterProvider
instanceKlass org/springframework/data/geo/GeoModule$PolygonMixin
instanceKlass org/springframework/data/geo/Polygon
instanceKlass org/springframework/data/geo/GeoModule$CircleMixin
instanceKlass org/springframework/data/geo/Circle
instanceKlass org/springframework/data/geo/GeoModule$BoxMixin
instanceKlass org/springframework/data/geo/Box
instanceKlass org/springframework/data/geo/Shape
instanceKlass org/springframework/data/geo/GeoModule$PointMixin
instanceKlass org/springframework/data/geo/GeoModule$DistanceMixin
instanceKlass org/springframework/boot/jackson/JsonComponent
instanceKlass com/fasterxml/jackson/databind/deser/ValueInstantiator
instanceKlass com/fasterxml/jackson/databind/jsontype/NamedType
instanceKlass com/fasterxml/jackson/databind/PropertyNamingStrategy
instanceKlass com/fasterxml/jackson/module/paramnames/PackageVersion
instanceKlass java/util/EnumMap$EnumMapIterator
instanceKlass org/springframework/boot/autoconfigure/jackson/JacksonAutoConfiguration$Jackson2ObjectMapperBuilderCustomizerConfiguration$StandardJackson2ObjectMapperBuilderCustomizer$$Lambda$906
instanceKlass org/springframework/boot/autoconfigure/jackson/JacksonAutoConfiguration$Jackson2ObjectMapperBuilderCustomizerConfiguration$StandardJackson2ObjectMapperBuilderCustomizer$$Lambda$905
instanceKlass org/springframework/http/HttpHeaders
instanceKlass org/springframework/boot/context/properties/bind/Binder$$Lambda$904
instanceKlass org/springframework/boot/autoconfigure/web/servlet/WebMvcAutoConfiguration$WebMvcAutoConfigurationAdapter$$Lambda$903
instanceKlass org/springframework/web/bind/support/DefaultSessionAttributeStore
instanceKlass org/springframework/util/ConcurrencyThrottleSupport
instanceKlass org/springframework/web/servlet/mvc/method/annotation/RequestMappingHandlerAdapter$$Lambda$902
instanceKlass org/springframework/web/servlet/mvc/method/annotation/RequestMappingHandlerAdapter$$Lambda$901
instanceKlass org/springframework/web/method/HandlerMethod
instanceKlass org/springframework/web/bind/support/DefaultDataBinderFactory
instanceKlass org/springframework/web/bind/support/WebDataBinderFactory
instanceKlass org/springframework/web/bind/support/SessionAttributeStore
instanceKlass org/springframework/boot/autoconfigure/validation/ValidatorAdapter
instanceKlass org/springframework/data/repository/support/DomainClassConverter$$Lambda$900
instanceKlass org/springframework/data/repository/support/Repositories
instanceKlass org/springframework/data/repository/support/DomainClassConverter
instanceKlass org/springframework/data/geo/Distance
instanceKlass org/springframework/boot/autoconfigure/web/format/DateTimeFormatters
instanceKlass org/springframework/core/annotation/AnnotationUtils$$Lambda$899
instanceKlass org/springframework/web/bind/annotation/ExceptionHandler
instanceKlass org/springframework/boot/web/error/ErrorAttributeOptions
instanceKlass org/springframework/boot/autoconfigure/web/servlet/error/ErrorMvcAutoConfiguration$StaticView
instanceKlass org/springframework/validation/beanvalidation/LocalValidatorFactoryBean$$Lambda$898
instanceKlass java/lang/invoke/LambdaForm$DMH
instanceKlass org/springframework/validation/beanvalidation/LocalValidatorFactoryBean$1
instanceKlass org/springframework/validation/beanvalidation/SpringConstraintValidatorFactory
instanceKlass org/springframework/validation/beanvalidation/LocaleContextMessageInterpolator
instanceKlass org/springframework/boot/validation/MessageInterpolatorFactory
instanceKlass org/springframework/context/support/DefaultMessageSourceResolvable
instanceKlass org/springframework/context/MessageSourceResolvable
instanceKlass org/springframework/boot/task/TaskExecutorBuilder$$Lambda$897
instanceKlass org/springframework/boot/autoconfigure/task/TaskExecutionAutoConfiguration$$Lambda$896
instanceKlass org/springframework/core/task/TaskDecorator
instanceKlass org/springframework/boot/task/TaskExecutorCustomizer
instanceKlass org/apache/commons/lang/text/StrSubstitutor
instanceKlass com/netflix/config/DynamicProperty$DynamicPropertyListener
instanceKlass com/netflix/config/PropertyListener
instanceKlass com/netflix/config/DynamicProperty$CachedValue
instanceKlass com/netflix/config/DynamicProperty
instanceKlass com/netflix/config/ConfigurationBackedDynamicPropertySupportImpl
instanceKlass com/netflix/config/DynamicPropertySupport
instanceKlass com/netflix/config/PropertyWrapper
instanceKlass com/netflix/config/Property
instanceKlass com/netflix/config/DynamicPropertyFactory
instanceKlass com/netflix/config/ExpandedConfigurationListenerAdapter
instanceKlass org/springframework/boot/origin/SystemEnvironmentOrigin
instanceKlass org/apache/commons/configuration/PropertyConverter
instanceKlass org/apache/commons/configuration/MapConfiguration$1$1
instanceKlass com/netflix/config/ConfigurationBasedDeploymentContext$1
instanceKlass com/netflix/config/SimpleDeploymentContext
instanceKlass com/netflix/config/DeploymentContext
instanceKlass com/netflix/config/ConfigurationManager
instanceKlass org/apache/commons/configuration/FileSystemBased
instanceKlass org/apache/commons/configuration/FileConfiguration
instanceKlass com/netflix/config/sources/URLConfigurationSource
instanceKlass com/netflix/config/PolledConfigurationSource
instanceKlass com/netflix/config/AbstractPollingScheduler
instanceKlass com/netflix/config/PollListener
instanceKlass com/netflix/config/ConcurrentCompositeConfiguration$1
instanceKlass org/apache/commons/configuration/event/ConfigurationErrorListener
instanceKlass org/apache/commons/lang/exception/Nestable
instanceKlass org/apache/commons/lang/text/StrLookup
instanceKlass org/springframework/security/web/servlet/support/csrf/CsrfRequestDataValueProcessor
instanceKlass org/springframework/security/web/access/DefaultWebInvocationPrivilegeEvaluator
instanceKlass org/springframework/security/web/firewall/StrictHttpFirewall$$Lambda$895
instanceKlass javax/servlet/ServletRequestWrapper
instanceKlass org/springframework/security/web/firewall/StrictHttpFirewall
instanceKlass org/springframework/security/web/FilterChainProxy$NullFilterChainValidator
instanceKlass org/springframework/security/web/FilterChainProxy$FilterChainValidator
instanceKlass org/springframework/security/web/DefaultSecurityFilterChain
instanceKlass org/springframework/security/web/SecurityFilterChain
instanceKlass org/springframework/security/web/access/expression/WebExpressionVoter
instanceKlass org/springframework/security/web/access/expression/WebExpressionConfigAttribute
instanceKlass org/springframework/security/web/access/expression/ExpressionBasedFilterInvocationSecurityMetadataSource$$Lambda$894
instanceKlass org/springframework/security/web/access/expression/AbstractVariableEvaluationContextPostProcessor
instanceKlass org/springframework/security/web/access/expression/EvaluationContextPostProcessor
instanceKlass org/springframework/security/web/access/intercept/DefaultFilterInvocationSecurityMetadataSource
instanceKlass org/springframework/security/web/util/matcher/OrRequestMatcher
instanceKlass org/springframework/security/web/authentication/logout/CompositeLogoutHandler
instanceKlass org/springframework/security/web/util/UrlUtils
instanceKlass org/springframework/security/web/authentication/AbstractAuthenticationTargetUrlRequestHandler
instanceKlass org/springframework/security/web/authentication/logout/LogoutSuccessEventPublishingLogoutHandler
instanceKlass org/springframework/security/web/servletapi/HttpServlet3RequestFactory
instanceKlass org/springframework/security/web/DefaultRedirectStrategy
instanceKlass org/springframework/security/web/RedirectStrategy
instanceKlass org/springframework/security/web/authentication/SimpleUrlAuthenticationFailureHandler
instanceKlass org/springframework/security/web/PortMapperImpl
instanceKlass org/springframework/security/web/PortMapper
instanceKlass org/springframework/security/web/PortResolverImpl
instanceKlass org/springframework/security/web/PortResolver
instanceKlass org/springframework/security/web/savedrequest/HttpSessionRequestCache
instanceKlass org/springframework/security/web/access/ExceptionTranslationFilter$DefaultThrowableAnalyzer$$Lambda$893
instanceKlass org/springframework/security/web/util/ThrowableAnalyzer$$Lambda$892
instanceKlass org/springframework/security/web/util/ThrowableAnalyzer$$Lambda$891
instanceKlass org/springframework/security/web/util/ThrowableAnalyzer$$Lambda$890
instanceKlass org/springframework/security/web/util/ThrowableCauseExtractor
instanceKlass org/springframework/security/web/access/AccessDeniedHandlerImpl
instanceKlass org/springframework/security/web/util/ThrowableAnalyzer
instanceKlass org/springframework/security/web/authentication/Http403ForbiddenEntryPoint
instanceKlass org/springframework/security/config/annotation/web/configurers/DefaultLoginPageConfigurer$$Lambda$889
instanceKlass org/springframework/security/web/authentication/WebAuthenticationDetailsSource
instanceKlass org/springframework/security/authentication/AuthenticationDetailsSource
instanceKlass org/springframework/security/authentication/AnonymousAuthenticationProvider
instanceKlass org/springframework/security/web/authentication/session/CompositeSessionAuthenticationStrategy
instanceKlass org/springframework/security/web/savedrequest/NullRequestCache
instanceKlass org/springframework/security/web/context/NullSecurityContextRepository
instanceKlass org/springframework/security/config/annotation/web/builders/WebSecurity$$Lambda$888
instanceKlass org/springframework/security/config/annotation/web/configuration/WebSecurityConfigurerAdapter$$Lambda$887
instanceKlass org/springframework/security/config/annotation/web/configurers/AbstractConfigAttributeRequestMatcherRegistry$UrlMapping
instanceKlass org/springframework/security/access/SecurityConfig
instanceKlass org/springframework/security/config/annotation/web/configurers/ExpressionUrlAuthorizationConfigurer$AuthorizedUrl
instanceKlass org/springframework/security/web/util/matcher/AntPathRequestMatcher$SubpathMatcher
instanceKlass org/springframework/security/config/annotation/web/AbstractRequestMatcherRegistry$RequestMatchers
instanceKlass org/springframework/security/web/access/intercept/FilterInvocationSecurityMetadataSource
instanceKlass org/springframework/security/web/authentication/logout/SecurityContextLogoutHandler
instanceKlass org/springframework/security/web/authentication/logout/LogoutSuccessHandler
instanceKlass org/springframework/security/web/authentication/ui/DefaultLogoutPageGeneratingFilter$$Lambda$886
instanceKlass org/springframework/security/web/util/matcher/AntPathRequestMatcher$SpringAntMatcher
instanceKlass org/springframework/security/web/util/matcher/AntPathRequestMatcher$Matcher
instanceKlass org/springframework/security/web/util/matcher/AntPathRequestMatcher
instanceKlass org/springframework/security/web/util/matcher/RequestVariablesExtractor
instanceKlass org/springframework/security/web/authentication/ui/DefaultLoginPageGeneratingFilter$$Lambda$885
instanceKlass org/springframework/security/web/servletapi/HttpServletRequestFactory
instanceKlass org/springframework/security/core/authority/SimpleGrantedAuthority
instanceKlass org/springframework/security/core/GrantedAuthority
instanceKlass org/springframework/security/core/authority/AuthorityUtils
instanceKlass org/springframework/security/web/context/SecurityContextRepository
instanceKlass org/springframework/security/web/authentication/session/AbstractSessionFixationProtectionStrategy$NullEventPublisher
instanceKlass org/springframework/security/web/authentication/session/AbstractSessionFixationProtectionStrategy
instanceKlass org/springframework/security/core/session/SessionRegistry
instanceKlass org/springframework/security/web/session/InvalidSessionStrategy
instanceKlass org/springframework/security/web/session/SessionInformationExpiredStrategy
instanceKlass org/springframework/security/web/authentication/AuthenticationFailureHandler
instanceKlass org/springframework/security/config/annotation/web/configurers/HeadersConfigurer$FeaturePolicyConfig
instanceKlass org/springframework/security/config/annotation/web/configurers/HeadersConfigurer$ReferrerPolicyConfig
instanceKlass org/springframework/security/config/annotation/web/configurers/HeadersConfigurer$ContentSecurityPolicyConfig
instanceKlass org/springframework/security/config/annotation/web/configurers/HeadersConfigurer$HpkpConfig
instanceKlass org/springframework/security/web/header/writers/frameoptions/XFrameOptionsHeaderWriter
instanceKlass org/springframework/security/config/annotation/web/configurers/HeadersConfigurer$FrameOptionsConfig
instanceKlass org/springframework/security/web/header/writers/HstsHeaderWriter$SecureRequestMatcher
instanceKlass org/springframework/security/web/header/writers/HstsHeaderWriter
instanceKlass org/springframework/security/config/annotation/web/configurers/HeadersConfigurer$HstsConfig
instanceKlass org/springframework/security/web/header/writers/CacheControlHeadersWriter
instanceKlass org/springframework/security/config/annotation/web/configurers/HeadersConfigurer$CacheControlConfig
instanceKlass org/springframework/security/web/header/writers/XXssProtectionHeaderWriter
instanceKlass org/springframework/security/config/annotation/web/configurers/HeadersConfigurer$XXssConfig
instanceKlass org/springframework/security/web/header/Header
instanceKlass org/springframework/security/web/header/writers/StaticHeadersWriter
instanceKlass org/springframework/security/web/header/HeaderWriter
instanceKlass org/springframework/security/config/annotation/web/configurers/HeadersConfigurer$ContentTypeOptionsConfig
instanceKlass org/springframework/security/web/AuthenticationEntryPoint
instanceKlass org/springframework/security/web/savedrequest/RequestCache
instanceKlass org/springframework/security/web/csrf/CsrfFilter$DefaultRequiresCsrfMatcher
instanceKlass org/springframework/security/web/csrf/HttpSessionCsrfTokenRepository
instanceKlass org/springframework/security/web/csrf/CsrfToken
instanceKlass org/springframework/security/web/csrf/LazyCsrfTokenRepository
instanceKlass org/springframework/security/web/access/AccessDeniedHandler
instanceKlass org/springframework/security/web/authentication/session/SessionAuthenticationStrategy
instanceKlass org/springframework/security/web/authentication/logout/LogoutHandler
instanceKlass org/springframework/security/web/csrf/CsrfTokenRepository
instanceKlass org/springframework/security/config/annotation/web/builders/FilterComparator$Step
instanceKlass org/springframework/security/config/annotation/web/builders/FilterComparator
instanceKlass org/springframework/security/config/annotation/web/configuration/WebSecurityConfigurerAdapter$UserDetailsServiceDelegator
instanceKlass org/springframework/security/authentication/ProviderManager$NullEventPublisher
instanceKlass org/springframework/beans/factory/support/DefaultListableBeanFactory$$Lambda$884
instanceKlass org/springframework/security/web/firewall/HttpFirewall
instanceKlass org/springframework/security/web/util/matcher/AnyRequestMatcher
instanceKlass org/springframework/security/web/util/matcher/RequestMatcher
instanceKlass org/springframework/security/config/annotation/web/AbstractRequestMatcherRegistry
instanceKlass org/springframework/security/config/annotation/web/builders/WebSecurity$$Lambda$883
instanceKlass org/springframework/expression/spel/CodeFlow
instanceKlass org/springframework/expression/spel/ast/MethodReference$CachedMethodExecutor
instanceKlass org/springframework/expression/spel/support/ReflectiveMethodExecutor
instanceKlass org/springframework/expression/spel/support/ReflectionHelper$ArgumentsMatchInfo
instanceKlass org/springframework/expression/spel/support/ReflectionHelper
instanceKlass org/springframework/expression/spel/support/ReflectiveMethodResolver$$Lambda$882
instanceKlass org/springframework/expression/MethodExecutor
instanceKlass org/springframework/expression/spel/support/ReflectiveMethodResolver
instanceKlass org/springframework/expression/spel/ast/MethodReference$MethodValueRef
instanceKlass org/springframework/expression/spel/ExpressionState
instanceKlass org/springframework/expression/common/TemplateAwareExpressionParser$Bracket
instanceKlass org/slf4j/Marker
instanceKlass org/springframework/security/config/annotation/web/configuration/WebSecurityConfigurerAdapter$AuthenticationManagerDelegator
instanceKlass org/springframework/aop/framework/CglibAopProxy$StaticDispatcher
instanceKlass org/springframework/aop/framework/CglibAopProxy$StaticUnadvisedInterceptor
instanceKlass org/aspectj/util/PartialOrder
instanceKlass org/springframework/aop/aspectj/autoproxy/AspectJAwareAdvisorAutoProxyCreator$PartiallyComparableAdvisorHolder
instanceKlass org/springframework/aop/support/AbstractExpressionPointcut
instanceKlass org/springframework/aop/support/ExpressionPointcut
instanceKlass org/springframework/security/access/intercept/AbstractSecurityInterceptor$$Lambda$881
instanceKlass org/springframework/security/access/intercept/AbstractSecurityInterceptor$$Lambda$880
instanceKlass org/springframework/security/access/intercept/AbstractSecurityInterceptor$$Lambda$879
instanceKlass org/springframework/security/access/intercept/AbstractSecurityInterceptor$$Lambda$878
instanceKlass org/springframework/security/access/intercept/InterceptorStatusToken
instanceKlass org/springframework/security/access/intercept/AfterInvocationProviderManager$$Lambda$877
instanceKlass org/springframework/security/access/prepost/PostInvocationAdviceProvider
instanceKlass org/springframework/security/access/AfterInvocationProvider
instanceKlass org/springframework/security/access/expression/method/ExpressionBasedPostInvocationAdvice
instanceKlass org/springframework/security/access/intercept/AfterInvocationProviderManager
instanceKlass org/springframework/security/access/vote/AbstractAccessDecisionManager
instanceKlass org/springframework/security/access/vote/AuthenticatedVoter
instanceKlass org/springframework/security/config/core/GrantedAuthorityDefaults
instanceKlass org/springframework/security/access/vote/RoleVoter
instanceKlass org/springframework/security/access/prepost/PreInvocationAuthorizationAdviceVoter
instanceKlass org/springframework/security/access/AccessDecisionVoter
instanceKlass org/springframework/security/access/expression/method/ExpressionBasedPreInvocationAdvice
instanceKlass org/springframework/security/access/intercept/NullRunAsManager
instanceKlass org/springframework/security/access/intercept/AbstractSecurityInterceptor$NoOpAuthenticationManager
instanceKlass org/springframework/aop/aspectj/InstantiationModelAwarePointcutAdvisor
instanceKlass org/springframework/security/access/expression/method/AbstractExpressionBasedMethodConfigAttribute
instanceKlass org/springframework/expression/spel/standard/SpelExpression
instanceKlass org/springframework/expression/spel/ast/ValueRef
instanceKlass org/springframework/expression/spel/standard/Token
instanceKlass org/springframework/expression/spel/standard/Tokenizer
instanceKlass org/springframework/expression/spel/ast/SpelNodeImpl
instanceKlass org/springframework/expression/spel/SpelNode
instanceKlass org/springframework/web/multipart/MultipartFile
instanceKlass org/springframework/http/HttpEntity
instanceKlass org/springframework/objenesis/instantiator/sun/SunReflectionFactoryHelper
instanceKlass org/springframework/objenesis/instantiator/sun/SunReflectionFactoryInstantiator
instanceKlass org/springframework/objenesis/strategy/PlatformDescription
instanceKlass org/springframework/cglib/proxy/Enhancer$4
instanceKlass org/springframework/cglib/proxy/Enhancer$3
instanceKlass org/springframework/cglib/proxy/Enhancer$5
instanceKlass org/springframework/cloud/netflix/eureka/serviceregistry/EurekaRegistration$1
instanceKlass org/springframework/aop/framework/CglibAopProxy$ProxyCallbackFilter
instanceKlass org/springframework/aop/framework/CglibAopProxy$HashCodeInterceptor
instanceKlass org/springframework/aop/framework/CglibAopProxy$EqualsInterceptor
instanceKlass org/springframework/aop/framework/CglibAopProxy$SerializableNoOp
instanceKlass org/springframework/aop/framework/CglibAopProxy$DynamicUnadvisedInterceptor
instanceKlass org/springframework/aop/framework/CglibAopProxy$DynamicAdvisedInterceptor
instanceKlass org/springframework/cloud/netflix/eureka/serviceregistry/EurekaRegistration$Builder
instanceKlass org/springframework/aop/framework/CglibAopProxy$AdvisedDispatcher
instanceKlass org/springframework/aop/framework/CglibAopProxy
instanceKlass org/springframework/aop/support/DefaultIntroductionAdvisor
instanceKlass org/springframework/aop/support/IntroductionInfoSupport
instanceKlass org/springframework/aop/IntroductionInterceptor
instanceKlass org/springframework/aop/scope/DefaultScopedObject
instanceKlass org/springframework/aop/target/AbstractBeanFactoryBasedTargetSource
instanceKlass org/springframework/boot/web/servlet/context/WebServerStartStopLifecycle
instanceKlass org/springframework/boot/web/servlet/context/WebServerGracefulShutdownLifecycle
instanceKlass org/apache/naming/ContextAccessController
instanceKlass org/apache/naming/StringManager
instanceKlass org/apache/naming/ContextBindings
instanceKlass org/apache/catalina/core/StandardServer$$Lambda$876
instanceKlass org/apache/catalina/core/StandardServer$$Lambda$875
instanceKlass org/apache/catalina/mapper/WrapperMappingInfo
instanceKlass org/apache/catalina/core/ContainerBase$ContainerBackgroundProcessor
instanceKlass org/apache/catalina/mapper/Mapper$ContextList
instanceKlass org/apache/tomcat/util/threads/Constants
instanceKlass org/apache/tomcat/util/threads/TaskThread$WrappingRunnable
instanceKlass org/apache/catalina/core/ContainerBase$ContainerBackgroundProcessorMonitor
instanceKlass org/apache/catalina/core/ApplicationFilterConfig
instanceKlass javax/servlet/HttpConstraintElement
instanceKlass org/apache/tomcat/websocket/server/WsSessionListener
instanceKlass javax/servlet/GenericFilter
instanceKlass java/util/concurrent/ConcurrentSkipListMap$Node
instanceKlass java/util/concurrent/ConcurrentSkipListMap$Index
instanceKlass org/apache/tomcat/websocket/server/WsWriteTimeout$EndpointComparator
instanceKlass java/util/concurrent/ConcurrentNavigableMap
instanceKlass org/apache/tomcat/websocket/server/WsWriteTimeout
instanceKlass org/apache/tomcat/websocket/WsExtension
instanceKlass javax/websocket/Extension
instanceKlass org/apache/tomcat/websocket/Constants
instanceKlass javax/websocket/CloseReason
instanceKlass javax/websocket/Session
instanceKlass javax/websocket/EndpointConfig
instanceKlass org/apache/tomcat/websocket/WsRemoteEndpointImplBase
instanceKlass javax/websocket/RemoteEndpoint
instanceKlass org/apache/tomcat/websocket/AsyncChannelWrapper
instanceKlass org/apache/tomcat/websocket/ClientEndpointHolder
instanceKlass javax/websocket/HandshakeResponse
instanceKlass javax/websocket/CloseReason$CloseCode
instanceKlass org/apache/tomcat/websocket/WsWebSocketContainer
instanceKlass org/apache/tomcat/websocket/BackgroundProcess
instanceKlass javax/servlet/http/HttpSessionIdListener
instanceKlass org/apache/catalina/ContainerServlet
instanceKlass org/apache/catalina/core/ApplicationServletRegistration
instanceKlass org/apache/catalina/core/ApplicationFilterRegistration
instanceKlass org/apache/tomcat/util/descriptor/web/Constants
instanceKlass org/springframework/boot/web/servlet/ServletContextInitializerBeans$$Lambda$874
instanceKlass org/springframework/boot/web/servlet/ServletContextInitializerBeans$ServletListenerRegistrationBeanAdapter
instanceKlass javax/servlet/http/HttpSessionListener
instanceKlass javax/servlet/http/HttpSessionAttributeListener
instanceKlass javax/servlet/ServletRequestAttributeListener
instanceKlass javax/servlet/ServletContextAttributeListener
instanceKlass org/springframework/http/HttpInputMessage
instanceKlass org/springframework/data/redis/core/script/DefaultScriptExecutor
instanceKlass org/springframework/core/serializer/DefaultDeserializer
instanceKlass org/springframework/core/serializer/Deserializer
instanceKlass org/springframework/core/serializer/support/DeserializingConverter
instanceKlass org/springframework/core/serializer/DefaultSerializer
instanceKlass org/springframework/core/serializer/Serializer
instanceKlass org/springframework/core/serializer/support/SerializingConverter
instanceKlass org/springframework/data/redis/serializer/JdkSerializationRedisSerializer
instanceKlass org/springframework/data/redis/connection/SortParameters
instanceKlass org/springframework/data/redis/core/BulkMapper
instanceKlass org/springframework/data/redis/core/query/SortQuery
instanceKlass org/springframework/data/redis/core/SessionCallback
instanceKlass org/springframework/data/redis/core/script/RedisScript
instanceKlass org/springframework/data/redis/connection/RedisNode
instanceKlass org/springframework/data/redis/connection/NamedNode
instanceKlass org/springframework/data/redis/core/StreamObjectMapper$1
instanceKlass org/springframework/data/convert/DefaultTypeMapper$$Lambda$873
instanceKlass org/springframework/data/mapping/context/AbstractMappingContext$$Lambda$872
instanceKlass org/springframework/data/convert/MappingContextTypeInformationMapper
instanceKlass org/springframework/data/convert/SimpleTypeInformationMapper
instanceKlass org/springframework/data/convert/TypeInformationMapper
instanceKlass org/springframework/data/convert/CustomConversions$$Lambda$871
instanceKlass org/springframework/data/redis/core/convert/DefaultRedisTypeMapper$BucketTypeAliasAccessor
instanceKlass org/springframework/data/convert/TypeAliasAccessor
instanceKlass org/springframework/data/convert/DefaultTypeMapper
instanceKlass org/springframework/data/convert/EntityInstantiator
instanceKlass org/springframework/util/comparator/NullSafeComparator
instanceKlass org/springframework/data/redis/hash/ObjectHashMapper$NoOpReferenceResolver
instanceKlass org/springframework/data/redis/hash/ObjectHashMapper$NoOpIndexResolver
instanceKlass org/springframework/data/redis/core/mapping/RedisMappingContext$ConfigAwareTimeToLiveAccessor
instanceKlass org/springframework/data/redis/core/mapping/RedisMappingContext$ConfigAwareKeySpaceResolver
instanceKlass java/util/WeakHashMap$HashIterator
instanceKlass java/util/stream/DistinctOps
instanceKlass org/springframework/data/convert/CustomConversions$$Lambda$870
instanceKlass org/springframework/data/convert/CustomConversions$$Lambda$869
instanceKlass org/springframework/data/convert/CustomConversions$$Lambda$868
instanceKlass org/springframework/data/convert/CustomConversions$$Lambda$867
instanceKlass org/springframework/data/convert/CustomConversions$$Lambda$866
instanceKlass org/springframework/data/convert/CustomConversions$$Lambda$865
instanceKlass org/springframework/data/convert/CustomConversions$$Lambda$864
instanceKlass org/springframework/data/convert/CustomConversions$$Lambda$863
instanceKlass org/springframework/data/convert/ConverterBuilder$ConverterAware
instanceKlass org/springframework/data/convert/ConverterBuilder$WritingConverterAware
instanceKlass org/springframework/data/convert/ConverterBuilder$ReadingConverterAware
instanceKlass org/springframework/data/convert/ConverterBuilder
instanceKlass org/springframework/data/convert/ReadingConverter
instanceKlass org/springframework/data/convert/WritingConverter
instanceKlass org/springframework/data/convert/CustomConversions$$Lambda$862
instanceKlass org/springframework/data/convert/CustomConversions$$Lambda$861
instanceKlass org/springframework/data/convert/CustomConversions$$Lambda$860
instanceKlass org/springframework/data/convert/CustomConversions$$Lambda$859
instanceKlass org/springframework/data/convert/CustomConversions$$Lambda$858
instanceKlass org/springframework/data/convert/CustomConversions$$Lambda$857
instanceKlass org/springframework/data/convert/CustomConversions$ConverterRegistration
instanceKlass org/springframework/data/convert/CustomConversions$ConverterRegistrationIntent
instanceKlass org/springframework/data/convert/CustomConversions$$Lambda$856
instanceKlass org/springframework/data/convert/CustomConversions$$Lambda$855
instanceKlass org/springframework/data/convert/CustomConversions$$Lambda$854
instanceKlass org/springframework/data/convert/CustomConversions$$Lambda$853
instanceKlass org/springframework/data/convert/CustomConversions$$Lambda$852
instanceKlass org/springframework/data/convert/CustomConversions$ConversionTargetsCache
instanceKlass org/springframework/data/convert/CustomConversions$ConverterConfiguration$$Lambda$851
instanceKlass org/springframework/data/convert/CustomConversions$ConverterConfiguration
instanceKlass org/springframework/data/convert/CustomConversions$StoreConversions
instanceKlass org/springframework/data/redis/core/convert/Jsr310Converters
instanceKlass org/springframework/data/redis/core/convert/BinaryConverters
instanceKlass org/springframework/data/redis/core/convert/BinaryConverters$BytesToEnumConverterFactory
instanceKlass org/springframework/data/redis/core/convert/BinaryConverters$BytesToNumberConverterFactory
instanceKlass org/springframework/data/redis/core/convert/BinaryConverters$StringBasedConverter
instanceKlass org/springframework/data/convert/ThreeTenBackPortConverters
instanceKlass org/springframework/data/convert/Jsr310Converters
instanceKlass org/springframework/data/convert/JodaTimeConverters
instanceKlass org/springframework/data/redis/hash/ObjectHashMapper
instanceKlass org/springframework/data/redis/connection/stream/MapRecord
instanceKlass org/springframework/data/redis/core/StreamObjectMapper
instanceKlass org/springframework/data/redis/connection/stream/Record
instanceKlass org/springframework/data/redis/core/Cursor
instanceKlass org/springframework/data/redis/core/ZSetOperations$TypedTuple
instanceKlass org/springframework/data/redis/core/AbstractOperations
instanceKlass org/springframework/data/redis/serializer/StringRedisSerializer
instanceKlass org/springframework/data/redis/core/HashOperations
instanceKlass org/springframework/data/redis/core/BoundZSetOperations
instanceKlass org/springframework/data/redis/core/BoundSetOperations
instanceKlass org/springframework/data/redis/core/BoundHashOperations
instanceKlass org/springframework/data/redis/core/BoundStreamOperations
instanceKlass org/springframework/data/redis/core/BoundListOperations
instanceKlass org/springframework/data/redis/core/BoundGeoOperations
instanceKlass org/springframework/data/redis/core/BoundValueOperations
instanceKlass org/springframework/data/redis/core/BoundKeyOperations
instanceKlass org/springframework/data/redis/core/script/ScriptExecutor
instanceKlass org/springframework/data/redis/core/ClusterOperations
instanceKlass org/springframework/data/redis/core/HyperLogLogOperations
instanceKlass org/springframework/data/redis/core/GeoOperations
instanceKlass org/springframework/data/redis/core/ZSetOperations
instanceKlass org/springframework/data/redis/core/StreamOperations
instanceKlass org/springframework/data/redis/core/HashMapperProvider
instanceKlass org/springframework/data/redis/hash/HashMapper
instanceKlass org/springframework/data/redis/core/SetOperations
instanceKlass org/springframework/data/redis/core/ListOperations
instanceKlass org/springframework/data/redis/core/ValueOperations
instanceKlass io/lettuce/core/cluster/api/reactive/RedisClusterReactiveCommands
instanceKlass io/lettuce/core/api/reactive/RedisStringReactiveCommands
instanceKlass io/lettuce/core/api/reactive/RedisStreamReactiveCommands
instanceKlass io/lettuce/core/api/reactive/RedisSortedSetReactiveCommands
instanceKlass io/lettuce/core/api/reactive/RedisSetReactiveCommands
instanceKlass io/lettuce/core/api/reactive/RedisServerReactiveCommands
instanceKlass io/lettuce/core/api/reactive/RedisScriptingReactiveCommands
instanceKlass io/lettuce/core/api/reactive/RedisListReactiveCommands
instanceKlass io/lettuce/core/api/reactive/RedisKeyReactiveCommands
instanceKlass io/lettuce/core/api/reactive/RedisHLLReactiveCommands
instanceKlass io/lettuce/core/api/reactive/RedisHashReactiveCommands
instanceKlass io/lettuce/core/api/reactive/RedisGeoReactiveCommands
instanceKlass io/lettuce/core/api/reactive/BaseRedisReactiveCommands
instanceKlass org/springframework/data/redis/connection/ReactiveHyperLogLogCommands
instanceKlass org/springframework/data/redis/connection/ReactiveScriptingCommands
instanceKlass org/springframework/data/redis/connection/ReactiveGeoCommands
instanceKlass org/springframework/data/redis/connection/ReactiveSetCommands
instanceKlass org/springframework/data/redis/connection/ReactiveListCommands
instanceKlass org/springframework/data/redis/connection/ReactiveStreamCommands
instanceKlass org/springframework/data/redis/connection/ReactiveStringCommands
instanceKlass org/springframework/data/redis/connection/ReactiveServerCommands
instanceKlass org/springframework/data/redis/connection/ReactiveHashCommands
instanceKlass org/springframework/data/redis/connection/ReactiveZSetCommands
instanceKlass org/springframework/data/redis/connection/ReactiveNumberCommands
instanceKlass org/springframework/data/redis/connection/ReactivePubSubCommands
instanceKlass org/springframework/data/redis/connection/ReactiveKeyCommands
instanceKlass org/springframework/data/redis/connection/lettuce/LettucePoolingClientConfiguration
instanceKlass org/springframework/data/redis/connection/lettuce/StandaloneConnectionProvider$1
instanceKlass org/springframework/data/redis/connection/lettuce/StandaloneConnectionProvider
instanceKlass io/lettuce/core/output/StreamingOutput
instanceKlass io/lettuce/core/protocol/LettuceCharsets
instanceKlass org/springframework/data/redis/connection/lettuce/LettuceConnection$TypeHints
instanceKlass io/lettuce/core/codec/ByteArrayCodec
instanceKlass io/lettuce/core/codec/ToByteBufEncoder
instanceKlass io/lettuce/core/cluster/api/async/RedisClusterAsyncCommands
instanceKlass io/lettuce/core/api/async/RedisStringAsyncCommands
instanceKlass io/lettuce/core/api/async/RedisStreamAsyncCommands
instanceKlass io/lettuce/core/api/async/RedisSortedSetAsyncCommands
instanceKlass io/lettuce/core/api/async/RedisSetAsyncCommands
instanceKlass io/lettuce/core/api/async/RedisServerAsyncCommands
instanceKlass io/lettuce/core/api/async/RedisScriptingAsyncCommands
instanceKlass io/lettuce/core/api/async/RedisListAsyncCommands
instanceKlass io/lettuce/core/api/async/RedisKeyAsyncCommands
instanceKlass io/lettuce/core/api/async/RedisHLLAsyncCommands
instanceKlass io/lettuce/core/api/async/RedisHashAsyncCommands
instanceKlass io/lettuce/core/api/async/RedisGeoAsyncCommands
instanceKlass io/lettuce/core/api/async/BaseRedisAsyncCommands
instanceKlass org/springframework/data/redis/connection/Subscription
instanceKlass io/lettuce/core/cluster/api/sync/RedisClusterCommands
instanceKlass io/lettuce/core/api/sync/RedisStringCommands
instanceKlass io/lettuce/core/api/sync/RedisStreamCommands
instanceKlass io/lettuce/core/api/sync/RedisSortedSetCommands
instanceKlass io/lettuce/core/api/sync/RedisSetCommands
instanceKlass io/lettuce/core/api/sync/RedisServerCommands
instanceKlass io/lettuce/core/api/sync/RedisScriptingCommands
instanceKlass io/lettuce/core/api/sync/RedisListCommands
instanceKlass io/lettuce/core/api/sync/RedisKeyCommands
instanceKlass io/lettuce/core/api/sync/RedisHLLCommands
instanceKlass io/lettuce/core/api/sync/RedisHashCommands
instanceKlass io/lettuce/core/api/sync/RedisGeoCommands
instanceKlass io/lettuce/core/api/sync/BaseRedisCommands
instanceKlass org/springframework/data/redis/connection/FutureResult
instanceKlass org/springframework/data/redis/connection/lettuce/LettuceConnectionFactory$ExceptionTranslatingConnectionProvider
instanceKlass org/springframework/data/redis/connection/lettuce/LettuceConnectionProvider$TargetAware
instanceKlass org/springframework/data/redis/connection/lettuce/LettuceConnectionFactory$$Lambda$850
instanceKlass org/springframework/data/redis/connection/lettuce/LettuceConnectionFactory$$Lambda$849
instanceKlass io/netty/channel/group/VoidChannelGroupFuture
instanceKlass io/netty/channel/group/DefaultChannelGroup$1
instanceKlass io/netty/channel/group/ChannelGroupFuture
instanceKlass io/netty/channel/ChannelFutureListener
instanceKlass io/lettuce/core/ConnectionEvents
instanceKlass io/netty/buffer/PooledByteBufAllocatorMetric
instanceKlass io/netty/buffer/PoolChunkList
instanceKlass io/netty/buffer/PoolChunkListMetric
instanceKlass io/netty/buffer/PoolSubpage
instanceKlass io/netty/buffer/PoolSubpageMetric
instanceKlass io/netty/buffer/PoolThreadCache
instanceKlass io/netty/buffer/SizeClasses
instanceKlass io/netty/buffer/PoolArenaMetric
instanceKlass io/netty/buffer/SizeClassesMetric
instanceKlass io/netty/buffer/PooledByteBufAllocator$1
instanceKlass io/netty/util/NettyRuntime$AvailableProcessorsHolder
instanceKlass io/netty/util/NettyRuntime
instanceKlass io/netty/buffer/ByteBufAllocatorMetric
instanceKlass io/netty/buffer/ByteBuf
instanceKlass io/netty/util/ReferenceCounted
instanceKlass io/netty/channel/ChannelHandlerAdapter
instanceKlass io/netty/channel/ChannelInboundHandler
instanceKlass io/netty/channel/ChannelOutboundHandler
instanceKlass io/lettuce/core/protocol/HasQueuedCommands
instanceKlass io/lettuce/core/ConnectionBuilder
instanceKlass io/lettuce/core/sentinel/api/StatefulRedisSentinelConnection
instanceKlass io/lettuce/core/protocol/ProtocolKeyword
instanceKlass io/lettuce/core/output/CommandOutput
instanceKlass io/lettuce/core/pubsub/StatefulRedisPubSubConnection
instanceKlass io/lettuce/core/RedisChannelHandler
instanceKlass io/lettuce/core/protocol/ConnectionFacade
instanceKlass io/lettuce/core/protocol/Endpoint
instanceKlass io/lettuce/core/RedisChannelWriter
instanceKlass io/netty/channel/ChannelHandler
instanceKlass io/lettuce/core/ConnectionFuture
instanceKlass io/netty/channel/group/ChannelGroup
instanceKlass org/springframework/data/redis/connection/lettuce/LettuceConnectionFactory$$Lambda$848
instanceKlass io/lettuce/core/RedisURI$$Lambda$847
instanceKlass io/lettuce/core/RedisURI$$Lambda$846
instanceKlass io/lettuce/core/RedisURI$$Lambda$845
instanceKlass io/lettuce/core/RedisURI$Builder$$Lambda$844
instanceKlass io/lettuce/core/RedisURI$Builder$$Lambda$843
instanceKlass io/lettuce/core/RedisURI$Builder$$Lambda$842
instanceKlass io/lettuce/core/RedisURI$Builder$$Lambda$841
instanceKlass org/springframework/data/redis/connection/lettuce/LettuceConnectionFactory$$Lambda$840
instanceKlass org/springframework/data/redis/connection/lettuce/LettuceConnectionFactory$$Lambda$839
instanceKlass org/springframework/data/redis/connection/lettuce/LettuceConnectionFactory$$Lambda$838
instanceKlass org/springframework/data/redis/connection/lettuce/LettuceConnectionFactory$$Lambda$837
instanceKlass io/lettuce/core/RedisURI$Builder$$Lambda$836
instanceKlass io/lettuce/core/RedisURI$Builder$$Lambda$835
instanceKlass io/lettuce/core/LettuceStrings
instanceKlass io/lettuce/core/RedisURI$Builder
instanceKlass org/springframework/data/redis/connection/lettuce/LettuceConnectionFactory$$Lambda$834
instanceKlass java/util/function/IntSupplier
instanceKlass org/springframework/data/redis/connection/lettuce/LettuceConnectionFactory$$Lambda$833
instanceKlass org/springframework/data/redis/connection/RedisConfiguration$StaticMasterReplicaConfiguration
instanceKlass org/springframework/data/redis/connection/lettuce/LettuceConnectionFactory$MutableLettuceClientConfiguration
instanceKlass org/springframework/data/redis/connection/RedisSocketConfiguration
instanceKlass org/springframework/data/redis/connection/RedisConfiguration$DomainSocketConfiguration
instanceKlass org/springframework/data/redis/connection/RedisConfiguration$WithDomainSocket
instanceKlass io/lettuce/core/api/StatefulRedisConnection
instanceKlass org/springframework/data/redis/connection/DefaultedRedisClusterConnection
instanceKlass io/lettuce/core/cluster/api/StatefulRedisClusterConnection
instanceKlass io/lettuce/core/api/StatefulConnection
instanceKlass io/lettuce/core/internal/AsyncCloseable
instanceKlass io/lettuce/core/RedisURI
instanceKlass io/lettuce/core/ConnectionPoint
instanceKlass io/lettuce/core/codec/RedisCodec
instanceKlass org/springframework/data/redis/connection/ClusterCommandExecutor
instanceKlass org/springframework/data/redis/connection/lettuce/LettucePool
instanceKlass org/springframework/data/redis/connection/Pool
instanceKlass org/springframework/data/redis/connection/lettuce/LettuceConnectionFactory$SharedConnection
instanceKlass org/springframework/data/redis/connection/lettuce/LettuceConnection$PipeliningFlushState
instanceKlass org/springframework/data/redis/connection/lettuce/LettuceConnection$PipeliningFlushPolicy
instanceKlass org/springframework/data/redis/connection/RedisStandaloneConfiguration$$Lambda$832
instanceKlass org/springframework/data/redis/connection/RedisStandaloneConfiguration$$Lambda$831
instanceKlass org/springframework/data/redis/connection/RedisPassword$$Lambda$830
instanceKlass org/springframework/data/redis/connection/RedisPassword$$Lambda$829
instanceKlass org/springframework/data/redis/connection/RedisPassword$$Lambda$828
instanceKlass org/springframework/data/redis/connection/RedisPassword
instanceKlass org/springframework/data/redis/connection/lettuce/LettuceConverters$$Lambda$827
instanceKlass io/lettuce/core/TransactionResult
instanceKlass org/springframework/data/redis/connection/lettuce/LettuceConverters$$Lambda$826
instanceKlass org/springframework/data/redis/connection/convert/ListConverter
instanceKlass org/springframework/data/redis/connection/lettuce/LettuceConverters$$Lambda$825
instanceKlass org/springframework/data/geo/Point
instanceKlass io/lettuce/core/GeoCoordinates
instanceKlass org/springframework/data/redis/connection/lettuce/LettuceConverters$$Lambda$824
instanceKlass org/springframework/data/redis/connection/lettuce/LettuceConverters$2
instanceKlass org/springframework/data/redis/connection/lettuce/LettuceConverters$1
instanceKlass org/springframework/data/redis/connection/lettuce/LettuceConverters$$Lambda$823
instanceKlass org/springframework/data/redis/connection/lettuce/LettuceConverters$$Lambda$822
instanceKlass org/springframework/data/redis/connection/lettuce/LettuceConverters$$Lambda$821
instanceKlass org/springframework/data/redis/connection/lettuce/LettuceConverters$$Lambda$820
instanceKlass org/springframework/data/redis/connection/lettuce/LettuceConverters$$Lambda$819
instanceKlass org/springframework/data/redis/connection/lettuce/LettuceConverters$$Lambda$818
instanceKlass io/lettuce/core/Value
instanceKlass org/springframework/data/redis/connection/lettuce/LettuceConverters$$Lambda$817
instanceKlass org/springframework/data/redis/connection/lettuce/LettuceConverters$$Lambda$816
instanceKlass org/springframework/data/redis/connection/lettuce/LettuceConverters$$Lambda$815
instanceKlass org/springframework/data/redis/connection/lettuce/LettuceConverters$$Lambda$814
instanceKlass org/springframework/data/redis/connection/lettuce/LettuceConverters$$Lambda$813
instanceKlass org/springframework/data/redis/connection/lettuce/LettuceConverters$$Lambda$812
instanceKlass org/springframework/data/redis/connection/convert/StringToRedisClientInfoConverter
instanceKlass org/springframework/data/redis/connection/lettuce/LettuceExceptionConverter
instanceKlass org/springframework/data/redis/connection/convert/Converters$$Lambda$811
instanceKlass org/springframework/data/redis/connection/convert/Converters$1
instanceKlass org/springframework/data/redis/connection/convert/StringToDataTypeConverter
instanceKlass org/springframework/data/redis/connection/convert/LongToBooleanConverter
instanceKlass org/springframework/data/redis/connection/convert/StringToPropertiesConverter
instanceKlass org/springframework/data/redis/connection/RedisZSetCommands$Tuple
instanceKlass org/springframework/data/geo/Metric
instanceKlass org/springframework/data/redis/connection/convert/Converters
instanceKlass org/springframework/data/redis/PassThroughExceptionTranslationStrategy
instanceKlass org/springframework/data/redis/connection/RedisClusterConnection
instanceKlass org/springframework/data/redis/connection/RedisClusterServerCommands
instanceKlass org/springframework/data/redis/connection/RedisClusterCommands
instanceKlass org/springframework/data/redis/connection/RedisSentinelConnection
instanceKlass org/springframework/data/redis/connection/RedisSentinelCommands
instanceKlass org/springframework/data/redis/connection/lettuce/LettuceReactiveRedisConnection
instanceKlass org/springframework/data/redis/connection/ReactiveRedisClusterConnection
instanceKlass org/springframework/data/redis/connection/ReactiveClusterCommands
instanceKlass org/springframework/data/redis/connection/ReactiveRedisConnection
instanceKlass org/springframework/data/redis/connection/ClusterTopologyProvider
instanceKlass org/springframework/data/redis/connection/ClusterNodeResourceProvider
instanceKlass org/springframework/data/redis/connection/lettuce/LettuceConnectionProvider
instanceKlass org/springframework/data/redis/ExceptionTranslationStrategy
instanceKlass org/springframework/data/redis/connection/lettuce/DefaultLettuceClientConfiguration
instanceKlass org/springframework/boot/autoconfigure/data/redis/LettuceConnectionConfiguration$$Lambda$810
instanceKlass io/lettuce/core/TimeoutOptions$TimeoutSource
instanceKlass io/lettuce/core/TimeoutOptions$Builder
instanceKlass io/lettuce/core/TimeoutOptions
instanceKlass io/lettuce/core/SslOptions$KeystoreAction$$Lambda$809
instanceKlass java/lang/invoke/LambdaForm$DMH
instanceKlass io/lettuce/core/SslOptions$KeystoreAction
instanceKlass io/lettuce/core/SslOptions$Builder$$Lambda$808
instanceKlass io/lettuce/core/SslOptions$Builder$$Lambda$807
instanceKlass io/netty/handler/ssl/SslContextBuilder
instanceKlass io/lettuce/core/SslOptions$Builder
instanceKlass io/lettuce/core/SslOptions
instanceKlass io/lettuce/core/SocketOptions$Builder
instanceKlass io/lettuce/core/SocketOptions
instanceKlass io/lettuce/core/ClientOptions
instanceKlass io/lettuce/core/resource/SocketAddressResolver
instanceKlass io/lettuce/core/metrics/CommandLatencyCollector$1
instanceKlass io/lettuce/core/metrics/DefaultCommandLatencyCollector$PauseDetectorWrapper$1
instanceKlass org/HdrHistogram/EncodableHistogram
instanceKlass io/lettuce/core/internal/LettuceClassUtils
instanceKlass io/lettuce/core/metrics/DefaultCommandLatencyCollector$PauseDetectorWrapper
instanceKlass io/lettuce/core/metrics/DefaultCommandLatencyCollector$Latencies
instanceKlass io/lettuce/core/metrics/DefaultCommandLatencyCollector
instanceKlass io/lettuce/core/metrics/CommandLatencyCollector
instanceKlass io/lettuce/core/metrics/MetricCollector
instanceKlass reactor/core/publisher/Hooks
instanceKlass reactor/util/concurrent/MpscLinkedQueue$LinkedQueueNode
instanceKlass reactor/util/concurrent/Queues$$Lambda$806
instanceKlass reactor/util/concurrent/Queues$$Lambda$805
instanceKlass reactor/util/concurrent/Queues$$Lambda$804
instanceKlass reactor/util/concurrent/Queues$$Lambda$803
instanceKlass reactor/util/concurrent/Queues$$Lambda$802
instanceKlass reactor/util/concurrent/Queues$$Lambda$801
instanceKlass reactor/util/concurrent/Queues$$Lambda$800
instanceKlass reactor/util/concurrent/Queues
instanceKlass reactor/core/publisher/FluxCreate$SerializedSink
instanceKlass reactor/util/context/Context0
instanceKlass reactor/util/context/CoreContext
instanceKlass reactor/core/publisher/Operators$1
instanceKlass reactor/core/publisher/OnNextFailureStrategy
instanceKlass reactor/core/Fuseable$ConditionalSubscriber
instanceKlass reactor/core/publisher/Operators
instanceKlass java/util/concurrent/atomic/AtomicLongFieldUpdater$CASUpdater$1
instanceKlass java/util/function/LongConsumer
instanceKlass java/util/concurrent/atomic/AtomicLongFieldUpdater
instanceKlass reactor/util/context/Context
instanceKlass reactor/core/Disposables$AlwaysDisposable
instanceKlass reactor/core/Disposable$Composite
instanceKlass reactor/core/Disposable$Swap
instanceKlass reactor/core/Disposables
instanceKlass reactor/core/publisher/OperatorDisposables
instanceKlass reactor/core/publisher/FluxCreate$1
instanceKlass reactor/core/publisher/DirectProcessor$DirectInner
instanceKlass reactor/core/publisher/Flux$$Lambda$799
instanceKlass reactor/core/publisher/Flux$$Lambda$798
instanceKlass java/lang/invoke/LambdaForm$DMH
instanceKlass java/lang/invoke/LambdaForm$DMH
instanceKlass reactor/core/publisher/Flux$$Lambda$797
instanceKlass reactor/core/publisher/Flux$$Lambda$796
instanceKlass reactor/core/publisher/Flux$$Lambda$795
instanceKlass reactor/util/function/Tuple2
instanceKlass reactor/util/function/Tuples
instanceKlass reactor/core/publisher/InnerProducer
instanceKlass reactor/core/publisher/FluxSink
instanceKlass reactor/core/scheduler/Scheduler$Worker
instanceKlass reactor/core/scheduler/DelegateServiceScheduler
instanceKlass reactor/util/Loggers$Slf4JLogger
instanceKlass reactor/util/Logger
instanceKlass reactor/util/Loggers$Slf4JLoggerFactory
instanceKlass reactor/util/Loggers$LoggerFactory
instanceKlass reactor/util/Loggers
instanceKlass reactor/core/scheduler/Schedulers$1
instanceKlass reactor/core/scheduler/Schedulers$$Lambda$794
instanceKlass reactor/core/scheduler/Schedulers$$Lambda$793
instanceKlass reactor/core/scheduler/Schedulers$$Lambda$792
instanceKlass reactor/core/scheduler/Schedulers$$Lambda$791
instanceKlass reactor/core/scheduler/Schedulers$$Lambda$790
instanceKlass reactor/core/scheduler/Schedulers$$Lambda$789
instanceKlass reactor/core/scheduler/Schedulers$$Lambda$788
instanceKlass reactor/core/scheduler/Schedulers$$Lambda$787
instanceKlass reactor/core/scheduler/Schedulers$$Lambda$786
instanceKlass reactor/core/scheduler/Scheduler
instanceKlass reactor/core/scheduler/Schedulers$Factory
instanceKlass reactor/core/scheduler/Schedulers
instanceKlass io/lettuce/core/event/DefaultEventBus
instanceKlass io/netty/util/concurrent/FastThreadLocalRunnable
instanceKlass io/netty/util/internal/shaded/org/jctools/util/UnsafeRefArrayAccess
instanceKlass io/netty/util/internal/shaded/org/jctools/util/Pow2
instanceKlass io/netty/util/internal/shaded/org/jctools/util/RangeUtil
instanceKlass io/netty/util/internal/shaded/org/jctools/util/UnsafeAccess
instanceKlass io/netty/util/internal/PlatformDependent$Mpsc$1
instanceKlass io/netty/util/internal/PlatformDependent$Mpsc
instanceKlass io/netty/util/internal/PlatformDependent$4
instanceKlass io/netty/util/internal/CleanerJava6$1
instanceKlass io/netty/util/internal/CleanerJava6
instanceKlass io/netty/util/internal/PlatformDependent$2
instanceKlass io/netty/util/internal/PlatformDependent$1
instanceKlass sun/misc/VMNotification
instanceKlass io/netty/util/internal/PlatformDependent0$5
instanceKlass io/netty/util/internal/PlatformDependent0$4
instanceKlass io/netty/util/internal/PlatformDependent0$3
instanceKlass io/netty/util/internal/PlatformDependent0$2
instanceKlass io/netty/util/internal/ReflectionUtil
instanceKlass io/netty/util/internal/PlatformDependent0$1
instanceKlass io/netty/util/internal/PlatformDependent0
instanceKlass io/netty/util/internal/LongCounter
instanceKlass io/netty/util/internal/shaded/org/jctools/queues/SupportsIterator
instanceKlass io/netty/util/internal/shaded/org/jctools/queues/QueueProgressIndicators
instanceKlass io/netty/util/internal/shaded/org/jctools/queues/IndexedQueueSizeUtil$IndexedQueue
instanceKlass io/netty/util/internal/shaded/org/jctools/queues/MessagePassingQueue
instanceKlass io/netty/util/internal/PlatformDependent$ThreadLocalRandomProvider
instanceKlass io/netty/util/internal/Cleaner
instanceKlass io/netty/util/internal/PlatformDependent
instanceKlass io/netty/util/HashedWheelTimer$HashedWheelBucket
instanceKlass io/netty/util/HashedWheelTimer$Worker
instanceKlass javax/security/cert/Certificate
instanceKlass io/netty/util/AsciiString
instanceKlass io/netty/util/internal/EmptyArrays
instanceKlass io/netty/util/ResourceLeakTracker
instanceKlass io/netty/util/ResourceLeak
instanceKlass io/netty/util/ResourceLeakDetector
instanceKlass io/netty/util/ResourceLeakDetectorFactory
instanceKlass io/netty/util/Timeout
instanceKlass io/netty/util/HashedWheelTimer
instanceKlass io/netty/util/concurrent/MultithreadEventExecutorGroup$1
instanceKlass io/netty/util/concurrent/DefaultEventExecutorChooserFactory$GenericEventExecutorChooser
instanceKlass io/netty/util/internal/ThreadExecutorMap$1
instanceKlass io/netty/util/internal/ThreadExecutorMap$3
instanceKlass io/netty/util/internal/UnpaddedInternalThreadLocalMap
instanceKlass io/netty/util/concurrent/FastThreadLocal
instanceKlass io/netty/util/internal/ThreadExecutorMap
instanceKlass io/netty/util/internal/StringUtil
instanceKlass io/netty/util/concurrent/GlobalEventExecutor$TaskRunner
instanceKlass io/netty/util/concurrent/GlobalEventExecutor$1
instanceKlass io/netty/util/concurrent/PromiseTask$SentinelRunnable
instanceKlass io/netty/util/internal/PriorityQueueNode
instanceKlass io/netty/util/internal/ThrowableUtil
instanceKlass io/netty/util/concurrent/DefaultPromise$CauseHolder
instanceKlass io/netty/util/concurrent/AbstractFuture
instanceKlass io/netty/util/concurrent/EventExecutorChooserFactory$EventExecutorChooser
instanceKlass io/netty/util/concurrent/DefaultEventExecutorChooserFactory
instanceKlass io/netty/util/concurrent/ThreadPerTaskExecutor
instanceKlass io/netty/util/concurrent/RejectedExecutionHandlers$1
instanceKlass io/netty/util/concurrent/RejectedExecutionHandlers
instanceKlass io/netty/util/concurrent/RejectedExecutionHandler
instanceKlass io/netty/util/concurrent/SingleThreadEventExecutor$1
instanceKlass io/netty/util/concurrent/AbstractScheduledEventExecutor$2
instanceKlass io/netty/util/concurrent/AbstractScheduledEventExecutor$1
instanceKlass io/netty/util/concurrent/ThreadProperties
instanceKlass io/netty/util/concurrent/ScheduledFuture
instanceKlass io/netty/util/internal/PriorityQueue
instanceKlass io/netty/util/concurrent/ProgressivePromise
instanceKlass io/netty/util/concurrent/ProgressiveFuture
instanceKlass io/netty/util/concurrent/OrderedEventExecutor
instanceKlass io/netty/util/concurrent/DefaultThreadFactory
instanceKlass io/netty/util/concurrent/EventExecutorChooserFactory
instanceKlass io/netty/util/concurrent/FutureListener
instanceKlass io/netty/util/concurrent/GenericFutureListener
instanceKlass io/netty/util/concurrent/AbstractEventExecutorGroup
instanceKlass io/lettuce/core/resource/DefaultEventLoopGroupProvider$ThreadFactoryProvider
instanceKlass io/lettuce/core/resource/DefaultEventLoopGroupProvider
instanceKlass io/lettuce/core/tracing/NoOpTracing$1
instanceKlass io/lettuce/core/tracing/Tracing$Endpoint
instanceKlass io/lettuce/core/tracing/TracerProvider
instanceKlass io/lettuce/core/tracing/TraceContextProvider
instanceKlass io/lettuce/core/tracing/Tracing
instanceKlass io/lettuce/core/internal/LettuceAssert
instanceKlass io/lettuce/core/event/DefaultEventPublisherOptions$Builder
instanceKlass io/lettuce/core/event/DefaultEventPublisherOptions
instanceKlass io/lettuce/core/metrics/DefaultCommandLatencyCollectorOptions$Builder
instanceKlass io/lettuce/core/metrics/CommandLatencyCollectorOptions$Builder
instanceKlass io/lettuce/core/metrics/DefaultCommandLatencyCollectorOptions
instanceKlass io/lettuce/core/event/EventPublisherOptions
instanceKlass io/lettuce/core/metrics/CommandLatencyCollectorOptions
instanceKlass io/lettuce/core/resource/DefaultClientResources$Builder
instanceKlass io/netty/util/internal/SystemPropertyUtil
instanceKlass io/lettuce/core/resource/DefaultClientResources$$Lambda$785
instanceKlass io/lettuce/core/resource/Delay$StatefulDelay
instanceKlass io/lettuce/core/resource/Delay
instanceKlass io/netty/util/internal/ObjectUtil
instanceKlass io/netty/util/internal/logging/AbstractInternalLogger
instanceKlass io/netty/util/internal/logging/InternalLogger
instanceKlass io/netty/util/internal/logging/InternalLoggerFactory
instanceKlass io/netty/util/concurrent/Promise
instanceKlass io/netty/util/concurrent/Future
instanceKlass io/netty/util/concurrent/EventExecutor
instanceKlass io/netty/util/concurrent/EventExecutorGroup
instanceKlass io/lettuce/core/resource/NettyCustomizer
instanceKlass io/lettuce/core/resource/DnsResolver
instanceKlass io/lettuce/core/event/metrics/MetricEventPublisher
instanceKlass io/lettuce/core/event/EventBus
instanceKlass io/netty/util/Timer
instanceKlass io/lettuce/core/resource/EventLoopGroupProvider
instanceKlass io/lettuce/core/resource/ClientResources$Builder
instanceKlass org/springframework/boot/autoconfigure/data/redis/RedisProperties$Lettuce$Cluster$Refresh
instanceKlass org/springframework/boot/autoconfigure/data/redis/RedisProperties$Lettuce$Cluster
instanceKlass org/springframework/core/convert/support/StringToNumberConverterFactory$StringToNumber
instanceKlass io/jsonwebtoken/Claims
instanceKlass io/jsonwebtoken/ClaimsMutator
instanceKlass org/springframework/data/repository/util/ReactiveWrapperConverters$ReactiveTypeWrapper
instanceKlass org/springframework/data/repository/util/ReactiveWrapperConverters
instanceKlass org/springframework/data/repository/core/support/QueryExecutionResultHandler$ReturnTypeDescriptor
instanceKlass org/hibernate/hql/internal/HolderInstantiator$$Lambda$784
instanceKlass org/hibernate/hql/internal/HolderInstantiator$$Lambda$783
instanceKlass org/hibernate/hql/internal/HolderInstantiator$$Lambda$782
instanceKlass org/hibernate/hql/internal/HolderInstantiator
instanceKlass org/hibernate/engine/internal/StatefulPersistenceContext$$Lambda$781
instanceKlass org/hibernate/secure/spi/PermissionCheckEntityInformation
instanceKlass org/hibernate/type/descriptor/sql/BasicExtractor
instanceKlass org/hibernate/loader/Loader$SqlStatementWrapper
instanceKlass org/postgresql/core/ResultHandlerDelegate
instanceKlass org/hibernate/engine/jdbc/internal/ResultSetReturnImpl
instanceKlass org/hibernate/engine/jdbc/spi/JdbcWrapper
instanceKlass org/hibernate/engine/jdbc/internal/StatementPreparerImpl$StatementPreparationTemplate
instanceKlass org/hibernate/engine/jdbc/internal/StatementPreparerImpl
instanceKlass org/hibernate/dialect/pagination/LimitHelper
instanceKlass org/hibernate/internal/SessionImpl$$Lambda$780
instanceKlass javax/persistence/Tuple
instanceKlass org/hibernate/query/spi/QueryParameterBinding
instanceKlass org/hibernate/query/spi/QueryParameterListBinding
instanceKlass org/hibernate/query/internal/QueryParameterBindingsImpl
instanceKlass org/hibernate/engine/spi/RowSelection
instanceKlass org/hibernate/engine/query/spi/ReturnMetadata
instanceKlass org/hibernate/query/QueryParameter
instanceKlass org/hibernate/hql/internal/ast/ParameterTranslationsImpl
instanceKlass org/hibernate/hql/spi/ParameterInformation
instanceKlass org/hibernate/hql/internal/ast/tree/ExpectedTypeAwareNode
instanceKlass org/hibernate/hql/internal/ast/SqlGenerator$DefaultWriter
instanceKlass org/hibernate/hql/internal/ast/SqlGenerator$SqlWriter
instanceKlass org/hibernate/hql/internal/ast/util/JoinProcessor$1
instanceKlass org/hibernate/engine/internal/JoinSequence
instanceKlass org/hibernate/hql/internal/ast/util/ASTIterator
instanceKlass org/hibernate/hql/internal/ast/util/SyntheticAndFactory
instanceKlass org/hibernate/engine/internal/JoinSequence$Selector
instanceKlass org/hibernate/hql/internal/ast/util/JoinProcessor
instanceKlass org/hibernate/hql/internal/NameGenerator
instanceKlass org/hibernate/hql/internal/ast/util/ColumnHelper
instanceKlass org/hibernate/hql/internal/ast/util/ASTAppender
instanceKlass org/hibernate/hql/internal/ast/tree/AggregatedSelectExpression
instanceKlass org/hibernate/hql/internal/ast/util/ASTUtil$CollectingNodeVisitor
instanceKlass org/hibernate/hql/internal/ast/tree/CollectionPropertyReference
instanceKlass org/hibernate/hql/internal/ast/tree/FromElementType
instanceKlass org/hibernate/hql/internal/ast/TypeDiscriminatorMetadata
instanceKlass org/hibernate/hql/internal/ast/tree/FromElementFactory
instanceKlass org/hibernate/hql/internal/antlr/SqlTokenTypes
instanceKlass org/hibernate/hql/internal/ast/tree/DotNode$1
instanceKlass org/hibernate/hql/internal/ast/tree/DotNode$IllegalCollectionDereferenceExceptionBuilder
instanceKlass org/hibernate/hql/internal/ast/tree/PathNode
instanceKlass org/hibernate/hql/internal/ast/tree/ResolvableNode
instanceKlass org/hibernate/hql/internal/ast/tree/TableReferenceNode
instanceKlass org/hibernate/hql/internal/ast/util/ASTUtil$IncludePredicate
instanceKlass org/hibernate/hql/internal/ast/util/ASTUtil$FilterPredicate
instanceKlass org/hibernate/hql/internal/ast/tree/SessionFactoryAwareNode
instanceKlass org/hibernate/hql/internal/ast/tree/SelectExpression
instanceKlass org/hibernate/hql/internal/ast/util/LiteralProcessor$DecimalFormatter
instanceKlass org/hibernate/hql/internal/ast/util/LiteralProcessor
instanceKlass org/hibernate/hql/internal/ast/util/SessionFactoryHelper
instanceKlass org/hibernate/hql/internal/ast/util/AliasGenerator
instanceKlass antlr/TreeParserSharedInputState
instanceKlass antlr/ASTNULLType
instanceKlass org/hibernate/hql/internal/ast/tree/InitializeableNode
instanceKlass org/hibernate/hql/internal/ast/tree/ParameterContainer
instanceKlass org/hibernate/hql/internal/ast/tree/DisplayableNode
instanceKlass org/hibernate/hql/internal/ast/tree/RestrictableStatement
instanceKlass org/hibernate/hql/internal/ast/tree/Statement
instanceKlass org/hibernate/param/ParameterSpecification
instanceKlass org/hibernate/param/ParameterBinder
instanceKlass antlr/TreeParser
instanceKlass org/hibernate/hql/internal/antlr/HqlSqlTokenTypes
instanceKlass org/hibernate/engine/internal/ParameterBinder$NamedParameterSource
instanceKlass org/hibernate/hql/internal/ast/util/ASTUtil
instanceKlass org/hibernate/hql/internal/ast/QueryTranslatorImpl$JavaConstantConverter
instanceKlass org/hibernate/hql/internal/ast/util/NodeTraverser
instanceKlass antlr/collections/impl/ASTArray
instanceKlass antlr/collections/ASTEnumeration
instanceKlass antlr/BaseAST
instanceKlass antlr/ASTPair
instanceKlass org/hibernate/hql/internal/ast/ErrorTracker
instanceKlass antlr/TokenQueue
instanceKlass antlr/TokenBuffer
instanceKlass antlr/ParserSharedInputState
instanceKlass antlr/ANTLRHashString
instanceKlass antlr/ANTLRStringBuffer
instanceKlass antlr/LexerSharedInputState
instanceKlass antlr/CharQueue
instanceKlass antlr/Token
instanceKlass antlr/InputBuffer
instanceKlass antlr/CharScanner
instanceKlass antlr/collections/impl/BitSet
instanceKlass antlr/ASTFactory
instanceKlass org/hibernate/hql/internal/ast/ParseErrorHandler
instanceKlass org/hibernate/hql/internal/ast/ErrorReporter
instanceKlass antlr/TokenStream
instanceKlass antlr/Parser
instanceKlass org/hibernate/hql/internal/antlr/HqlTokenTypes
instanceKlass antlr/collections/AST
instanceKlass org/hibernate/hql/spi/ParameterTranslations
instanceKlass org/hibernate/hql/internal/ast/exec/StatementExecutor
instanceKlass org/hibernate/hql/internal/ast/util/NodeTraverser$VisitationStrategy
instanceKlass org/hibernate/hql/internal/ast/QueryTranslatorImpl
instanceKlass org/hibernate/engine/query/spi/EntityGraphQueryHint
instanceKlass org/hibernate/hql/spi/FilterTranslator
instanceKlass org/hibernate/hql/internal/ast/ASTQueryTranslatorFactory
instanceKlass org/hibernate/hql/spi/QueryTranslator
instanceKlass org/hibernate/hql/internal/classic/ParserHelper
instanceKlass org/hibernate/hql/internal/QuerySplitter
instanceKlass org/hibernate/engine/query/spi/QueryPlanCache$HQLQueryPlanKey
instanceKlass org/hibernate/query/Query$1
instanceKlass org/hibernate/Query$1
instanceKlass org/hibernate/query/spi/QueryParameterBindings
instanceKlass org/hibernate/query/internal/AbstractProducedQuery
instanceKlass org/springframework/data/repository/core/support/ImplementationInvocationMetadata
instanceKlass org/springframework/data/repository/core/support/RepositoryComposition$RepositoryFragments$$Lambda$779
instanceKlass org/springframework/data/repository/core/support/RepositoryComposition$RepositoryFragments$$Lambda$778
instanceKlass org/springframework/data/repository/core/support/RepositoryComposition$RepositoryFragments$$Lambda$777
instanceKlass org/springframework/data/repository/core/support/RepositoryComposition$RepositoryFragments$$Lambda$776
instanceKlass org/springframework/orm/jpa/vendor/HibernateJpaDialect$SessionTransactionData
instanceKlass org/springframework/jdbc/datasource/DataSourceUtils
instanceKlass org/hibernate/internal/SessionImpl$IdentifierLoadAccessImpl
instanceKlass org/hibernate/engine/spi/EntityKey
instanceKlass org/hibernate/collection/spi/PersistentCollection
instanceKlass org/hibernate/query/spi/ScrollableResultsImplementor
instanceKlass org/hibernate/ScrollableResults
instanceKlass org/hibernate/engine/spi/QueryParameters
instanceKlass org/springframework/orm/jpa/vendor/HibernateJpaDialect$HibernateConnectionHandle
instanceKlass org/springframework/transaction/support/ResourceTransactionDefinition
instanceKlass org/springframework/transaction/support/ResourceHolderSupport
instanceKlass org/springframework/transaction/support/ResourceHolder
instanceKlass org/springframework/transaction/support/DelegatingTransactionDefinition
instanceKlass org/springframework/transaction/support/CallbackPreferringPlatformTransactionManager
instanceKlass org/springframework/transaction/support/AbstractPlatformTransactionManager$SuspendedResourcesHolder
instanceKlass org/springframework/transaction/support/AbstractTransactionStatus
instanceKlass org/springframework/jdbc/datasource/JdbcTransactionObjectSupport
instanceKlass org/springframework/transaction/support/SmartTransactionObject
instanceKlass org/springframework/boot/autoconfigure/transaction/TransactionManagerCustomizers$$Lambda$775
instanceKlass org/springframework/boot/convert/DurationUnit
instanceKlass org/springframework/boot/autoconfigure/orm/jpa/JpaBaseConfiguration$$Lambda$774
instanceKlass org/springframework/beans/factory/annotation/BeanFactoryAnnotationUtils$$Lambda$773
instanceKlass org/springframework/core/Constants$$Lambda$772
instanceKlass org/springframework/transaction/interceptor/TransactionInterceptor$$Lambda$771
instanceKlass org/springframework/data/jpa/repository/EntityGraph
instanceKlass org/springframework/data/jpa/repository/support/CrudMethodMetadataPostProcessor$DefaultCrudMethodMetadata$$Lambda$770
instanceKlass javax/persistence/QueryHint
instanceKlass org/springframework/data/jpa/repository/support/CrudMethodMetadataPostProcessor$DefaultCrudMethodMetadata$$Lambda$769
instanceKlass org/springframework/data/jpa/repository/Lock
instanceKlass org/springframework/data/jpa/repository/support/CrudMethodMetadataPostProcessor$DefaultCrudMethodMetadata
instanceKlass org/springframework/aop/framework/InterceptorAndDynamicMethodMatcher
instanceKlass org/springframework/aop/framework/ReflectiveMethodInvocation
instanceKlass org/springframework/aop/ProxyMethodInvocation
instanceKlass org/springframework/aop/ThrowsAdvice
instanceKlass org/springframework/aop/framework/AdvisedSupport$MethodCacheKey
instanceKlass org/springframework/cglib/reflect/FastClassEmitter$4
instanceKlass org/springframework/cglib/core/Block
instanceKlass org/springframework/cglib/core/EmitUtils$16
instanceKlass org/springframework/cglib/core/EmitUtils$15
instanceKlass org/springframework/cglib/core/EmitUtils$14
instanceKlass org/springframework/cglib/core/EmitUtils$13
instanceKlass org/springframework/cglib/core/EmitUtils$12
instanceKlass org/springframework/cglib/core/EmitUtils$11
instanceKlass org/springframework/cglib/core/EmitUtils$10
instanceKlass org/springframework/cglib/reflect/FastClassEmitter$GetIndexCallback
instanceKlass org/springframework/cglib/reflect/FastClassEmitter$3
instanceKlass org/springframework/cglib/reflect/FastClassEmitter$1
instanceKlass org/springframework/cglib/reflect/FastClass
instanceKlass org/springframework/cglib/proxy/MethodProxy$FastClassInfo
instanceKlass org/springframework/security/core/userdetails/UserDetailsPasswordService
instanceKlass org/springframework/security/crypto/password/DelegatingPasswordEncoder$UnmappedIdPasswordEncoder
instanceKlass org/springframework/security/crypto/password/DelegatingPasswordEncoder
instanceKlass org/springframework/security/crypto/argon2/Argon2PasswordEncoder
instanceKlass org/springframework/security/crypto/password/StandardPasswordEncoder
instanceKlass org/springframework/security/crypto/scrypt/SCryptPasswordEncoder
instanceKlass org/springframework/security/crypto/codec/Utf8
instanceKlass org/springframework/security/crypto/password/Pbkdf2PasswordEncoder
instanceKlass org/springframework/security/crypto/password/NoOpPasswordEncoder
instanceKlass org/springframework/security/crypto/password/Digester
instanceKlass org/springframework/security/crypto/password/MessageDigestPasswordEncoder
instanceKlass org/springframework/security/crypto/keygen/Base64StringKeyGenerator
instanceKlass org/springframework/security/crypto/password/Md4PasswordEncoder
instanceKlass org/springframework/security/crypto/keygen/SecureRandomBytesKeyGenerator
instanceKlass org/springframework/security/crypto/keygen/StringKeyGenerator
instanceKlass org/springframework/security/crypto/keygen/BytesKeyGenerator
instanceKlass org/springframework/security/crypto/keygen/KeyGenerators
instanceKlass org/springframework/security/crypto/password/LdapShaPasswordEncoder
instanceKlass org/springframework/security/crypto/bcrypt/BCryptPasswordEncoder
instanceKlass org/springframework/security/crypto/factory/PasswordEncoderFactories
instanceKlass org/springframework/security/core/authority/mapping/NullAuthoritiesMapper
instanceKlass org/springframework/security/authentication/dao/AbstractUserDetailsAuthenticationProvider$DefaultPostAuthenticationChecks
instanceKlass org/springframework/security/authentication/dao/AbstractUserDetailsAuthenticationProvider$DefaultPreAuthenticationChecks
instanceKlass org/springframework/security/core/userdetails/cache/NullUserCache
instanceKlass org/springframework/context/support/MessageSourceAccessor
instanceKlass org/springframework/security/core/authority/mapping/GrantedAuthoritiesMapper
instanceKlass org/springframework/security/core/userdetails/UserDetailsChecker
instanceKlass org/springframework/security/core/userdetails/UserCache
instanceKlass org/springframework/security/authentication/dao/AbstractUserDetailsAuthenticationProvider
instanceKlass org/springframework/security/config/annotation/SecurityConfigurerAdapter$CompositeObjectPostProcessor
instanceKlass org/springframework/security/authentication/ProviderManager
instanceKlass org/springframework/security/config/annotation/authentication/configuration/AuthenticationConfiguration$LazyPasswordEncoder
instanceKlass org/springframework/security/config/annotation/web/configuration/WebSecurityConfigurerAdapter$LazyPasswordEncoder
instanceKlass org/springframework/web/context/request/NativeWebRequest
instanceKlass org/springframework/web/accept/MappingMediaTypeFileExtensionResolver$$Lambda$768
instanceKlass org/springframework/web/accept/MappingMediaTypeFileExtensionResolver$$Lambda$767
instanceKlass org/springframework/web/accept/ContentNegotiationManagerFactoryBean$$Lambda$766
instanceKlass org/springframework/boot/autoconfigure/web/servlet/WebMvcAutoConfiguration$WebMvcAutoConfigurationAdapter$$Lambda$765
instanceKlass org/springframework/web/accept/MappingMediaTypeFileExtensionResolver
instanceKlass org/springframework/web/accept/ContentNegotiationManagerFactoryBean
instanceKlass org/springframework/boot/autoconfigure/data/web/SpringDataWebAutoConfiguration$$Lambda$764
instanceKlass org/springframework/boot/autoconfigure/data/web/SpringDataWebAutoConfiguration$$Lambda$763
instanceKlass org/springframework/boot/autoconfigure/orm/jpa/JpaBaseConfiguration$JpaWebConfiguration$1
instanceKlass org/springframework/web/context/request/async/DeferredResultProcessingInterceptor
instanceKlass org/springframework/web/servlet/config/annotation/WebMvcConfigurerComposite
instanceKlass org/springframework/boot/autoconfigure/web/ResourceProperties$Cache$Cachecontrol
instanceKlass org/springframework/boot/autoconfigure/web/ResourceProperties$Content
instanceKlass org/springframework/boot/autoconfigure/web/ResourceProperties$Fixed
instanceKlass org/springframework/boot/autoconfigure/web/ResourceProperties$Strategy
instanceKlass org/springframework/boot/autoconfigure/web/servlet/WebMvcRegistrations
instanceKlass org/springframework/boot/autoconfigure/web/servlet/WebMvcAutoConfiguration$ResourceChainCustomizerConfiguration
instanceKlass org/springframework/boot/autoconfigure/web/servlet/WebMvcAutoConfiguration$ResourceChainResourceHandlerRegistrationCustomizer
instanceKlass org/springframework/boot/autoconfigure/web/servlet/WebMvcAutoConfiguration$ResourceHandlerRegistrationCustomizer
instanceKlass org/springframework/boot/autoconfigure/web/servlet/WebMvcAutoConfiguration$OptionalPathExtensionContentNegotiationStrategy
instanceKlass org/springframework/security/config/annotation/web/configuration/WebSecurityConfigurerAdapter$1
instanceKlass org/springframework/web/accept/HeaderContentNegotiationStrategy
instanceKlass org/springframework/data/repository/core/support/RepositoryFactorySupport$ImplementationMethodExecutionInterceptor
instanceKlass org/springframework/data/repository/core/support/RepositoryFragment$ImplementedRepositoryFragment$$Lambda$762
instanceKlass org/springframework/data/repository/core/support/RepositoryFragment$ImplementedRepositoryFragment
instanceKlass org/springframework/data/jpa/repository/query/QueryParameterSetterFactory$CriteriaQueryParameterSetterFactory$$Lambda$761
instanceKlass org/springframework/data/jpa/repository/query/QueryParameterSetter$NamedOrIndexedQueryParameterSetter
instanceKlass org/springframework/data/jpa/repository/query/QueryParameterSetterFactory$CriteriaQueryParameterSetterFactory$$Lambda$760
instanceKlass org/springframework/data/jpa/repository/query/StringQuery$ParameterBinding
instanceKlass org/springframework/data/jpa/repository/query/QueryParameterSetter
instanceKlass org/springframework/data/jpa/repository/query/QueryParameterSetterFactory
instanceKlass org/springframework/data/jpa/repository/query/ParameterBinderFactory
instanceKlass org/hibernate/query/criteria/internal/expression/function/FunctionExpression
instanceKlass org/hibernate/query/criteria/internal/predicate/PredicateImplementor
instanceKlass org/hibernate/query/criteria/internal/expression/BinaryOperatorExpression
instanceKlass org/springframework/data/jpa/repository/query/QueryUtils
instanceKlass org/springframework/data/jpa/repository/query/ParameterMetadataProvider$ParameterMetadata
instanceKlass org/springframework/data/jpa/repository/query/ParameterMetadataProvider$$Lambda$759
instanceKlass org/springframework/data/jpa/repository/query/ParameterMetadataProvider$$Lambda$758
instanceKlass org/springframework/data/jpa/repository/query/JpaQueryCreator$1
instanceKlass org/springframework/data/jpa/repository/query/JpaQueryCreator$PredicateBuilder
instanceKlass org/springframework/data/repository/query/parser/AbstractQueryCreator$$Lambda$757
instanceKlass org/springframework/data/domain/Sort$Order
instanceKlass org/springframework/data/repository/query/parser/AbstractQueryCreator$$Lambda$756
instanceKlass org/hibernate/query/criteria/internal/path/AbstractFromImpl$BasicJoinScope
instanceKlass org/hibernate/query/criteria/internal/MapJoinImplementor
instanceKlass org/hibernate/query/criteria/internal/SetJoinImplementor
instanceKlass org/hibernate/query/criteria/internal/CollectionJoinImplementor
instanceKlass org/hibernate/query/criteria/internal/ListJoinImplementor
instanceKlass org/hibernate/query/criteria/internal/JoinImplementor
instanceKlass javax/persistence/criteria/Fetch
instanceKlass javax/persistence/criteria/ListJoin
instanceKlass javax/persistence/criteria/MapJoin
instanceKlass javax/persistence/criteria/CollectionJoin
instanceKlass javax/persistence/criteria/SetJoin
instanceKlass javax/persistence/criteria/PluralJoin
instanceKlass org/hibernate/query/criteria/internal/path/AbstractFromImpl$JoinScope
instanceKlass org/hibernate/query/criteria/internal/ParameterContainer
instanceKlass org/hibernate/query/criteria/internal/FromImplementor
instanceKlass org/hibernate/query/criteria/internal/PathImplementor
instanceKlass org/hibernate/query/criteria/internal/PathSource
instanceKlass org/hibernate/query/criteria/internal/ExpressionImplementor
instanceKlass org/hibernate/query/criteria/internal/Renderable
instanceKlass org/hibernate/query/criteria/internal/SelectionImplementor
instanceKlass org/hibernate/query/criteria/internal/TupleElementImplementor
instanceKlass javax/persistence/criteria/Subquery
instanceKlass org/hibernate/query/criteria/internal/ParameterRegistry
instanceKlass org/hibernate/query/criteria/internal/QueryStructure
instanceKlass org/hibernate/query/criteria/internal/compile/CriteriaInterpretation
instanceKlass org/hibernate/query/criteria/internal/AbstractNode
instanceKlass org/hibernate/query/criteria/internal/compile/CompilableCriteria
instanceKlass org/springframework/data/jpa/repository/query/ParameterMetadataProvider
instanceKlass org/springframework/data/jpa/repository/query/QueryParameterSetter$QueryMetadataCache
instanceKlass org/springframework/data/repository/query/ParametersParameterAccessor
instanceKlass org/springframework/data/jpa/repository/query/PartTreeJpaQuery$$Lambda$755
instanceKlass org/springframework/data/jpa/repository/query/PartTreeJpaQuery$$Lambda$754
instanceKlass org/springframework/data/repository/query/parser/OrderBySource
instanceKlass org/springframework/data/mapping/PropertyPath$$Lambda$753
instanceKlass org/springframework/data/mapping/PropertyPath$Key
instanceKlass java/lang/invoke/LambdaForm$MH
instanceKlass org/springframework/data/repository/query/parser/PartTree$OrPart$$Lambda$752
instanceKlass org/springframework/data/repository/query/parser/Part
instanceKlass org/springframework/data/repository/query/parser/PartTree$OrPart$$Lambda$751
instanceKlass org/springframework/data/repository/query/parser/PartTree$Predicate$$Lambda$750
instanceKlass org/springframework/data/repository/query/parser/PartTree$OrPart
instanceKlass org/springframework/data/repository/query/parser/PartTree$Predicate$$Lambda$749
instanceKlass java/lang/Character$Subset
instanceKlass org/springframework/data/repository/query/parser/PartTree$Predicate
instanceKlass org/springframework/data/repository/query/parser/PartTree$Subject$$Lambda$748
instanceKlass org/springframework/data/repository/query/parser/PartTree$Subject$$Lambda$747
instanceKlass org/springframework/data/repository/query/parser/PartTree$Subject$$Lambda$746
instanceKlass org/springframework/data/repository/query/parser/PartTree$Subject
instanceKlass java/util/regex/Pattern$CharPropertyNames$CharPropertyFactory
instanceKlass java/util/regex/Pattern$CharPropertyNames
instanceKlass org/springframework/data/repository/query/parser/PartTree
instanceKlass org/springframework/data/jpa/repository/query/AbstractJpaQuery$$Lambda$745
instanceKlass org/springframework/data/jpa/repository/query/AbstractJpaQuery$$Lambda$744
instanceKlass org/springframework/data/jpa/repository/query/ParameterBinder
instanceKlass org/springframework/data/jpa/repository/query/PartTreeJpaQuery$QueryPreparer
instanceKlass org/hibernate/resource/transaction/backend/jdbc/internal/JdbcResourceLocalTransactionCoordinatorImpl$TransactionDriverControlImpl
instanceKlass org/hibernate/engine/transaction/internal/TransactionImpl
instanceKlass org/hibernate/internal/ExceptionConverterImpl
instanceKlass org/springframework/data/repository/query/ParameterAccessor
instanceKlass org/springframework/data/jpa/repository/query/JpaQueryExecution
instanceKlass org/springframework/data/jpa/repository/query/Procedure
instanceKlass org/springframework/data/jpa/repository/query/AbstractJpaQuery
instanceKlass org/springframework/data/jpa/repository/query/EmptyDeclaredQuery
instanceKlass org/springframework/data/jpa/repository/query/DeclaredQuery
instanceKlass org/springframework/data/jpa/repository/Query
instanceKlass org/springframework/data/jpa/repository/query/JpaQueryMethod$$Lambda$743
instanceKlass org/springframework/data/jpa/repository/query/JpaQueryMethod$$Lambda$742
instanceKlass org/springframework/data/jpa/repository/query/JpaQueryMethod$$Lambda$741
instanceKlass org/springframework/data/jpa/repository/query/JpaQueryMethod$$Lambda$740
instanceKlass org/springframework/data/jpa/repository/query/JpaQueryMethod$$Lambda$739
instanceKlass org/springframework/data/jpa/repository/query/JpaEntityGraph
instanceKlass org/springframework/data/jpa/repository/query/JpaQueryMethod$$Lambda$738
instanceKlass org/springframework/data/jpa/repository/Modifying
instanceKlass org/springframework/data/jpa/repository/query/JpaQueryMethod$$Lambda$737
instanceKlass org/springframework/data/jpa/repository/QueryHints
instanceKlass org/springframework/data/jpa/repository/query/JpaQueryMethod$$Lambda$736
instanceKlass org/springframework/data/repository/query/QueryMethod$$Lambda$735
instanceKlass org/springframework/data/repository/query/ResultProcessor$ProjectingConverter
instanceKlass org/springframework/data/repository/query/ReturnedType$$Lambda$734
instanceKlass org/springframework/data/repository/query/ReturnedType$CacheKey
instanceKlass org/springframework/data/repository/query/ReturnedType
instanceKlass org/springframework/data/geo/GeoResults
instanceKlass org/springframework/data/repository/query/ResultProcessor
instanceKlass org/springframework/data/repository/query/QueryMethod$$Lambda$733
instanceKlass org/springframework/data/repository/query/QueryMethod$$Lambda$732
instanceKlass org/springframework/data/repository/query/Parameters$$Lambda$731
instanceKlass org/springframework/data/repository/query/Parameters$$Lambda$730
instanceKlass org/springframework/data/jpa/repository/Temporal
instanceKlass org/springframework/data/repository/query/Parameter$$Lambda$729
instanceKlass org/springframework/data/repository/query/Parameter$$Lambda$728
instanceKlass org/springframework/data/repository/query/Parameter
instanceKlass org/springframework/data/repository/util/QueryExecutionConverters$$Lambda$727
instanceKlass org/springframework/data/repository/query/QueryMethod$$Lambda$726
instanceKlass org/springframework/data/repository/query/QueryMethod$$Lambda$725
instanceKlass org/springframework/data/repository/query/Parameters
instanceKlass java/util/stream/Collectors$$Lambda$724
instanceKlass java/util/stream/Collectors$$Lambda$723
instanceKlass java/util/stream/Collectors$$Lambda$722
instanceKlass org/springframework/data/util/Pair$$Lambda$721
instanceKlass org/springframework/data/util/Pair$$Lambda$720
instanceKlass org/springframework/data/repository/core/support/QueryExecutorMethodInterceptor$$Lambda$719
instanceKlass org/springframework/data/repository/core/support/QueryExecutorMethodInterceptor$$Lambda$718
instanceKlass org/springframework/data/repository/core/support/QueryExecutorMethodInterceptor$$Lambda$717
instanceKlass org/springframework/data/repository/core/support/QueryExecutionResultHandler
instanceKlass org/springframework/data/repository/core/support/QueryExecutorMethodInterceptor
instanceKlass org/springframework/data/jpa/repository/query/JpaQueryLookupStrategy$AbstractQueryLookupStrategy
instanceKlass org/springframework/data/jpa/repository/query/JpaQueryLookupStrategy$1
instanceKlass org/springframework/data/repository/query/QueryLookupStrategy
instanceKlass org/springframework/data/jpa/repository/query/JpaQueryLookupStrategy
instanceKlass org/springframework/data/projection/DefaultMethodInvokingMethodInterceptor$MethodHandleLookup$2$$Lambda$716
instanceKlass org/springframework/data/projection/DefaultMethodInvokingMethodInterceptor
instanceKlass org/springframework/data/repository/core/support/EventPublishingRepositoryProxyPostProcessor$EventPublishingMethod$$Lambda$715
instanceKlass org/springframework/data/util/AnnotationDetectionMethodCallback
instanceKlass org/springframework/data/domain/DomainEvents
instanceKlass org/springframework/data/repository/core/support/EventPublishingRepositoryProxyPostProcessor$EventPublishingMethod
instanceKlass org/springframework/aop/DynamicIntroductionAdvice
instanceKlass org/springframework/data/repository/core/support/DefaultRepositoryInformation$$Lambda$714
instanceKlass org/springframework/data/repository/core/support/MethodLookups$RepositoryAwareMethodLookup$$Lambda$713
instanceKlass org/springframework/data/repository/core/support/MethodLookups$RepositoryAwareMethodLookup$$Lambda$712
instanceKlass org/springframework/data/repository/core/support/MethodLookups$RepositoryAwareMethodLookup$$Lambda$711
instanceKlass org/springframework/data/annotation/QueryAnnotation
instanceKlass org/springframework/data/jpa/repository/support/CrudMethodMetadataPostProcessor$CrudMethodMetadataPopulatingMethodInterceptor$$Lambda$710
instanceKlass org/springframework/data/jpa/repository/support/CrudMethodMetadataPostProcessor$CrudMethodMetadataPopulatingMethodInterceptor$$Lambda$709
instanceKlass org/springframework/data/jpa/repository/support/CrudMethodMetadataPostProcessor$CrudMethodMetadataPopulatingMethodInterceptor
instanceKlass org/springframework/data/repository/core/support/RepositoryFactorySupport$$Lambda$708
instanceKlass org/springframework/aop/interceptor/ExposeInvocationInterceptor
instanceKlass java/lang/Package$1PackageInfoProxy
instanceKlass org/springframework/lang/NonNullApi
instanceKlass org/springframework/data/util/NullableUtils$$Lambda$707
instanceKlass org/springframework/data/util/NullableUtils$$Lambda$706
instanceKlass org/springframework/data/util/NullableUtils$$Lambda$705
instanceKlass org/springframework/data/util/NullableUtils
instanceKlass org/springframework/data/repository/core/support/MethodInvocationValidator
instanceKlass org/springframework/aop/target/SingletonTargetSource
instanceKlass org/springframework/data/jpa/repository/support/CrudMethodMetadataPostProcessor$ThreadBoundTargetSource
instanceKlass org/springframework/data/jpa/repository/support/CrudMethodMetadata
instanceKlass org/springframework/data/repository/core/support/RepositoryFactorySupport$$Lambda$704
instanceKlass org/springframework/data/repository/core/support/RepositoryFactorySupport$$Lambda$703
instanceKlass org/springframework/data/util/ReflectionUtils$$Lambda$702
instanceKlass org/springframework/data/jpa/repository/support/QueryHints
instanceKlass org/springframework/data/jpa/domain/Specification
instanceKlass org/springframework/data/jpa/repository/support/JpaMetamodelEntityInformation$IdMetadata
instanceKlass org/springframework/data/jpa/repository/query/DefaultJpaEntityMetadata
instanceKlass org/springframework/data/domain/Persistable
instanceKlass org/springframework/data/repository/core/support/AbstractEntityInformation
instanceKlass org/springframework/data/jpa/repository/support/JpaEntityInformation
instanceKlass org/springframework/data/jpa/repository/query/JpaEntityMetadata
instanceKlass org/springframework/data/repository/core/support/RepositoryComposition$RepositoryFragments$$Lambda$701
instanceKlass org/springframework/data/repository/core/support/RepositoryComposition$RepositoryFragments$$Lambda$700
instanceKlass org/springframework/data/repository/core/support/MethodLookups$RepositoryAwareMethodLookup$$Lambda$699
instanceKlass org/springframework/data/repository/core/support/RepositoryComposition$$Lambda$698
instanceKlass org/springframework/data/repository/core/support/RepositoryComposition$$Lambda$697
instanceKlass org/springframework/data/repository/core/support/RepositoryFragment$StructuralRepositoryFragment
instanceKlass org/springframework/data/repository/core/support/DefaultRepositoryInformation
instanceKlass org/springframework/data/jpa/repository/support/SimpleJpaRepository
instanceKlass org/springframework/data/jpa/repository/support/JpaRepositoryImplementation
instanceKlass org/springframework/data/jpa/repository/JpaSpecificationExecutor
instanceKlass org/springframework/data/repository/core/support/RepositoryFactorySupport$$Lambda$696
instanceKlass org/springframework/data/repository/core/support/RepositoryFactorySupport$RepositoryInformationCacheKey
instanceKlass org/springframework/data/repository/core/support/MethodLookup$$Lambda$695
instanceKlass org/springframework/data/repository/core/support/MethodLookups$RepositoryAwareMethodLookup
instanceKlass org/springframework/data/repository/core/support/MethodLookups$$Lambda$694
instanceKlass org/springframework/data/repository/core/support/MethodLookups$$Lambda$693
instanceKlass org/springframework/data/repository/core/support/MethodLookups
instanceKlass org/springframework/data/repository/core/support/RepositoryComposition$$Lambda$692
instanceKlass org/springframework/data/repository/core/support/RepositoryComposition
instanceKlass org/springframework/data/mapping/model/ClassGeneratingPropertyAccessorFactory$$Lambda$691
instanceKlass org/springframework/data/mapping/SimpleAssociationHandler
instanceKlass org/springframework/data/mapping/model/ClassGeneratingPropertyAccessorFactory$$Lambda$690
instanceKlass org/springframework/data/mapping/SimplePropertyHandler
instanceKlass org/springframework/data/mapping/context/AbstractMappingContext$PersistentPropertyFilter$$Lambda$689
instanceKlass org/springframework/data/util/TypeDiscoverer$$Lambda$688
instanceKlass org/springframework/data/mapping/context/AbstractMappingContext$PersistentPropertyCreator$$Lambda$687
instanceKlass org/springframework/data/mapping/context/AbstractMappingContext$PersistentPropertyCreator$$Lambda$686
instanceKlass org/springframework/data/mapping/context/AbstractMappingContext$PersistentPropertyCreator$$Lambda$685
instanceKlass org/springframework/data/mapping/context/AbstractMappingContext$PersistentPropertyCreator$$Lambda$684
instanceKlass org/springframework/data/jpa/util/JpaMetamodel$$Lambda$683
instanceKlass org/springframework/data/jpa/util/JpaMetamodel$$Lambda$682
instanceKlass org/springframework/data/jpa/util/JpaMetamodel$$Lambda$681
instanceKlass org/springframework/data/jpa/util/JpaMetamodel$$Lambda$680
instanceKlass org/springframework/data/jpa/util/JpaMetamodel$$Lambda$679
instanceKlass org/springframework/data/mapping/context/AbstractMappingContext$PersistentPropertyCreator$$Lambda$678
instanceKlass org/springframework/data/jpa/util/JpaMetamodel$$Lambda$677
instanceKlass org/springframework/data/jpa/util/JpaMetamodel$$Lambda$676
instanceKlass org/springframework/data/jpa/mapping/JpaPersistentPropertyImpl$$Lambda$675
instanceKlass org/springframework/data/mapping/model/BasicPersistentEntity$$Lambda$674
instanceKlass org/springframework/data/annotation/Transient
instanceKlass org/springframework/data/jpa/mapping/JpaPersistentPropertyImpl$$Lambda$673
instanceKlass org/springframework/data/jpa/mapping/JpaPersistentPropertyImpl$$Lambda$672
instanceKlass org/springframework/data/jpa/mapping/JpaPersistentPropertyImpl$$Lambda$671
instanceKlass java/lang/invoke/LambdaForm$DMH
instanceKlass org/springframework/data/mapping/model/BasicPersistentEntity$$Lambda$670
instanceKlass org/springframework/data/annotation/AccessType
instanceKlass org/springframework/data/jpa/mapping/JpaPersistentPropertyImpl$$Lambda$669
instanceKlass org/springframework/data/mapping/model/AnnotationBasedPersistentProperty$$Lambda$668
instanceKlass org/springframework/data/mapping/model/AnnotationBasedPersistentProperty$$Lambda$667
instanceKlass org/springframework/data/mapping/model/AnnotationBasedPersistentProperty$$Lambda$666
instanceKlass org/springframework/data/mapping/model/AnnotationBasedPersistentProperty$$Lambda$665
instanceKlass org/springframework/data/util/Optionals$$Lambda$664
instanceKlass org/springframework/data/util/Optionals$$Lambda$663
instanceKlass org/springframework/data/mapping/model/AnnotationBasedPersistentProperty$$Lambda$662
instanceKlass org/springframework/data/util/Optionals$$Lambda$661
instanceKlass org/springframework/data/mapping/model/AnnotationBasedPersistentProperty$$Lambda$660
instanceKlass org/springframework/data/mapping/model/AnnotationBasedPersistentProperty$$Lambda$659
instanceKlass org/springframework/data/mapping/model/AnnotationBasedPersistentProperty$$Lambda$658
instanceKlass org/springframework/data/mapping/model/AnnotationBasedPersistentProperty$$Lambda$657
instanceKlass org/springframework/data/mapping/model/AnnotationBasedPersistentProperty$$Lambda$656
instanceKlass org/springframework/data/mapping/model/AnnotationBasedPersistentProperty$$Lambda$655
instanceKlass org/springframework/data/mapping/model/Property$$Lambda$654
instanceKlass org/springframework/data/mapping/model/Property$$Lambda$653
instanceKlass org/springframework/data/mapping/model/AbstractPersistentProperty$$Lambda$652
instanceKlass org/springframework/data/mapping/model/AbstractPersistentProperty$$Lambda$651
instanceKlass org/springframework/data/mapping/model/AbstractPersistentProperty$$Lambda$650
instanceKlass org/springframework/data/mapping/model/AbstractPersistentProperty$$Lambda$649
instanceKlass org/springframework/data/mapping/model/Property$$Lambda$648
instanceKlass org/springframework/data/mapping/model/Property$$Lambda$647
instanceKlass javax/persistence/OrderColumn
instanceKlass org/springframework/data/mapping/context/AbstractMappingContext$PersistentPropertyCreator$$Lambda$646
instanceKlass org/springframework/data/mapping/model/Property$$Lambda$645
instanceKlass org/springframework/data/util/TypeDiscoverer$$Lambda$644
instanceKlass org/springframework/data/mapping/model/Property$$Lambda$643
instanceKlass org/springframework/data/mapping/model/Property$$Lambda$642
instanceKlass org/springframework/data/mapping/model/Property$$Lambda$641
instanceKlass org/springframework/data/mapping/model/Property$$Lambda$640
instanceKlass org/springframework/data/mapping/model/Property$$Lambda$639
instanceKlass org/springframework/data/mapping/model/Property$$Lambda$638
instanceKlass org/springframework/data/mapping/model/Property$$Lambda$637
instanceKlass org/springframework/data/mapping/model/Property$$Lambda$636
instanceKlass org/springframework/data/mapping/model/Property$$Lambda$635
instanceKlass org/springframework/data/mapping/model/Property$$Lambda$634
instanceKlass org/springframework/data/util/TypeDiscoverer$$Lambda$633
instanceKlass org/springframework/data/util/Optionals$$Lambda$632
instanceKlass org/springframework/data/util/Optionals$$Lambda$631
instanceKlass org/springframework/data/util/Streamable$$Lambda$630
instanceKlass org/springframework/data/mapping/model/Property$$Lambda$629
instanceKlass org/springframework/data/mapping/model/Property$$Lambda$628
instanceKlass org/springframework/data/mapping/model/Property$$Lambda$627
instanceKlass org/springframework/data/mapping/model/Property$$Lambda$626
instanceKlass org/springframework/data/util/Optionals$$Lambda$625
instanceKlass org/springframework/data/util/Optionals
instanceKlass org/springframework/data/mapping/context/AbstractMappingContext$PersistentPropertyCreator$$Lambda$624
instanceKlass org/springframework/data/mapping/context/AbstractMappingContext$PersistentPropertyFilter$$Lambda$623
instanceKlass org/springframework/data/mapping/context/AbstractMappingContext$PersistentPropertyFilter$PropertyMatch
instanceKlass org/springframework/data/mapping/context/AbstractMappingContext$PersistentPropertyCreator
instanceKlass org/springframework/data/mapping/model/BasicPersistentEntity$$Lambda$622
instanceKlass org/springframework/data/mapping/model/BasicPersistentEntity$$Lambda$621
instanceKlass org/springframework/data/mapping/model/BasicPersistentEntity$$Lambda$620
instanceKlass org/springframework/data/mapping/model/BasicPersistentEntity$$Lambda$619
instanceKlass org/springframework/data/mapping/Alias
instanceKlass org/springframework/util/MultiValueMapAdapter
instanceKlass org/springframework/data/mapping/PreferredConstructor$Parameter
instanceKlass org/springframework/data/mapping/PreferredConstructor
instanceKlass org/springframework/data/annotation/PersistenceConstructor
instanceKlass org/springframework/data/util/KotlinReflectionUtils
instanceKlass org/springframework/data/mapping/model/PreferredConstructorDiscoverer
instanceKlass org/springframework/data/jpa/util/JpaMetamodel$$Lambda$618
instanceKlass org/springframework/data/jpa/util/JpaMetamodel$$Lambda$617
instanceKlass org/springframework/data/jpa/util/JpaMetamodel
instanceKlass org/springframework/data/annotation/Version
instanceKlass org/springframework/data/mapping/IdentifierAccessor
instanceKlass org/springframework/data/mapping/PersistentPropertyPathAccessor
instanceKlass org/springframework/data/support/IsNewStrategy
instanceKlass org/springframework/data/repository/core/support/RepositoryFactoryBeanSupport$$Lambda$616
instanceKlass org/springframework/data/repository/core/support/RepositoryFactoryBeanSupport$$Lambda$615
instanceKlass org/springframework/data/repository/core/support/RepositoryFactoryBeanSupport$$Lambda$614
instanceKlass org/springframework/data/repository/core/support/RepositoryFactoryBeanSupport$$Lambda$613
instanceKlass org/springframework/data/repository/core/support/RepositoryFactoryBeanSupport$$Lambda$612
instanceKlass org/springframework/data/repository/core/support/RepositoryFactoryBeanSupport$$Lambda$611
instanceKlass org/springframework/data/repository/core/support/EventPublishingRepositoryProxyPostProcessor
instanceKlass org/springframework/data/repository/core/support/RepositoryFactoryBeanSupport$$Lambda$610
instanceKlass org/springframework/data/jpa/repository/support/JpaRepositoryFactory$$Lambda$609
instanceKlass org/springframework/data/jpa/repository/query/DefaultJpaQueryMethodFactory
instanceKlass org/springframework/data/jpa/repository/support/CrudMethodMetadataPostProcessor
instanceKlass org/hibernate/resource/jdbc/internal/ResourceRegistryStandardImpl$$Lambda$608
instanceKlass org/hibernate/resource/jdbc/internal/ResourceRegistryStandardImpl$$Lambda$607
instanceKlass org/hibernate/resource/transaction/backend/jta/internal/JtaTransactionCoordinatorImpl
instanceKlass org/hibernate/resource/transaction/backend/jta/internal/synchronization/SynchronizationCallbackTarget
instanceKlass org/springframework/orm/jpa/ExtendedEntityManagerCreator$ExtendedEntityManagerInvocationHandler
instanceKlass org/springframework/orm/jpa/ExtendedEntityManagerCreator$$Lambda$606
instanceKlass org/springframework/orm/jpa/ExtendedEntityManagerCreator
instanceKlass org/hibernate/jmx/internal/DisabledJmxServiceImpl
instanceKlass org/hibernate/stat/internal/QueryStatisticsImpl
instanceKlass org/hibernate/stat/internal/AbstractCacheableDataStatistics
instanceKlass org/hibernate/stat/internal/DeprecatedNaturalIdCacheStatisticsImpl
instanceKlass org/hibernate/stat/internal/CacheRegionStatisticsImpl
instanceKlass org/hibernate/stat/internal/StatsNamedContainer
instanceKlass java/util/concurrent/atomic/Striped64$Cell
instanceKlass org/hibernate/stat/QueryStatistics
instanceKlass org/hibernate/stat/CollectionStatistics
instanceKlass org/hibernate/stat/NaturalIdStatistics
instanceKlass org/hibernate/stat/EntityStatistics
instanceKlass org/hibernate/stat/CacheableDataStatistics
instanceKlass org/hibernate/stat/NaturalIdCacheStatistics
instanceKlass org/hibernate/stat/SecondLevelCacheStatistics
instanceKlass org/hibernate/stat/CacheRegionStatistics
instanceKlass org/hibernate/stat/internal/StatisticsImpl
instanceKlass org/hibernate/action/internal/CollectionAction
instanceKlass org/hibernate/engine/spi/ExecutableList$Sorter
instanceKlass org/hibernate/engine/spi/ActionQueue$ListProvider
instanceKlass org/hibernate/engine/spi/ActionQueue
instanceKlass org/hibernate/engine/spi/ManagedEntity
instanceKlass org/hibernate/engine/internal/EntityEntryContext
instanceKlass org/hibernate/engine/internal/StatefulPersistenceContext$1
instanceKlass org/hibernate/engine/spi/PersistenceContext$NaturalIdHelper
instanceKlass org/hibernate/engine/internal/StatefulPersistenceContext
instanceKlass org/hibernate/resource/transaction/internal/SynchronizationRegistryStandardImpl
instanceKlass org/hibernate/resource/transaction/spi/SynchronizationRegistryImplementor
instanceKlass org/hibernate/resource/transaction/spi/SynchronizationRegistry
instanceKlass org/hibernate/engine/transaction/spi/IsolationDelegate
instanceKlass org/hibernate/resource/transaction/spi/TransactionCoordinator$TransactionDriver
instanceKlass org/hibernate/resource/transaction/backend/jdbc/internal/JdbcResourceLocalTransactionCoordinatorImpl
instanceKlass org/hibernate/internal/NonContextualJdbcConnectionAccess
instanceKlass org/hibernate/resource/jdbc/internal/AbstractLogicalConnectionImplementor
instanceKlass org/hibernate/resource/jdbc/spi/PhysicalJdbcTransaction
instanceKlass org/hibernate/resource/jdbc/internal/ResourceRegistryStandardImpl
instanceKlass org/hibernate/engine/jdbc/spi/ResultSetReturn
instanceKlass org/hibernate/engine/jdbc/spi/StatementPreparer
instanceKlass org/hibernate/resource/transaction/backend/jdbc/spi/JdbcResourceTransaction
instanceKlass org/hibernate/resource/jdbc/spi/LogicalConnectionImplementor
instanceKlass org/hibernate/resource/jdbc/LogicalConnection
instanceKlass org/hibernate/resource/jdbc/ResourceRegistry
instanceKlass org/hibernate/engine/jdbc/internal/JdbcCoordinatorImpl
instanceKlass org/hibernate/internal/JdbcObserverImpl
instanceKlass org/hibernate/resource/jdbc/spi/JdbcObserver
instanceKlass org/hibernate/internal/JdbcSessionContextImpl
instanceKlass org/hibernate/internal/SharedSessionCreationOptions
instanceKlass org/hibernate/internal/AbstractSharedSessionContract$$Lambda$605
instanceKlass java/lang/invoke/LambdaForm$DMH
instanceKlass org/hibernate/internal/CoordinatingEntityNameResolver
instanceKlass org/hibernate/engine/internal/SessionEventListenerManagerImpl
instanceKlass org/hibernate/EmptyInterceptor
instanceKlass org/hibernate/cache/spi/AbstractCacheTransactionSynchronization
instanceKlass org/hibernate/engine/transaction/spi/TransactionObserver
instanceKlass org/hibernate/Criteria
instanceKlass org/hibernate/criterion/CriteriaSpecification
instanceKlass org/hibernate/graph/spi/RootGraphImplementor
instanceKlass org/hibernate/engine/spi/PersistenceContext
instanceKlass org/hibernate/engine/spi/SessionEventListenerManager
instanceKlass org/hibernate/engine/transaction/spi/TransactionImplementor
instanceKlass org/hibernate/Transaction
instanceKlass org/hibernate/engine/spi/ExceptionConverter
instanceKlass org/hibernate/procedure/ProcedureCall
instanceKlass org/hibernate/engine/spi/NamedQueryDefinition
instanceKlass org/hibernate/query/spi/NativeQueryImplementor
instanceKlass org/hibernate/transform/ResultTransformer
instanceKlass org/hibernate/query/spi/QueryImplementor
instanceKlass org/hibernate/engine/jdbc/spi/JdbcCoordinator
instanceKlass org/hibernate/resource/transaction/backend/jdbc/spi/JdbcResourceTransactionAccess
instanceKlass org/hibernate/resource/jdbc/spi/JdbcSessionContext
instanceKlass org/hibernate/EntityNameResolver
instanceKlass org/hibernate/internal/AbstractSharedSessionContract
instanceKlass org/hibernate/event/spi/EventSource
instanceKlass org/springframework/transaction/support/TransactionSynchronizationUtils$ScopedProxyUnwrapper
instanceKlass org/springframework/core/InfrastructureProxy
instanceKlass org/springframework/transaction/support/TransactionSynchronizationUtils
instanceKlass org/springframework/transaction/support/TransactionSynchronizationManager
instanceKlass org/springframework/transaction/support/TransactionSynchronization
instanceKlass org/springframework/orm/jpa/EntityManagerFactoryUtils
instanceKlass org/springframework/data/util/Lazy$$Lambda$604
instanceKlass org/springframework/data/repository/core/support/RepositoryFactorySupport$QueryCollectingQueryCreationListener
instanceKlass org/springframework/data/repository/util/QueryExecutionConverters$IterableToStreamableConverter
instanceKlass org/springframework/util/concurrent/SuccessCallback
instanceKlass org/springframework/util/concurrent/FailureCallback
instanceKlass org/springframework/scheduling/annotation/AsyncResult
instanceKlass org/springframework/data/repository/util/NullableWrapper
instanceKlass org/springframework/data/util/Streamable$$Lambda$603
instanceKlass org/springframework/data/repository/util/QueryExecutionConverters$AbstractWrapperTypeConverter$$Lambda$602
instanceKlass org/springframework/data/repository/util/QueryExecutionConverters$AbstractWrapperTypeConverter
instanceKlass org/springframework/util/concurrent/ListenableFuture
instanceKlass org/springframework/data/repository/util/QueryExecutionConverters$WrapperType
instanceKlass com/google/common/base/Optional
instanceKlass org/springframework/data/repository/util/QueryExecutionConverters
instanceKlass org/springframework/data/repository/core/support/RepositoryFactorySupport$$Lambda$601
instanceKlass org/springframework/data/repository/core/support/QueryCreationListener
instanceKlass org/springframework/data/repository/core/support/PersistenceExceptionTranslationRepositoryProxyPostProcessor
instanceKlass org/springframework/data/repository/core/support/TransactionalRepositoryProxyPostProcessor
instanceKlass org/springframework/data/spel/ExtensionAwareEvaluationContextProvider$$Lambda$600
instanceKlass org/springframework/expression/MethodResolver
instanceKlass org/springframework/data/spel/ExtensionAwareEvaluationContextProvider
instanceKlass org/springframework/data/repository/query/ExtensionAwareQueryMethodEvaluationContextProvider
instanceKlass org/springframework/data/mapping/PropertyPath
instanceKlass org/springframework/data/mapping/PersistentPropertyPaths
instanceKlass org/springframework/data/mapping/model/BasicPersistentEntity
instanceKlass org/springframework/data/jpa/mapping/JpaPersistentEntity
instanceKlass org/springframework/data/mapping/context/AbstractMappingContext$$Lambda$599
instanceKlass org/springframework/data/jpa/provider/JpaClassUtils
instanceKlass org/springframework/data/jpa/provider/QueryExtractor
instanceKlass org/springframework/data/jpa/mapping/JpaMetamodelMappingContext$Metamodels
instanceKlass org/springframework/data/mapping/model/InstantiationAwarePropertyAccessorFactory
instanceKlass org/springframework/data/mapping/model/ClassGeneratingPropertyAccessorFactory$$Lambda$598
instanceKlass org/springframework/data/mapping/model/ClassGeneratingPropertyAccessorFactory
instanceKlass org/springframework/data/mapping/model/ClassGeneratingEntityInstantiator$ObjectInstantiator
instanceKlass org/springframework/data/mapping/model/ClassGeneratingEntityInstantiator$ObjectInstantiatorClassGenerator
instanceKlass org/springframework/data/mapping/model/ClassGeneratingEntityInstantiator
instanceKlass org/springframework/data/mapping/model/EntityInstantiator
instanceKlass org/springframework/data/mapping/model/EntityInstantiators
instanceKlass org/springframework/data/mapping/context/PersistentPropertyPathFactory$$Lambda$597
instanceKlass org/springframework/data/mapping/PersistentPropertyPath
instanceKlass org/springframework/data/mapping/context/PersistentPropertyPathFactory
instanceKlass org/springframework/data/mapping/model/SimpleTypeHolder$$Lambda$596
instanceKlass org/springframework/data/spel/EvaluationContextProvider$$Lambda$595
instanceKlass org/springframework/data/jpa/repository/config/JpaMetamodelMappingContextFactoryBean$$Lambda$594
instanceKlass org/springframework/beans/factory/BeanFactoryUtils$$Lambda$593
instanceKlass org/springframework/data/jpa/provider/ProxyIdAccessor
instanceKlass org/springframework/data/jpa/mapping/JpaPersistentProperty
instanceKlass javax/persistence/StoredProcedureQuery
instanceKlass javax/persistence/EntityTransaction
instanceKlass org/springframework/orm/jpa/SharedEntityManagerCreator$SharedEntityManagerInvocationHandler
instanceKlass org/springframework/orm/jpa/EntityManagerProxy
instanceKlass java/lang/reflect/WeakCache$LookupValue
instanceKlass org/springframework/boot/autoconfigure/orm/jpa/DataSourceInitializedPublisher$$Lambda$592
instanceKlass org/springframework/orm/jpa/AbstractEntityManagerFactoryBean$ManagedEntityManagerFactoryInvocationHandler
instanceKlass org/hibernate/cfg/annotations/HCANNHelper
instanceKlass org/hibernate/internal/SessionFactoryRegistry$1
instanceKlass org/hibernate/internal/SessionFactoryRegistry
instanceKlass org/hibernate/jpa/internal/util/ConfigurationHelper
instanceKlass org/hibernate/jpa/internal/util/LockOptionsHelper
instanceKlass org/hibernate/internal/FastSessionServices$$Lambda$591
instanceKlass org/hibernate/internal/ConnectionObserverStatsBridge
instanceKlass org/hibernate/engine/jdbc/spi/ConnectionObserver
instanceKlass org/hibernate/jpa/internal/util/CacheModeHelper$1
instanceKlass org/hibernate/jpa/internal/util/CacheModeHelper
instanceKlass org/hibernate/internal/FastSessionServices
instanceKlass org/hibernate/StatelessSession
instanceKlass org/hibernate/internal/SessionFactoryImpl$StatelessSessionBuilderImpl
instanceKlass org/hibernate/resource/transaction/backend/jta/internal/synchronization/AfterCompletionAction
instanceKlass org/hibernate/resource/transaction/backend/jta/internal/synchronization/ManagedFlushChecker
instanceKlass org/hibernate/resource/transaction/backend/jta/internal/synchronization/ExceptionMapper
instanceKlass org/hibernate/internal/SessionFactoryImpl$SessionBuilderImpl
instanceKlass org/hibernate/internal/SessionCreationOptions
instanceKlass javax/transaction/UserTransaction
instanceKlass javax/transaction/Synchronization
instanceKlass org/hibernate/tool/schema/extract/internal/ColumnInformationImpl
instanceKlass org/hibernate/tool/schema/extract/internal/TableInformationImpl
instanceKlass org/hibernate/engine/jdbc/env/internal/NormalizingIdentifierHelperImpl$1
instanceKlass org/hibernate/tool/schema/extract/spi/NameSpaceTablesInformation
instanceKlass org/hibernate/engine/jdbc/internal/FormatStyle$NoFormatImpl
instanceKlass org/hibernate/engine/jdbc/internal/HighlightingFormatter
instanceKlass org/hibernate/engine/jdbc/internal/DDLFormatterImpl
instanceKlass org/hibernate/engine/jdbc/internal/BasicFormatterImpl
instanceKlass org/hibernate/engine/jdbc/internal/Formatter
instanceKlass org/hibernate/tool/schema/internal/exec/GenerationTargetToDatabase
instanceKlass org/hibernate/tool/schema/extract/internal/InformationExtractorJdbcDatabaseMetaDataImpl$ForeignKeyBuilder
instanceKlass org/hibernate/tool/schema/extract/spi/ColumnInformation
instanceKlass org/hibernate/tool/schema/extract/spi/TableInformation
instanceKlass org/hibernate/tool/schema/extract/spi/PrimaryKeyInformation
instanceKlass org/hibernate/tool/schema/extract/internal/InformationExtractorJdbcDatabaseMetaDataImpl
instanceKlass org/hibernate/tool/schema/internal/exec/ImprovedExtractionContextImpl
instanceKlass org/hibernate/tool/schema/extract/spi/InformationExtractor
instanceKlass org/hibernate/tool/schema/extract/internal/DatabaseInformationImpl
instanceKlass org/hibernate/tool/schema/extract/spi/ExtractionContext$DatabaseObjectAccess
instanceKlass org/hibernate/tool/schema/extract/spi/DatabaseInformation
instanceKlass org/hibernate/tool/schema/spi/ScriptTargetOutput
instanceKlass org/hibernate/tool/schema/spi/ScriptSourceInput
instanceKlass org/hibernate/tool/schema/internal/Helper
instanceKlass org/hibernate/resource/transaction/backend/jdbc/internal/DdlTransactionIsolatorNonJtaImpl
instanceKlass org/hibernate/resource/transaction/spi/TransactionCoordinatorOwner
instanceKlass org/hibernate/resource/transaction/spi/TransactionCoordinator
instanceKlass org/hibernate/tool/schema/internal/exec/JdbcConnectionAccessProvidedConnectionImpl
instanceKlass org/hibernate/tool/schema/internal/HibernateSchemaManagementTool$JdbcContextImpl
instanceKlass org/hibernate/tool/schema/internal/HibernateSchemaManagementTool$JdbcContextBuilder
instanceKlass org/hibernate/tool/schema/internal/DefaultSchemaFilter
instanceKlass org/hibernate/tool/schema/internal/DefaultSchemaFilterProvider
instanceKlass org/hibernate/tool/schema/spi/SchemaFilterProvider
instanceKlass org/hibernate/tool/schema/spi/SchemaFilter
instanceKlass org/hibernate/tool/schema/internal/AbstractSchemaMigrator
instanceKlass org/hibernate/tool/schema/spi/SchemaManagementToolCoordinator$2
instanceKlass org/hibernate/tool/schema/spi/SchemaManagementToolCoordinator$MigrateSettingSelector
instanceKlass org/hibernate/tool/schema/spi/SchemaManagementToolCoordinator$4
instanceKlass org/hibernate/tool/schema/spi/SchemaManagementToolCoordinator$1
instanceKlass org/hibernate/tool/schema/internal/ExceptionHandlerLoggedImpl
instanceKlass org/hibernate/tool/schema/internal/exec/JdbcContext
instanceKlass org/hibernate/resource/transaction/spi/DdlTransactionIsolator
instanceKlass org/hibernate/tool/schema/internal/exec/GenerationTarget
instanceKlass org/hibernate/tool/schema/spi/SchemaDropper
instanceKlass org/hibernate/tool/schema/spi/SchemaCreator
instanceKlass org/hibernate/tool/schema/spi/SchemaMigrator
instanceKlass org/hibernate/tool/schema/spi/SchemaValidator
instanceKlass org/hibernate/tool/schema/internal/HibernateSchemaManagementTool
instanceKlass org/hibernate/tool/schema/spi/SchemaManagementToolCoordinator$ActionGrouping
instanceKlass org/hibernate/tool/schema/spi/ExecutionOptions
instanceKlass org/hibernate/tool/schema/spi/JpaTargetAndSourceDescriptor
instanceKlass org/hibernate/tool/schema/spi/TargetDescriptor
instanceKlass org/hibernate/tool/schema/spi/SourceDescriptor
instanceKlass org/hibernate/tool/schema/spi/SchemaManagementToolCoordinator$SettingSelector
instanceKlass org/hibernate/tool/schema/spi/ExceptionHandler
instanceKlass org/hibernate/tool/schema/spi/SchemaManagementToolCoordinator
instanceKlass org/hibernate/internal/SessionFactoryImpl$$Lambda$590
instanceKlass org/hibernate/tool/schema/spi/DelayedDropAction
instanceKlass org/hibernate/hql/spi/id/IdTableHelper
instanceKlass org/hibernate/query/spi/NamedQueryRepository
instanceKlass org/hibernate/metamodel/model/domain/internal/AbstractManagedType$1
instanceKlass org/hibernate/metamodel/model/domain/internal/SingularAttributeImpl$DelayedKeyTypeAccess
instanceKlass org/hibernate/metamodel/model/domain/internal/BasicTypeImpl
instanceKlass org/hibernate/metamodel/model/domain/spi/BasicTypeDescriptor
instanceKlass org/hibernate/metamodel/model/domain/BasicDomainType
instanceKlass javax/persistence/metamodel/BasicType
instanceKlass org/hibernate/metamodel/internal/AttributeFactory$7
instanceKlass org/hibernate/metamodel/internal/AttributeFactory$SingularAttributeMetadataImpl$1
instanceKlass org/hibernate/metamodel/internal/AttributeFactory$ValueContext
instanceKlass org/hibernate/metamodel/internal/AttributeFactory$BaseAttributeMetadata
instanceKlass org/hibernate/metamodel/internal/AttributeFactory$SingularAttributeMetadata
instanceKlass org/hibernate/property/access/internal/PropertyAccessMapImpl$GetterImpl
instanceKlass org/hibernate/metamodel/internal/AttributeFactory$1
instanceKlass org/hibernate/metamodel/model/domain/internal/AbstractManagedType$InFlightAccessImpl
instanceKlass org/hibernate/metamodel/model/domain/internal/AbstractIdentifiableType$InFlightAccessImpl
instanceKlass org/hibernate/metamodel/model/domain/spi/IdentifiableTypeDescriptor$InFlightAccess
instanceKlass org/hibernate/metamodel/model/domain/spi/ManagedTypeDescriptor$InFlightAccess
instanceKlass org/hibernate/graph/spi/SubGraphImplementor
instanceKlass org/hibernate/graph/SubGraph
instanceKlass javax/persistence/Subgraph
instanceKlass javax/persistence/metamodel/CollectionAttribute
instanceKlass javax/persistence/metamodel/ListAttribute
instanceKlass javax/persistence/metamodel/SetAttribute
instanceKlass javax/persistence/metamodel/MapAttribute
instanceKlass javax/persistence/metamodel/PluralAttribute
instanceKlass org/hibernate/metamodel/model/domain/internal/AbstractType
instanceKlass org/hibernate/metamodel/internal/AttributeFactory$6
instanceKlass org/hibernate/metamodel/internal/AttributeFactory$5
instanceKlass org/hibernate/metamodel/internal/AttributeFactory$4
instanceKlass org/hibernate/metamodel/internal/AttributeFactory$3
instanceKlass org/hibernate/metamodel/internal/AttributeFactory$2
instanceKlass org/hibernate/metamodel/internal/AttributeFactory$AttributeMetadata
instanceKlass org/hibernate/metamodel/model/domain/spi/EmbeddedTypeDescriptor
instanceKlass org/hibernate/metamodel/model/domain/EmbeddedDomainType
instanceKlass org/hibernate/metamodel/model/domain/internal/AbstractAttribute
instanceKlass org/hibernate/metamodel/internal/AttributeFactory$AttributeContext
instanceKlass org/hibernate/metamodel/internal/AttributeFactory$MemberResolver
instanceKlass org/hibernate/metamodel/internal/AttributeFactory
instanceKlass org/hibernate/metamodel/model/domain/spi/SingularPersistentAttribute
instanceKlass org/hibernate/metamodel/model/domain/spi/PersistentAttributeDescriptor
instanceKlass org/hibernate/metamodel/model/domain/PersistentAttribute
instanceKlass javax/persistence/metamodel/SingularAttribute
instanceKlass javax/persistence/metamodel/Attribute
instanceKlass org/hibernate/metamodel/internal/MetadataContext
instanceKlass org/hibernate/metamodel/internal/MetamodelImpl$$Lambda$589
instanceKlass org/hibernate/loader/plan/exec/process/internal/AbstractRowReader
instanceKlass org/hibernate/loader/plan/exec/process/internal/ResultSetProcessorImpl
instanceKlass org/hibernate/loader/plan/build/spi/LoadPlanTreePrinter
instanceKlass org/hibernate/loader/plan/exec/internal/LoadQueryJoinAndFetchProcessor$FetchStatsImpl
instanceKlass org/hibernate/internal/DynamicFilterAliasGenerator
instanceKlass org/hibernate/sql/InFragment
instanceKlass org/hibernate/loader/plan/exec/query/internal/SelectStatementBuilder
instanceKlass org/hibernate/loader/plan/exec/process/spi/ResultSetProcessingContext
instanceKlass org/hibernate/loader/plan/exec/spi/LockModeResolver
instanceKlass org/hibernate/loader/plan/exec/process/internal/EntityReferenceInitializerImpl
instanceKlass org/hibernate/loader/plan/exec/process/internal/EntityReturnReader
instanceKlass org/hibernate/loader/plan/exec/process/spi/ReturnReader
instanceKlass org/hibernate/loader/plan/exec/process/spi/RowReader
instanceKlass org/hibernate/loader/plan/exec/internal/AbstractLoadQueryDetails$ReaderCollectorImpl
instanceKlass org/hibernate/loader/DefaultEntityAliases
instanceKlass org/hibernate/loader/plan/exec/internal/EntityReferenceAliasesImpl
instanceKlass org/hibernate/loader/plan/exec/internal/FetchStats
instanceKlass org/hibernate/loader/plan/exec/process/spi/CollectionReferenceInitializer
instanceKlass org/hibernate/loader/plan/exec/internal/LoadQueryJoinAndFetchProcessor
instanceKlass org/hibernate/loader/plan/exec/process/spi/EntityReferenceInitializer
instanceKlass org/hibernate/loader/plan/exec/internal/AbstractLoadQueryDetails
instanceKlass org/hibernate/loader/plan/exec/spi/CollectionReferenceAliases
instanceKlass org/hibernate/loader/CollectionAliases
instanceKlass org/hibernate/loader/plan/exec/spi/EntityReferenceAliases
instanceKlass org/hibernate/loader/EntityAliases
instanceKlass org/hibernate/loader/plan/exec/internal/AliasResolutionContextImpl
instanceKlass org/hibernate/loader/plan/exec/internal/RootHelper
instanceKlass org/hibernate/loader/plan/exec/internal/BatchingLoadQueryDetailsFactory
instanceKlass org/hibernate/loader/plan/build/internal/LoadPlanImpl
instanceKlass org/hibernate/loader/plan/build/spi/ExpandingEntityIdentifierDescription
instanceKlass org/hibernate/persister/walking/spi/AssociationKey
instanceKlass org/hibernate/loader/plan/build/internal/returns/SimpleEntityIdentifierDescriptionImpl
instanceKlass org/hibernate/loader/plan/build/internal/spaces/AbstractQuerySpace
instanceKlass org/hibernate/loader/plan/spi/EntityIdentifierDescription
instanceKlass org/hibernate/loader/plan/spi/CompositeAttributeFetch
instanceKlass org/hibernate/loader/plan/spi/CompositeFetch
instanceKlass org/hibernate/loader/plan/spi/EntityFetch
instanceKlass org/hibernate/loader/plan/spi/CollectionAttributeFetch
instanceKlass org/hibernate/loader/plan/spi/AttributeFetch
instanceKlass org/hibernate/loader/plan/spi/AnyAttributeFetch
instanceKlass org/hibernate/loader/plan/spi/Fetch
instanceKlass org/hibernate/loader/plan/spi/BidirectionalEntityReference
instanceKlass org/hibernate/loader/plan/build/internal/returns/AbstractExpandingFetchSource
instanceKlass org/hibernate/loader/plan/spi/EntityReturn
instanceKlass org/hibernate/loader/plan/spi/EntityReference
instanceKlass org/apache/logging/log4j/spi/DefaultThreadContextStack
instanceKlass org/apache/logging/log4j/spi/DefaultThreadContextMap
instanceKlass org/apache/logging/log4j/spi/GarbageFreeSortedArrayThreadContextMap
instanceKlass java/io/ObjectInputValidation
instanceKlass java/io/ObjectInputStream$GetField
instanceKlass org/apache/logging/log4j/util/SortedArrayStringMap$1
instanceKlass org/apache/logging/log4j/util/TriConsumer
instanceKlass org/apache/logging/log4j/util/SortedArrayStringMap
instanceKlass org/apache/logging/log4j/util/IndexedStringMap
instanceKlass org/apache/logging/log4j/util/IndexedReadOnlyStringMap
instanceKlass org/apache/logging/log4j/util/StringMap
instanceKlass org/apache/logging/log4j/util/ReadOnlyStringMap
instanceKlass org/apache/logging/log4j/spi/CopyOnWriteSortedArrayThreadContextMap
instanceKlass org/apache/logging/log4j/spi/CopyOnWrite
instanceKlass org/apache/logging/log4j/spi/ObjectThreadContextMap
instanceKlass org/apache/logging/log4j/spi/ReadOnlyThreadContextMap
instanceKlass org/apache/logging/log4j/spi/ThreadContextMapFactory
instanceKlass org/apache/logging/log4j/ThreadContext$EmptyIterator
instanceKlass org/apache/logging/log4j/spi/ThreadContextStack
instanceKlass org/apache/logging/log4j/ThreadContext$ContextStack
instanceKlass org/apache/logging/log4j/ThreadContext
instanceKlass org/jboss/logging/MDC
instanceKlass org/hibernate/persister/walking/spi/CompositionDefinition
instanceKlass org/hibernate/persister/walking/spi/MetamodelGraphWalker
instanceKlass org/hibernate/loader/plan/build/spi/MetamodelDrivenLoadPlanBuilder
instanceKlass org/hibernate/loader/plan/build/spi/ExpandingCollectionQuerySpace
instanceKlass org/hibernate/loader/plan/spi/CollectionQuerySpace
instanceKlass org/hibernate/loader/plan/build/spi/ExpandingCompositeQuerySpace
instanceKlass org/hibernate/loader/plan/spi/CompositeQuerySpace
instanceKlass org/hibernate/loader/plan/build/spi/ExpandingEntityQuerySpace
instanceKlass org/hibernate/loader/plan/build/spi/ExpandingQuerySpace
instanceKlass org/hibernate/loader/plan/spi/EntityQuerySpace
instanceKlass org/hibernate/loader/plan/spi/QuerySpace
instanceKlass org/hibernate/loader/plan/build/internal/spaces/QuerySpacesImpl
instanceKlass org/hibernate/loader/PropertyPath
instanceKlass org/hibernate/loader/plan/build/internal/AbstractLoadPlanBuildingAssociationVisitationStrategy$PropertyPathStack
instanceKlass org/hibernate/loader/plan/spi/Return
instanceKlass org/hibernate/loader/plan/spi/CollectionReference
instanceKlass org/hibernate/loader/plan/build/spi/ExpandingQuerySpaces
instanceKlass org/hibernate/loader/plan/spi/QuerySpaces
instanceKlass org/hibernate/loader/plan/build/spi/ExpandingFetchSource
instanceKlass org/hibernate/loader/plan/spi/FetchSource
instanceKlass org/hibernate/loader/plan/build/internal/AbstractLoadPlanBuildingAssociationVisitationStrategy
instanceKlass org/hibernate/loader/plan/build/spi/LoadPlanBuildingContext
instanceKlass org/hibernate/loader/plan/exec/process/spi/ResultSetProcessorResolver$$Lambda$588
instanceKlass java/lang/invoke/LambdaForm$DMH
instanceKlass java/lang/invoke/LambdaForm$DMH
instanceKlass org/hibernate/loader/plan/exec/process/spi/ReaderCollector
instanceKlass org/hibernate/loader/plan/exec/spi/AliasResolutionContext
instanceKlass org/hibernate/loader/plan/spi/LoadPlan
instanceKlass org/hibernate/loader/plan/exec/process/spi/ResultSetProcessor
instanceKlass org/hibernate/loader/plan/exec/process/spi/ResultSetProcessorResolver
instanceKlass org/hibernate/loader/plan/exec/query/internal/QueryBuildingParametersImpl
instanceKlass org/hibernate/loader/plan/exec/query/spi/QueryBuildingParameters
instanceKlass org/hibernate/loader/entity/plan/EntityLoader$Builder
instanceKlass org/hibernate/loader/plan/exec/spi/LoadQueryDetails
instanceKlass org/hibernate/loader/plan/build/spi/LoadPlanBuildingAssociationVisitationStrategy
instanceKlass org/hibernate/persister/walking/spi/AssociationVisitationStrategy
instanceKlass org/hibernate/loader/plan/exec/query/spi/NamedParameterContext
instanceKlass org/hibernate/loader/plan/exec/internal/AbstractLoadPlanBasedLoader
instanceKlass org/hibernate/loader/entity/BatchingEntityLoaderBuilder$1
instanceKlass org/hibernate/loader/entity/BatchingEntityLoaderBuilder
instanceKlass org/hibernate/engine/spi/EffectiveEntityGraph
instanceKlass org/hibernate/graph/spi/AppliedGraph
instanceKlass org/hibernate/engine/spi/LoadQueryInfluencers
instanceKlass org/hibernate/persister/entity/AbstractEntityPersister$3
instanceKlass org/hibernate/persister/entity/AbstractEntityPersister$$Lambda$587
instanceKlass org/hibernate/id/insert/AbstractReturningDelegate
instanceKlass org/hibernate/dialect/identity/IdentityColumnSupportImpl
instanceKlass org/hibernate/dialect/Dialect$6
instanceKlass org/hibernate/sql/ForUpdateFragment
instanceKlass org/hibernate/sql/SimpleSelect
instanceKlass org/hibernate/sql/SelectFragment
instanceKlass org/hibernate/persister/entity/AbstractEntityPersister$$Lambda$586
instanceKlass org/hibernate/persister/entity/AbstractEntityPersister$InclusionChecker
instanceKlass java/lang/invoke/LambdaForm$DMH
instanceKlass org/hibernate/sql/Select
instanceKlass org/hibernate/sql/Delete
instanceKlass org/hibernate/sql/Update
instanceKlass org/hibernate/metamodel/internal/MetamodelImpl$$Lambda$585
instanceKlass java/lang/invoke/LambdaForm$DMH
instanceKlass java/util/AbstractList$1
instanceKlass org/hibernate/persister/walking/internal/EntityIdentifierDefinitionHelper$AttributeDefinitionAdapter
instanceKlass org/hibernate/persister/walking/internal/EntityIdentifierDefinitionHelper$1
instanceKlass org/hibernate/persister/walking/spi/EncapsulatedEntityIdentifierDefinition
instanceKlass org/hibernate/persister/walking/spi/EntityIdentifierDefinition
instanceKlass org/hibernate/persister/walking/internal/EntityIdentifierDefinitionHelper
instanceKlass org/hibernate/cache/spi/entry/CacheEntryStructure
instanceKlass org/hibernate/persister/entity/AbstractEntityPersister$NoopCacheEntryHelper
instanceKlass org/hibernate/internal/FilterHelper
instanceKlass org/hibernate/loader/internal/AliasConstantsHelper
instanceKlass org/hibernate/persister/entity/AbstractPropertyMapping
instanceKlass org/hibernate/engine/spi/EntityEntry
instanceKlass org/hibernate/engine/internal/MutableEntityEntryFactory
instanceKlass org/hibernate/classic/Lifecycle
instanceKlass net/bytebuddy/dynamic/loading/ClassInjector$UsingUnsafe$Dispatcher$Enabled
instanceKlass net/bytebuddy/dynamic/loading/ClassInjector$UsingUnsafe$Dispatcher
instanceKlass net/bytebuddy/dynamic/loading/ClassInjector$UsingUnsafe$Dispatcher$Initializable
instanceKlass net/bytebuddy/dynamic/loading/ClassLoadingStrategy$ForUnsafeInjection
instanceKlass net/bytebuddy/dynamic/loading/ClassInjector$UsingLookup$Dispatcher$ForJava9CapableVm
instanceKlass net/bytebuddy/dynamic/loading/ClassInjector$UsingLookup$Dispatcher
instanceKlass net/bytebuddy/dynamic/loading/ClassInjector$AbstractBase
instanceKlass net/bytebuddy/dynamic/loading/ClassInjector
instanceKlass org/hibernate/bytecode/spi/ClassLoadingStrategyHelper
instanceKlass java/nio/file/FileStore
instanceKlass java/nio/file/attribute/FileAttributeView
instanceKlass java/nio/file/attribute/AttributeView
instanceKlass java/nio/file/FileVisitor
instanceKlass java/nio/file/attribute/UserPrincipal
instanceKlass java/io/FilenameFilter
instanceKlass net/bytebuddy/dynamic/DynamicType$Default$Dispatcher$ForJava7CapableVm
instanceKlass java/nio/file/CopyOption
instanceKlass net/bytebuddy/dynamic/DynamicType$Default$Dispatcher
instanceKlass net/bytebuddy/dynamic/loading/ClassLoadingStrategy
instanceKlass net/bytebuddy/dynamic/DynamicType$Loaded
instanceKlass net/bytebuddy/dynamic/DynamicType$Default
instanceKlass net/bytebuddy/jar/asm/Handler
instanceKlass net/bytebuddy/jar/asm/Attribute
instanceKlass net/bytebuddy/dynamic/DynamicType$Unloaded
instanceKlass net/bytebuddy/dynamic/DynamicType
instanceKlass net/bytebuddy/dynamic/scaffold/TypeWriter$Default$UnresolvedType
instanceKlass net/bytebuddy/implementation/bytecode/constant/TextConstant
instanceKlass net/bytebuddy/implementation/bytecode/constant/ClassConstant$ForReferenceType
instanceKlass net/bytebuddy/implementation/bytecode/ByteCodeAppender$Compound
instanceKlass net/bytebuddy/dynamic/scaffold/TypeInitializer$Simple
instanceKlass net/bytebuddy/implementation/bytecode/ByteCodeAppender$Simple
instanceKlass net/bytebuddy/dynamic/scaffold/TypeInitializer$Drain$Default
instanceKlass net/bytebuddy/implementation/bytecode/member/MethodVariableAccess$MethodLoading
instanceKlass net/bytebuddy/implementation/Implementation$SpecialMethodInvocation$AbstractBase
instanceKlass net/bytebuddy/description/method/MethodDescription$SignatureToken
instanceKlass net/bytebuddy/implementation/bytecode/Removal$2
instanceKlass net/bytebuddy/implementation/bytecode/ByteCodeAppender$Size
instanceKlass net/bytebuddy/implementation/Implementation$Context$Default$FieldCacheEntry
instanceKlass net/bytebuddy/implementation/bytecode/member/MethodInvocation$DynamicInvocation
instanceKlass net/bytebuddy/implementation/bytecode/member/MethodInvocation$Invocation
instanceKlass net/bytebuddy/implementation/bytecode/member/MethodInvocation$WithImplicitInvocationTargetType
instanceKlass net/bytebuddy/implementation/bind/MethodDelegationBinder$MethodBinding$Builder$Build
instanceKlass net/bytebuddy/implementation/bytecode/member/FieldAccess$AccessDispatcher$AbstractFieldInstruction
instanceKlass net/bytebuddy/implementation/bytecode/member/FieldAccess$AccessDispatcher
instanceKlass net/bytebuddy/implementation/bytecode/member/FieldAccess$Defined
instanceKlass net/bytebuddy/description/type/TypeDefinition$SuperClassIterator
instanceKlass net/bytebuddy/implementation/bytecode/assign/primitive/PrimitiveBoxingDelegate$BoxingStackManipulation
instanceKlass net/bytebuddy/implementation/bytecode/collection/ArrayFactory$ArrayStackManipulation
instanceKlass net/bytebuddy/implementation/bytecode/collection/ArrayFactory$ArrayCreator$ForReferenceType
instanceKlass net/bytebuddy/implementation/bytecode/collection/ArrayFactory$ArrayCreator
instanceKlass net/bytebuddy/implementation/bytecode/collection/ArrayFactory
instanceKlass net/bytebuddy/implementation/bytecode/collection/CollectionFactory
instanceKlass net/bytebuddy/implementation/bytecode/constant/MethodConstant$CachedMethod
instanceKlass net/bytebuddy/implementation/bytecode/constant/MethodConstant$CanCache
instanceKlass net/bytebuddy/implementation/bytecode/constant/MethodConstant
instanceKlass net/bytebuddy/implementation/bytecode/member/MethodVariableAccess$OffsetLoading
instanceKlass net/bytebuddy/implementation/bytecode/member/MethodVariableAccess$MethodLoading$TypeCastingHandler
instanceKlass net/bytebuddy/implementation/bind/MethodDelegationBinder$MethodBinding$Builder
instanceKlass net/bytebuddy/implementation/bytecode/assign/TypeCasting
instanceKlass net/bytebuddy/implementation/bytecode/assign/primitive/PrimitiveUnboxingDelegate$ImplicitlyTypedUnboxingResponsible
instanceKlass net/bytebuddy/implementation/bytecode/StackManipulation$Size
instanceKlass net/bytebuddy/implementation/bytecode/assign/primitive/PrimitiveUnboxingDelegate$UnboxingResponsible
instanceKlass net/bytebuddy/jar/asm/Frame
instanceKlass net/bytebuddy/description/modifier/Visibility$1
instanceKlass net/bytebuddy/dynamic/scaffold/TypeWriter$MethodPool$Record$AccessBridgeWrapper
instanceKlass net/bytebuddy/implementation/attribute/AnnotationAppender$Target$OnField
instanceKlass net/bytebuddy/dynamic/scaffold/TypeWriter$FieldPool$Record$ForExplicitField
instanceKlass net/bytebuddy/jar/asm/TypeReference
instanceKlass net/bytebuddy/implementation/attribute/AnnotationAppender$ForTypeAnnotations
instanceKlass net/bytebuddy/implementation/attribute/AnnotationAppender$Target$OnType
instanceKlass net/bytebuddy/implementation/attribute/AnnotationAppender$Default
instanceKlass net/bytebuddy/description/type/TypeDescription$Generic$Visitor$ForSignatureVisitor
instanceKlass net/bytebuddy/jar/asm/signature/SignatureVisitor
instanceKlass net/bytebuddy/dynamic/scaffold/TypeWriter$Default$ValidatingClassVisitor$Constraint
instanceKlass net/bytebuddy/dynamic/scaffold/TypeWriter$MethodPool$Record$ForDefinedMethod
instanceKlass net/bytebuddy/implementation/Implementation$Context$ExtractableView$AbstractBase
instanceKlass net/bytebuddy/jar/asm/ByteVector
instanceKlass net/bytebuddy/jar/asm/Symbol
instanceKlass net/bytebuddy/jar/asm/SymbolTable
instanceKlass net/bytebuddy/jar/asm/AnnotationVisitor
instanceKlass net/bytebuddy/jar/asm/FieldVisitor
instanceKlass net/bytebuddy/jar/asm/MethodVisitor
instanceKlass net/bytebuddy/jar/asm/RecordComponentVisitor
instanceKlass net/bytebuddy/jar/asm/ModuleVisitor
instanceKlass net/bytebuddy/description/type/RecordComponentDescription$InDefinedShape
instanceKlass net/bytebuddy/description/type/RecordComponentDescription
instanceKlass net/bytebuddy/dynamic/scaffold/TypeInitializer$Drain
instanceKlass net/bytebuddy/dynamic/scaffold/TypeWriter$Default$ClassDumpAction$Dispatcher$Enabled
instanceKlass net/bytebuddy/dynamic/scaffold/TypeWriter$Default$ClassDumpAction$Dispatcher
instanceKlass net/bytebuddy/dynamic/scaffold/inline/MethodRebaseResolver
instanceKlass net/bytebuddy/dynamic/scaffold/TypeWriter$Default
instanceKlass net/bytebuddy/dynamic/scaffold/TypeWriter
instanceKlass net/bytebuddy/dynamic/scaffold/TypeWriter$RecordComponentPool$Record
instanceKlass net/bytebuddy/dynamic/scaffold/RecordComponentRegistry$Default$Compiled
instanceKlass net/bytebuddy/dynamic/scaffold/FieldRegistry$Default$Compiled
instanceKlass net/bytebuddy/description/type/TypeVariableToken
instanceKlass net/bytebuddy/description/type/TypeDescription$Generic$Visitor$Reducing
instanceKlass net/bytebuddy/description/field/FieldDescription$SignatureToken
instanceKlass net/bytebuddy/matcher/LatentMatcher$ForFieldToken$ResolvedMatcher
instanceKlass net/bytebuddy/dynamic/scaffold/TypeWriter$FieldPool$Record
instanceKlass net/bytebuddy/dynamic/scaffold/FieldRegistry$Default$Compiled$Entry
instanceKlass net/bytebuddy/dynamic/scaffold/TypeWriter$MethodPool$Record$ForNonImplementedMethod
instanceKlass net/bytebuddy/dynamic/scaffold/MethodRegistry$Default$Compiled
instanceKlass net/bytebuddy/implementation/SuperMethodCall$Appender
instanceKlass net/bytebuddy/dynamic/scaffold/FieldLocator$Resolution$Simple
instanceKlass net/bytebuddy/implementation/FieldAccessor$FieldLocation$Relative$Prepared
instanceKlass net/bytebuddy/implementation/FieldAccessor$ForImplicitProperty$Appender
instanceKlass net/bytebuddy/dynamic/scaffold/MethodRegistry$Default$Compiled$Entry
instanceKlass net/bytebuddy/implementation/bind/MethodDelegationBinder$Processor
instanceKlass net/bytebuddy/implementation/MethodDelegation$Appender
instanceKlass net/bytebuddy/implementation/bind/MethodDelegationBinder$MethodInvoker
instanceKlass net/bytebuddy/implementation/MethodDelegation$ImplementationDelegate$Compiled$ForStaticCall
instanceKlass net/bytebuddy/dynamic/scaffold/TypeWriter$MethodPool$Record
instanceKlass net/bytebuddy/dynamic/scaffold/MethodRegistry$Handler$ForImplementation$Compiled
instanceKlass net/bytebuddy/implementation/Implementation$SpecialMethodInvocation
instanceKlass net/bytebuddy/implementation/Implementation$Target$AbstractBase
instanceKlass net/bytebuddy/implementation/Implementation$Target
instanceKlass net/bytebuddy/dynamic/scaffold/MethodRegistry$Compiled
instanceKlass net/bytebuddy/dynamic/scaffold/TypeWriter$MethodPool
instanceKlass net/bytebuddy/dynamic/scaffold/MethodRegistry$Default$Prepared
instanceKlass net/bytebuddy/dynamic/scaffold/MethodRegistry$Default$Prepared$Entry
instanceKlass net/bytebuddy/dynamic/scaffold/MethodGraph$Linked$Delegation
instanceKlass net/bytebuddy/dynamic/scaffold/MethodGraph$Compiler$Default$Key$Store$Graph
instanceKlass net/bytebuddy/dynamic/scaffold/MethodGraph$Compiler$Default$Key$Store$Entry$Resolved$Node
instanceKlass org/hibernate/proxy/LazyInitializer
instanceKlass net/bytebuddy/dynamic/scaffold/MethodGraph$Node
instanceKlass net/bytebuddy/dynamic/scaffold/MethodGraph$Compiler$Default$Harmonizer$ForJavaMethod$Token
instanceKlass net/bytebuddy/description/method/MethodDescription$TypeToken
instanceKlass net/bytebuddy/dynamic/scaffold/MethodGraph$Compiler$Default$Key
instanceKlass net/bytebuddy/dynamic/scaffold/MethodGraph$Compiler$Default$Key$Store$Entry$Ambiguous
instanceKlass net/bytebuddy/dynamic/scaffold/MethodGraph$Compiler$Default$Key$Store$Entry$Resolved
instanceKlass net/bytebuddy/dynamic/scaffold/MethodGraph$Compiler$Default$Key$Store$Entry$Initial
instanceKlass net/bytebuddy/dynamic/scaffold/MethodGraph$Compiler$Default$Key$Store$Entry
instanceKlass net/bytebuddy/dynamic/scaffold/MethodGraph$Compiler$Default$Key$Store
instanceKlass net/bytebuddy/description/enumeration/EnumerationDescription$AbstractBase
instanceKlass net/bytebuddy/description/annotation/AnnotationValue$Loaded
instanceKlass net/bytebuddy/description/annotation/AnnotationValue$ForConstant$PropertyDelegate
instanceKlass net/bytebuddy/description/annotation/AnnotationValue$AbstractBase
instanceKlass net/bytebuddy/dynamic/scaffold/subclass/SubclassDynamicTypeBuilder$InstrumentableMatcher
instanceKlass net/bytebuddy/description/method/ParameterDescription$Token
instanceKlass net/bytebuddy/description/method/ParameterDescription$InGenericShape
instanceKlass net/bytebuddy/description/method/MethodDescription$Token
instanceKlass net/bytebuddy/description/type/TypeDescription$Generic$AnnotationReader$Delegator
instanceKlass net/bytebuddy/description/type/TypeDescription$Generic$AnnotationReader$Dispatcher$ForJava8CapableVm
instanceKlass net/bytebuddy/description/type/TypeDescription$Generic$AnnotationReader$Dispatcher
instanceKlass net/bytebuddy/description/method/MethodDescription$InGenericShape
instanceKlass net/bytebuddy/pool/TypePool$CacheProvider$Simple
instanceKlass net/bytebuddy/jar/asm/Type
instanceKlass net/bytebuddy/pool/TypePool$CacheProvider
instanceKlass net/bytebuddy/pool/TypePool$Resolution
instanceKlass net/bytebuddy/pool/TypePool$AbstractBase
instanceKlass net/bytebuddy/pool/TypePool
instanceKlass net/bytebuddy/dynamic/TypeResolutionStrategy$Resolved
instanceKlass net/bytebuddy/dynamic/scaffold/FieldRegistry$Default$Entry
instanceKlass net/bytebuddy/matcher/LatentMatcher$ForFieldToken
instanceKlass org/hibernate/proxy/ProxyConfiguration
instanceKlass net/bytebuddy/implementation/attribute/FieldAttributeAppender
instanceKlass net/bytebuddy/description/field/FieldDescription$Token
instanceKlass net/bytebuddy/implementation/attribute/FieldAttributeAppender$Factory
instanceKlass net/bytebuddy/dynamic/scaffold/MethodRegistry$Default$Entry
instanceKlass net/bytebuddy/implementation/attribute/MethodAttributeAppender
instanceKlass net/bytebuddy/dynamic/Transformer
instanceKlass net/bytebuddy/dynamic/scaffold/MethodRegistry$Handler$Compiled
instanceKlass net/bytebuddy/dynamic/scaffold/MethodRegistry$Handler$ForImplementation
instanceKlass net/bytebuddy/dynamic/DynamicType$Builder$MethodDefinition$ImplementationDefinition$AbstractBase
instanceKlass net/bytebuddy/implementation/attribute/AnnotationAppender
instanceKlass net/bytebuddy/implementation/attribute/AnnotationAppender$Target
instanceKlass net/bytebuddy/dynamic/scaffold/RecordComponentRegistry$Compiled
instanceKlass net/bytebuddy/dynamic/scaffold/RecordComponentRegistry$Default
instanceKlass net/bytebuddy/dynamic/scaffold/MethodRegistry$Prepared
instanceKlass net/bytebuddy/dynamic/scaffold/MethodRegistry$Default
instanceKlass net/bytebuddy/dynamic/scaffold/FieldRegistry$Compiled
instanceKlass net/bytebuddy/dynamic/scaffold/FieldRegistry$Default
instanceKlass net/bytebuddy/utility/CompoundList
instanceKlass net/bytebuddy/description/type/TypeDescription$Generic$Visitor$Substitutor
instanceKlass net/bytebuddy/description/modifier/ModifierContributor$Resolver
instanceKlass net/bytebuddy/description/modifier/ModifierContributor$ForField
instanceKlass net/bytebuddy/description/modifier/ModifierContributor$ForMethod
instanceKlass net/bytebuddy/description/modifier/ModifierContributor$ForType
instanceKlass net/bytebuddy/description/modifier/ModifierContributor
instanceKlass net/bytebuddy/dynamic/scaffold/RecordComponentRegistry
instanceKlass net/bytebuddy/dynamic/scaffold/MethodRegistry
instanceKlass net/bytebuddy/dynamic/scaffold/FieldRegistry
instanceKlass net/bytebuddy/dynamic/scaffold/TypeWriter$RecordComponentPool
instanceKlass net/bytebuddy/dynamic/scaffold/TypeWriter$FieldPool
instanceKlass net/bytebuddy/implementation/Implementation$Target$Factory
instanceKlass net/bytebuddy/implementation/attribute/TypeAttributeAppender
instanceKlass net/bytebuddy/asm/AsmVisitorWrapper
instanceKlass net/bytebuddy/dynamic/DynamicType$Builder$RecordComponentDefinition$Optional
instanceKlass net/bytebuddy/dynamic/DynamicType$Builder$TypeVariableDefinition
instanceKlass net/bytebuddy/dynamic/DynamicType$Builder$FieldDefinition$Optional$Valuable
instanceKlass net/bytebuddy/dynamic/DynamicType$Builder$FieldDefinition$Valuable
instanceKlass net/bytebuddy/dynamic/DynamicType$Builder$MethodDefinition$ImplementationDefinition$Optional
instanceKlass net/bytebuddy/dynamic/DynamicType$Builder$RecordComponentDefinition
instanceKlass net/bytebuddy/dynamic/DynamicType$Builder$InnerTypeDefinition$ForType
instanceKlass net/bytebuddy/dynamic/DynamicType$Builder$InnerTypeDefinition
instanceKlass net/bytebuddy/dynamic/TypeResolutionStrategy
instanceKlass net/bytebuddy/dynamic/DynamicType$Builder$FieldDefinition$Optional
instanceKlass net/bytebuddy/dynamic/DynamicType$Builder$FieldDefinition
instanceKlass net/bytebuddy/dynamic/DynamicType$Builder$MethodDefinition$ReceiverTypeDefinition
instanceKlass net/bytebuddy/dynamic/DynamicType$Builder$MethodDefinition
instanceKlass net/bytebuddy/dynamic/DynamicType$Builder$MethodDefinition$ParameterDefinition$Initial
instanceKlass net/bytebuddy/dynamic/DynamicType$Builder$MethodDefinition$ParameterDefinition$Simple
instanceKlass net/bytebuddy/dynamic/DynamicType$Builder$MethodDefinition$ParameterDefinition
instanceKlass net/bytebuddy/dynamic/DynamicType$Builder$MethodDefinition$ExceptionDefinition
instanceKlass net/bytebuddy/dynamic/DynamicType$Builder$MethodDefinition$TypeVariableDefinition
instanceKlass net/bytebuddy/dynamic/DynamicType$Builder$MethodDefinition$ImplementationDefinition
instanceKlass net/bytebuddy/dynamic/DynamicType$Builder$AbstractBase
instanceKlass net/bytebuddy/dynamic/scaffold/MethodRegistry$Handler
instanceKlass net/bytebuddy/implementation/attribute/MethodAttributeAppender$Factory
instanceKlass net/bytebuddy/NamingStrategy$SuffixingRandom$BaseNameResolver$ForFixedValue
instanceKlass net/bytebuddy/TypeCache$LookupKey
instanceKlass org/hibernate/bytecode/internal/bytebuddy/ByteBuddyState$$Lambda$584
instanceKlass org/hibernate/proxy/pojo/bytebuddy/ByteBuddyProxyHelper$$Lambda$583
instanceKlass net/bytebuddy/TypeCache$SimpleKey
instanceKlass org/hibernate/proxy/pojo/bytebuddy/ByteBuddyProxyFactory
instanceKlass org/hibernate/bytecode/spi/BasicProxyFactory
instanceKlass org/hibernate/proxy/ProxyFactory
instanceKlass org/hibernate/bytecode/internal/bytebuddy/ProxyFactoryFactoryImpl
instanceKlass org/hibernate/proxy/pojo/ProxyFactoryHelper
instanceKlass org/hibernate/tuple/PojoInstantiator
instanceKlass org/hibernate/tuple/Instantiator
instanceKlass org/hibernate/tuple/entity/AbstractEntityTuplizer$MappedIdentifierValueMarshaller
instanceKlass org/hibernate/tuple/BaselineAttributeInformation
instanceKlass org/hibernate/engine/spi/CascadeStyles$BaseCascadeStyle
instanceKlass org/hibernate/engine/spi/CascadeStyles
instanceKlass org/hibernate/mapping/Formula
instanceKlass org/hibernate/tuple/BaselineAttributeInformation$Builder
instanceKlass org/hibernate/tuple/PropertyFactory$1
instanceKlass org/hibernate/bytecode/enhance/spi/interceptor/EnhancementHelper
instanceKlass org/hibernate/bytecode/enhance/spi/interceptor/LazyAttributesMetadata
instanceKlass org/hibernate/engine/spi/PersistentAttributeInterceptable
instanceKlass org/hibernate/engine/spi/PersistentAttributeInterceptor
instanceKlass org/hibernate/bytecode/enhance/spi/LazyPropertyInitializer$InterceptorImplementor
instanceKlass org/hibernate/tuple/entity/BytecodeEnhancementMetadataPojoImpl
instanceKlass org/hibernate/tuple/AbstractAttribute
instanceKlass org/hibernate/tuple/IdentifierAttribute
instanceKlass org/hibernate/tuple/Property
instanceKlass org/hibernate/engine/spi/IdentifierValue
instanceKlass org/hibernate/engine/spi/UnsavedValueStrategy
instanceKlass org/hibernate/engine/internal/UnsavedValueFactory
instanceKlass org/hibernate/property/access/spi/SetterFieldImpl
instanceKlass org/hibernate/property/access/spi/GetterFieldImpl
instanceKlass org/hibernate/internal/util/ReflectHelper
instanceKlass org/hibernate/property/access/spi/Setter
instanceKlass org/hibernate/property/access/spi/Getter
instanceKlass org/hibernate/property/access/internal/PropertyAccessFieldImpl
instanceKlass org/hibernate/engine/spi/Managed
instanceKlass org/hibernate/property/access/internal/PropertyAccessStrategyNoopImpl
instanceKlass org/hibernate/property/access/internal/PropertyAccessStrategyEmbeddedImpl
instanceKlass org/hibernate/property/access/internal/PropertyAccessStrategyMapImpl
instanceKlass org/hibernate/property/access/internal/PropertyAccessStrategyMixedImpl
instanceKlass org/hibernate/property/access/internal/PropertyAccessStrategyFieldImpl
instanceKlass org/hibernate/property/access/spi/PropertyAccess
instanceKlass org/hibernate/property/access/internal/PropertyAccessStrategyBasicImpl
instanceKlass org/hibernate/property/access/spi/PropertyAccessStrategy
instanceKlass org/hibernate/property/access/internal/PropertyAccessStrategyResolverStandardImpl
instanceKlass org/hibernate/tuple/NonIdentifierAttribute
instanceKlass org/hibernate/tuple/Attribute
instanceKlass org/hibernate/tuple/PropertyFactory
instanceKlass org/hibernate/tuple/entity/EntityMetamodel$NoInDatabaseValueGenerationStrategy
instanceKlass org/hibernate/tuple/entity/EntityMetamodel$NoInMemoryValueGenerationStrategy
instanceKlass org/hibernate/tuple/InDatabaseValueGenerationStrategy
instanceKlass org/hibernate/tuple/InMemoryValueGenerationStrategy
instanceKlass org/hibernate/tuple/entity/EntityMetamodel$GenerationStrategyPair
instanceKlass org/hibernate/bytecode/spi/BytecodeEnhancementMetadata
instanceKlass org/hibernate/internal/util/collections/LazyIndexedMap
instanceKlass org/hibernate/internal/util/MarkerObject
instanceKlass org/hibernate/internal/FilterAliasGenerator
instanceKlass org/hibernate/persister/walking/spi/AttributeDefinition
instanceKlass org/hibernate/sql/Insert
instanceKlass org/hibernate/loader/entity/UniqueEntityLoader
instanceKlass org/hibernate/persister/entity/AbstractEntityPersister$CacheEntryHelper
instanceKlass org/hibernate/persister/entity/DiscriminatorMetadata
instanceKlass org/hibernate/id/insert/Binder
instanceKlass org/hibernate/engine/jdbc/batch/spi/BatchKey
instanceKlass org/hibernate/engine/spi/EntityEntryFactory
instanceKlass org/hibernate/persister/entity/AbstractEntityPersister
instanceKlass org/hibernate/persister/entity/Lockable
instanceKlass org/hibernate/id/PostInsertIdentityPersister
instanceKlass org/hibernate/bytecode/enhance/spi/LazyPropertyInitializer
instanceKlass org/hibernate/persister/entity/SQLLoadable
instanceKlass org/hibernate/persister/entity/UniqueKeyLoadable
instanceKlass org/hibernate/metadata/ClassMetadata
instanceKlass org/hibernate/persister/entity/Queryable
instanceKlass org/hibernate/persister/entity/PropertyMapping
instanceKlass org/hibernate/persister/entity/OuterJoinLoadable
instanceKlass org/hibernate/persister/entity/Joinable
instanceKlass org/hibernate/persister/entity/Loadable
instanceKlass org/hibernate/persister/internal/StandardPersisterClassResolver
instanceKlass org/hibernate/persister/collection/CollectionPersister
instanceKlass org/hibernate/persister/walking/spi/CollectionDefinition
instanceKlass org/hibernate/persister/entity/EntityPersister
instanceKlass org/hibernate/persister/walking/spi/EntityDefinition
instanceKlass org/hibernate/persister/walking/spi/AttributeSource
instanceKlass org/hibernate/persister/internal/PersisterFactoryImpl
instanceKlass org/hibernate/metamodel/internal/MetamodelImpl$1
instanceKlass org/hibernate/graph/spi/GraphImplementor
instanceKlass org/hibernate/graph/spi/GraphNodeImplementor
instanceKlass org/hibernate/metamodel/model/domain/spi/EntityTypeDescriptor
instanceKlass org/hibernate/metamodel/model/domain/EntityDomainType
instanceKlass org/hibernate/metamodel/model/domain/spi/MappedSuperclassTypeDescriptor
instanceKlass org/hibernate/metamodel/model/domain/spi/IdentifiableTypeDescriptor
instanceKlass org/hibernate/metamodel/model/domain/spi/ManagedTypeDescriptor
instanceKlass org/hibernate/metamodel/model/domain/spi/SimpleTypeDescriptor
instanceKlass org/hibernate/metamodel/model/domain/spi/DomainTypeDescriptor
instanceKlass org/hibernate/metamodel/model/domain/MappedSuperclassDomainType
instanceKlass javax/persistence/metamodel/MappedSuperclassType
instanceKlass org/hibernate/metamodel/model/domain/IdentifiableDomainType
instanceKlass org/hibernate/metamodel/model/domain/ManagedDomainType
instanceKlass org/hibernate/metamodel/model/domain/SimpleDomainType
instanceKlass org/hibernate/metamodel/model/domain/DomainType
instanceKlass org/hibernate/persister/spi/PersisterCreationContext
instanceKlass javax/persistence/metamodel/EmbeddableType
instanceKlass javax/persistence/metamodel/EntityType
instanceKlass javax/persistence/metamodel/Bindable
instanceKlass javax/persistence/metamodel/IdentifiableType
instanceKlass javax/persistence/metamodel/ManagedType
instanceKlass javax/persistence/metamodel/Type
instanceKlass org/hibernate/metamodel/internal/MetamodelImpl
instanceKlass org/hibernate/internal/SessionFactoryImpl$$Lambda$582
instanceKlass org/hibernate/internal/SessionFactoryImpl$$Lambda$581
instanceKlass org/hibernate/event/service/internal/EventListenerGroupImpl$$Lambda$580
instanceKlass org/hibernate/cfg/beanvalidation/DuplicationStrategyImpl
instanceKlass org/hibernate/cfg/beanvalidation/BeanValidationEventListener
instanceKlass org/hibernate/validator/internal/metadata/aggregated/BeanMetaDataImpl$$Lambda$579
instanceKlass org/hibernate/validator/internal/metadata/core/MetaConstraint$ValueExtractionPathNode
instanceKlass org/hibernate/validator/internal/metadata/aggregated/BeanMetaDataImpl$$Lambda$578
instanceKlass org/hibernate/validator/internal/metadata/core/MetaConstraint
instanceKlass javax/validation/metadata/ElementDescriptor$ConstraintFinder
instanceKlass org/hibernate/validator/internal/metadata/descriptor/ElementDescriptorImpl
instanceKlass org/hibernate/validator/internal/util/ConcurrentReferenceHashMap$KeyReference
instanceKlass org/hibernate/validator/internal/engine/groups/GroupWithInheritance
instanceKlass org/hibernate/validator/internal/engine/groups/Sequence
instanceKlass org/hibernate/validator/internal/engine/groups/ValidationOrder$DefaultSequenceValidationOrder
instanceKlass org/hibernate/validator/internal/engine/groups/Group
instanceKlass org/hibernate/validator/internal/engine/groups/ValidationOrder$DefaultGroupValidationOrder
instanceKlass org/hibernate/validator/internal/metadata/aggregated/BeanMetaDataImpl$DefaultGroupSequenceContext
instanceKlass org/hibernate/validator/internal/metadata/aggregated/BeanMetaDataImpl
instanceKlass javax/validation/metadata/ParameterDescriptor
instanceKlass javax/validation/metadata/ReturnValueDescriptor
instanceKlass javax/validation/metadata/ContainerDescriptor
instanceKlass javax/validation/metadata/CascadableDescriptor
instanceKlass org/hibernate/validator/internal/metadata/aggregated/ValidatableParametersMetaData$$Lambda$577
instanceKlass org/hibernate/validator/internal/metadata/aggregated/ValidatableParametersMetaData
instanceKlass org/hibernate/validator/internal/metadata/aggregated/GroupConversionHelper
instanceKlass org/hibernate/validator/internal/metadata/aggregated/NonContainerCascadingMetaData
instanceKlass org/hibernate/validator/internal/metadata/aggregated/AbstractConstraintMetaData$$Lambda$576
instanceKlass org/hibernate/validator/internal/metadata/aggregated/AbstractConstraintMetaData
instanceKlass org/hibernate/validator/internal/metadata/aggregated/PropertyMetaData$Builder$$Lambda$575
instanceKlass org/hibernate/validator/internal/metadata/facets/Cascadable
instanceKlass org/hibernate/validator/internal/metadata/facets/Cascadable$Builder
instanceKlass org/hibernate/validator/internal/properties/Signature
instanceKlass org/hibernate/validator/internal/metadata/aggregated/ConstraintMetaData
instanceKlass org/hibernate/validator/internal/metadata/aggregated/BeanMetaDataBuilder$1
instanceKlass org/hibernate/validator/internal/metadata/aggregated/MetaDataBuilder
instanceKlass org/hibernate/validator/internal/metadata/aggregated/BeanMetaDataBuilder$BuilderDelegate
instanceKlass org/hibernate/validator/internal/metadata/provider/AnnotationMetaDataProvider$TypeArgumentFieldLocation
instanceKlass org/hibernate/validator/internal/metadata/provider/AnnotationMetaDataProvider$$Lambda$574
instanceKlass org/hibernate/validator/internal/metadata/core/ConstraintHelper$$Lambda$573
instanceKlass javax/validation/Constraint
instanceKlass org/hibernate/validator/internal/properties/javabean/JavaBeanField
instanceKlass org/hibernate/validator/internal/util/classhierarchy/Filters$InterfacesFilter
instanceKlass org/hibernate/validator/internal/util/classhierarchy/Filters$WeldProxyFilter
instanceKlass org/hibernate/validator/internal/util/classhierarchy/Filters
instanceKlass org/hibernate/validator/internal/util/classhierarchy/ClassHierarchyHelper
instanceKlass org/hibernate/validator/internal/util/classhierarchy/Filter
instanceKlass org/hibernate/validator/internal/metadata/aggregated/BeanMetaDataBuilder
instanceKlass org/hibernate/cfg/beanvalidation/GroupsPerOperation
instanceKlass org/hibernate/cfg/beanvalidation/TypeSafeActivator$1
instanceKlass org/hibernate/cfg/beanvalidation/BeanValidationIntegrator$1
instanceKlass org/hibernate/cfg/beanvalidation/TypeSafeActivator
instanceKlass javax/validation/ConstraintViolation
instanceKlass org/hibernate/internal/SessionFactoryImpl$1IntegratorObserver
instanceKlass org/hibernate/loader/Loader
instanceKlass org/hibernate/engine/query/spi/NativeSQLQueryPlan
instanceKlass org/hibernate/engine/query/spi/sql/NativeSQLQuerySpecification
instanceKlass org/hibernate/query/internal/ParameterMetadataImpl
instanceKlass org/hibernate/query/ParameterMetadata
instanceKlass org/hibernate/loader/custom/CustomQuery
instanceKlass org/hibernate/engine/query/internal/NativeQueryInterpreterStandardImpl
instanceKlass org/hibernate/internal/util/collections/BoundedConcurrentHashMap$HashEntry
instanceKlass org/hibernate/internal/util/collections/BoundedConcurrentHashMap$LIRS
instanceKlass org/hibernate/internal/util/collections/BoundedConcurrentHashMap$NullEvictionListener
instanceKlass org/hibernate/internal/util/collections/BoundedConcurrentHashMap$EvictionPolicy
instanceKlass org/hibernate/internal/util/collections/BoundedConcurrentHashMap$EvictionListener
instanceKlass org/hibernate/engine/query/spi/QueryPlanCache
instanceKlass org/hibernate/internal/TypeLocatorImpl
instanceKlass org/hibernate/jpa/internal/PersistenceUnitUtilImpl
instanceKlass javax/persistence/criteria/Root
instanceKlass javax/persistence/criteria/Join
instanceKlass javax/persistence/criteria/From
instanceKlass javax/persistence/criteria/FetchParent
instanceKlass javax/persistence/criteria/Path
instanceKlass javax/persistence/criteria/CriteriaBuilder$SimpleCase
instanceKlass javax/persistence/criteria/CriteriaBuilder$Case
instanceKlass javax/persistence/criteria/CriteriaBuilder$Coalesce
instanceKlass javax/persistence/criteria/Order
instanceKlass javax/persistence/criteria/ParameterExpression
instanceKlass javax/persistence/Parameter
instanceKlass javax/persistence/criteria/CriteriaBuilder$In
instanceKlass javax/persistence/criteria/CompoundSelection
instanceKlass javax/persistence/criteria/Predicate
instanceKlass javax/persistence/criteria/Expression
instanceKlass javax/persistence/criteria/Selection
instanceKlass javax/persistence/TupleElement
instanceKlass org/hibernate/query/criteria/internal/CriteriaBuilderImpl
instanceKlass org/hibernate/query/criteria/HibernateCriteriaBuilder
instanceKlass org/hibernate/cache/spi/access/CollectionDataAccess
instanceKlass org/hibernate/cache/spi/access/EntityDataAccess
instanceKlass org/hibernate/cache/spi/QueryResultsCache
instanceKlass org/hibernate/cache/spi/TimestampsCache
instanceKlass org/hibernate/cache/spi/access/NaturalIdDataAccess
instanceKlass org/hibernate/metamodel/model/domain/NavigableRole
instanceKlass org/hibernate/cache/spi/UpdateTimestampsCache
instanceKlass org/hibernate/cache/spi/QueryCache
instanceKlass org/hibernate/cache/internal/DisabledCaching
instanceKlass org/hibernate/dialect/function/SQLFunctionRegistry
instanceKlass javax/persistence/ExcludeDefaultListeners
instanceKlass javax/persistence/ExcludeSuperclassListeners
instanceKlass javax/persistence/PostLoad
instanceKlass javax/persistence/PostRemove
instanceKlass javax/persistence/PreRemove
instanceKlass javax/persistence/PostPersist
instanceKlass javax/persistence/PrePersist
instanceKlass javax/persistence/PostUpdate
instanceKlass javax/persistence/PreUpdate
instanceKlass org/hibernate/jpa/event/spi/Callback
instanceKlass org/hibernate/jpa/event/internal/CallbackBuilderLegacyImpl
instanceKlass org/hibernate/resource/beans/spi/ManagedBean
instanceKlass org/hibernate/resource/beans/spi/BeanInstanceProducer
instanceKlass org/hibernate/resource/beans/internal/ManagedBeanRegistryImpl
instanceKlass org/hibernate/resource/beans/container/spi/BeanContainer$LifecycleOptions
instanceKlass org/hibernate/event/internal/DefaultRefreshEventListener
instanceKlass org/hibernate/event/internal/PostUpdateEventListenerStandardImpl
instanceKlass org/hibernate/action/spi/BeforeTransactionCompletionProcess
instanceKlass org/hibernate/event/internal/DefaultPostLoadEventListener
instanceKlass org/hibernate/event/internal/PostInsertEventListenerStandardImpl
instanceKlass org/hibernate/event/internal/PostDeleteEventListenerStandardImpl
instanceKlass org/hibernate/event/spi/PostCommitUpdateEventListener
instanceKlass org/hibernate/event/spi/PostCommitInsertEventListener
instanceKlass org/hibernate/event/spi/PostCommitDeleteEventListener
instanceKlass org/hibernate/event/internal/DefaultPreLoadEventListener
instanceKlass org/hibernate/cache/spi/access/CachedDomainDataAccess
instanceKlass org/hibernate/event/internal/DefaultInitializeCollectionEventListener
instanceKlass org/hibernate/event/internal/DefaultLoadEventListener
instanceKlass org/hibernate/CustomEntityDirtinessStrategy$DirtyCheckContext
instanceKlass org/hibernate/event/internal/DefaultFlushEntityEventListener
instanceKlass org/hibernate/event/internal/DefaultEvictEventListener
instanceKlass org/hibernate/event/internal/DefaultDeleteEventListener
instanceKlass org/hibernate/action/internal/EntityAction
instanceKlass org/hibernate/action/spi/AfterTransactionCompletionProcess
instanceKlass org/hibernate/action/spi/Executable
instanceKlass org/hibernate/event/internal/AbstractReassociateEventListener
instanceKlass org/hibernate/jpa/event/spi/CallbackRegistryConsumer
instanceKlass org/hibernate/event/service/internal/EventListenerGroupImpl$$Lambda$572
instanceKlass java/util/concurrent/CompletableFuture$AsynchronousCompletionTask
instanceKlass java/util/concurrent/ForkJoinPool$1
instanceKlass java/util/concurrent/ForkJoinPool$DefaultForkJoinWorkerThreadFactory
instanceKlass java/util/concurrent/ForkJoinTask
instanceKlass java/util/concurrent/ForkJoinPool$WorkQueue
instanceKlass java/util/concurrent/ForkJoinPool$ForkJoinWorkerThreadFactory
instanceKlass java/util/concurrent/CompletableFuture$AltResult
instanceKlass org/hibernate/event/service/internal/EventListenerGroupImpl$1
instanceKlass org/hibernate/event/spi/AbstractEvent
instanceKlass org/hibernate/event/internal/AbstractFlushingEventListener
instanceKlass org/hibernate/event/service/spi/JpaBootstrapSensitive
instanceKlass org/hibernate/event/spi/EventType$1
instanceKlass org/hibernate/event/spi/PostCollectionUpdateEventListener
instanceKlass org/hibernate/event/spi/PostCollectionRemoveEventListener
instanceKlass org/hibernate/event/spi/PostCollectionRecreateEventListener
instanceKlass org/hibernate/event/spi/PreCollectionUpdateEventListener
instanceKlass org/hibernate/event/spi/PreCollectionRemoveEventListener
instanceKlass org/hibernate/event/spi/PreCollectionRecreateEventListener
instanceKlass org/hibernate/event/spi/PostLoadEventListener
instanceKlass org/hibernate/event/spi/PreInsertEventListener
instanceKlass org/hibernate/event/spi/PreUpdateEventListener
instanceKlass org/hibernate/event/spi/PreDeleteEventListener
instanceKlass org/hibernate/event/spi/PreLoadEventListener
instanceKlass org/hibernate/event/spi/RefreshEventListener
instanceKlass org/hibernate/event/spi/LockEventListener
instanceKlass org/hibernate/event/spi/EvictEventListener
instanceKlass org/hibernate/event/spi/ClearEventListener
instanceKlass org/hibernate/event/spi/FlushEntityEventListener
instanceKlass org/hibernate/event/spi/DirtyCheckEventListener
instanceKlass org/hibernate/event/spi/AutoFlushEventListener
instanceKlass org/hibernate/event/spi/FlushEventListener
instanceKlass org/hibernate/event/spi/ReplicateEventListener
instanceKlass org/hibernate/event/spi/DeleteEventListener
instanceKlass org/hibernate/event/spi/MergeEventListener
instanceKlass org/hibernate/event/spi/PersistEventListener
instanceKlass org/hibernate/event/spi/SaveOrUpdateEventListener
instanceKlass org/hibernate/event/spi/InitializeCollectionEventListener
instanceKlass org/hibernate/event/spi/ResolveNaturalIdEventListener
instanceKlass org/hibernate/event/spi/LoadEventListener
instanceKlass org/hibernate/event/spi/EventType
instanceKlass org/hibernate/jpa/event/internal/CallbackRegistryImpl
instanceKlass org/hibernate/jpa/event/spi/CallbackBuilder
instanceKlass org/hibernate/jpa/event/internal/CallbackRegistryImplementor
instanceKlass org/hibernate/jpa/event/internal/CallbacksFactory
instanceKlass org/hibernate/event/service/internal/EventListenerGroupImpl
instanceKlass org/hibernate/event/service/spi/EventListenerGroup
instanceKlass org/hibernate/jpa/event/spi/CallbackBuilder$CallbackRegistrar
instanceKlass org/hibernate/jpa/event/spi/CallbackRegistry
instanceKlass org/hibernate/event/service/internal/EventListenerRegistryImpl
instanceKlass org/hibernate/service/spi/SessionFactoryServiceInitiatorContext
instanceKlass org/hibernate/service/spi/SessionFactoryServiceContributor
instanceKlass org/hibernate/engine/query/spi/NativeQueryInterpreter
instanceKlass org/hibernate/engine/query/spi/NativeQueryInterpreterInitiator
instanceKlass org/hibernate/cache/spi/CacheImplementor
instanceKlass org/hibernate/engine/spi/CacheImplementor
instanceKlass org/hibernate/engine/spi/CacheInitiator
instanceKlass org/hibernate/stat/spi/StatisticsImplementor
instanceKlass org/hibernate/stat/internal/StatisticsInitiator
instanceKlass org/hibernate/event/service/spi/EventListenerRegistry
instanceKlass org/hibernate/event/service/internal/EventListenerServiceInitiator
instanceKlass org/hibernate/service/spi/SessionFactoryServiceInitiator
instanceKlass org/hibernate/service/internal/StandardSessionFactoryServiceInitiators
instanceKlass org/hibernate/service/internal/SessionFactoryServiceRegistryBuilderImpl
instanceKlass org/hibernate/service/spi/SessionFactoryServiceRegistry
instanceKlass org/hibernate/service/spi/SessionFactoryServiceRegistryBuilder
instanceKlass org/hibernate/service/internal/SessionFactoryServiceRegistryFactoryImpl
instanceKlass org/hibernate/cfg/Settings
instanceKlass org/hibernate/internal/SessionFactoryObserverChain
instanceKlass org/hibernate/boot/internal/SessionFactoryBuilderImpl$$Lambda$571
instanceKlass org/hibernate/engine/query/spi/QueryPlanCache$QueryPlanCreator
instanceKlass java/lang/invoke/LambdaForm$DMH
instanceKlass org/hibernate/engine/query/spi/HQLQueryPlan
instanceKlass org/hibernate/jpa/internal/JpaComplianceImpl
instanceKlass org/hibernate/jpa/internal/JpaComplianceImpl$JpaComplianceBuilder
instanceKlass org/hibernate/context/spi/CurrentSessionContext
instanceKlass org/hibernate/engine/spi/NamedQueryDefinitionBuilder
instanceKlass org/hibernate/StatelessSessionBuilder
instanceKlass org/hibernate/engine/spi/SessionBuilderImplementor
instanceKlass javax/persistence/criteria/CriteriaBuilder
instanceKlass org/hibernate/engine/spi/SessionFactoryImplementor$DeserializationResolver
instanceKlass javax/naming/RefAddr
instanceKlass javax/persistence/PersistenceUnitUtil
instanceKlass org/hibernate/stat/Statistics
instanceKlass org/hibernate/Cache
instanceKlass javax/persistence/Cache
instanceKlass org/hibernate/internal/SessionFactoryImpl
instanceKlass org/hibernate/bytecode/internal/SessionFactoryObserverForBytecodeEnhancer
instanceKlass org/hibernate/jpa/boot/internal/EntityManagerFactoryBuilderImpl$JpaEntityNotFoundDelegate
instanceKlass org/hibernate/jpa/boot/internal/EntityManagerFactoryBuilderImpl$ServiceRegistryCloser
instanceKlass org/hibernate/boot/spi/SessionFactoryBuilderFactory
instanceKlass org/hibernate/hql/spi/id/IdTableSupportStandardImpl
instanceKlass org/hibernate/hql/spi/id/MultiTableBulkIdStrategy$DeleteHandler
instanceKlass org/hibernate/hql/spi/id/MultiTableBulkIdStrategy$UpdateHandler
instanceKlass org/hibernate/hql/spi/id/IdTableInfo
instanceKlass org/hibernate/context/spi/CurrentTenantIdentifierResolver
instanceKlass org/hibernate/boot/internal/StandardEntityNotFoundDelegate
instanceKlass org/hibernate/boot/internal/DefaultCustomEntityDirtinessStrategy
instanceKlass org/hibernate/CustomEntityDirtinessStrategy
instanceKlass org/hibernate/cfg/BaselineSessionEventsListenerBuilder
instanceKlass org/hibernate/resource/jdbc/spi/StatementInspector
instanceKlass org/hibernate/Interceptor
instanceKlass org/hibernate/tuple/entity/AbstractEntityTuplizer
instanceKlass org/hibernate/tuple/entity/EntityTuplizer
instanceKlass org/hibernate/tuple/Tuplizer
instanceKlass org/hibernate/tuple/entity/EntityMetamodel
instanceKlass org/hibernate/tuple/entity/EntityTuplizerFactory
instanceKlass org/hibernate/boot/internal/SessionFactoryOptionsBuilder
instanceKlass org/hibernate/boot/internal/SessionFactoryBuilderImpl
instanceKlass org/hibernate/boot/spi/SessionFactoryBuilderImplementor
instanceKlass org/hibernate/boot/internal/DefaultSessionFactoryBuilderService
instanceKlass org/hibernate/boot/SessionFactoryBuilder
instanceKlass org/hibernate/boot/internal/MetadataImpl
instanceKlass org/hibernate/id/insert/InsertGeneratedIdentifierDelegate
instanceKlass org/hibernate/internal/util/collections/JoinedIterator
instanceKlass org/hibernate/internal/util/collections/SingletonIterator
instanceKlass org/hibernate/boot/spi/AdditionalJaxbMappingProducer
instanceKlass org/hibernate/mapping/Constraint
instanceKlass org/hibernate/boot/spi/MetadataContributor
instanceKlass org/hibernate/annotations/FetchProfiles
instanceKlass org/hibernate/annotations/FetchProfile
instanceKlass org/hibernate/annotations/Tables
instanceKlass org/hibernate/annotations/Table
instanceKlass org/hibernate/boot/internal/InFlightMetadataCollectorImpl$$Lambda$570
instanceKlass org/hibernate/cfg/annotations/SimpleValueBinder$1
instanceKlass org/hibernate/annotations/Index
instanceKlass org/hibernate/boot/internal/IdGeneratorInterpreterImpl$1
instanceKlass org/hibernate/cfg/AnnotationBinder$1
instanceKlass org/hibernate/annotations/OptimisticLock
instanceKlass org/hibernate/annotations/NaturalId
instanceKlass org/hibernate/annotations/AttributeAccessor
instanceKlass org/hibernate/cfg/annotations/PropertyBinder$NoValueGeneration
instanceKlass org/hibernate/annotations/ValueGenerationType
instanceKlass org/hibernate/engine/spi/CascadeStyle
instanceKlass org/hibernate/boot/internal/InFlightMetadataCollectorImpl$TableColumnNameBinding
instanceKlass org/hibernate/cfg/Ejb3Column$2
instanceKlass org/hibernate/boot/model/convert/spi/JpaAttributeConverterCreationContext
instanceKlass javax/persistence/Enumerated
instanceKlass javax/persistence/Lob
instanceKlass org/hibernate/annotations/Type
instanceKlass org/hibernate/boot/model/convert/internal/AttributeConverterManager$$Lambda$569
instanceKlass org/hibernate/boot/model/convert/spi/AutoApplicableConverterDescriptor
instanceKlass org/hibernate/cfg/annotations/SimpleValueBinder
instanceKlass javax/persistence/Basic
instanceKlass javax/persistence/Embedded
instanceKlass org/hibernate/annotations/ManyToAny
instanceKlass javax/persistence/Version
instanceKlass org/hibernate/annotations/LazyGroup
instanceKlass org/hibernate/cfg/annotations/PropertyBinder
instanceKlass org/hibernate/cfg/Ejb3Column$1
instanceKlass org/hibernate/boot/model/source/spi/AbstractAttributeKey
instanceKlass org/hibernate/annotations/ColumnTransformers
instanceKlass org/hibernate/annotations/ColumnTransformer
instanceKlass org/hibernate/annotations/ColumnDefault
instanceKlass org/hibernate/annotations/Target
instanceKlass javax/persistence/ManyToMany
instanceKlass org/hibernate/annotations/Any
instanceKlass javax/persistence/ElementCollection
instanceKlass javax/persistence/OneToMany
instanceKlass org/hibernate/annotations/Columns
instanceKlass org/hibernate/annotations/Formula
instanceKlass org/hibernate/annotations/JoinFormula
instanceKlass org/hibernate/annotations/JoinColumnsOrFormulas
instanceKlass org/hibernate/annotations/JoinColumnOrFormula
instanceKlass javax/persistence/JoinColumns
instanceKlass javax/persistence/JoinColumn
instanceKlass org/hibernate/cfg/ColumnsBuilder
instanceKlass org/hibernate/annotations/Parent
instanceKlass javax/persistence/IdClass
instanceKlass org/hibernate/cfg/InheritanceState$ElementsToProcess
instanceKlass javax/persistence/OneToOne
instanceKlass javax/persistence/ManyToOne
instanceKlass javax/persistence/MapsId
instanceKlass org/hibernate/cfg/PropertyInferredData
instanceKlass javax/persistence/Temporal
instanceKlass javax/persistence/Column
instanceKlass javax/persistence/Transient
instanceKlass org/hibernate/annotations/AccessType
instanceKlass org/hibernate/cfg/PropertyContainer
instanceKlass javax/persistence/GeneratedValue
instanceKlass javax/persistence/Id
instanceKlass javax/persistence/EmbeddedId
instanceKlass org/hibernate/annotations/common/reflection/java/generics/ApproximatingTypeEnvironment
instanceKlass org/hibernate/annotations/common/reflection/java/generics/TypeUtils
instanceKlass org/hibernate/annotations/common/reflection/ReflectionUtil
instanceKlass org/hibernate/annotations/common/reflection/XClass$1
instanceKlass javax/persistence/Access
instanceKlass org/hibernate/annotations/GenericGenerator
instanceKlass org/hibernate/annotations/OnDelete
instanceKlass javax/persistence/SecondaryTables
instanceKlass javax/persistence/SecondaryTable
instanceKlass javax/persistence/Converts
instanceKlass javax/persistence/Convert
instanceKlass javax/persistence/AssociationOverrides
instanceKlass javax/persistence/AssociationOverride
instanceKlass javax/persistence/AttributeOverrides
instanceKlass javax/persistence/AttributeOverride
instanceKlass org/hibernate/cfg/AbstractPropertyHolder
instanceKlass org/hibernate/cfg/PropertyHolder
instanceKlass org/hibernate/cfg/PropertyHolderBuilder
instanceKlass org/hibernate/boot/internal/InFlightMetadataCollectorImpl$EntityTableXrefImpl
instanceKlass org/hibernate/annotations/RowId
instanceKlass org/hibernate/cfg/annotations/EntityBinder$EntityTableNamingStrategyHelper
instanceKlass org/hibernate/annotations/Check
instanceKlass javax/persistence/NamedEntityGraphs
instanceKlass javax/persistence/NamedEntityGraph
instanceKlass org/hibernate/annotations/Tuplizer
instanceKlass org/hibernate/annotations/Tuplizers
instanceKlass org/hibernate/annotations/Subselect
instanceKlass org/hibernate/annotations/Synchronize
instanceKlass org/hibernate/annotations/Loader
instanceKlass org/hibernate/annotations/SQLDeleteAll
instanceKlass org/hibernate/annotations/SQLDelete
instanceKlass org/hibernate/annotations/SQLUpdate
instanceKlass org/hibernate/annotations/SQLInsert
instanceKlass org/hibernate/annotations/Persister
instanceKlass org/hibernate/annotations/Filter
instanceKlass org/hibernate/annotations/Filters
instanceKlass org/hibernate/annotations/NaturalIdCache
instanceKlass org/hibernate/cfg/annotations/EntityBinder$1
instanceKlass org/hibernate/cfg/annotations/EntityBinder$LocalCacheAnnotationStub
instanceKlass javax/persistence/Cacheable
instanceKlass org/hibernate/annotations/Where
instanceKlass org/hibernate/annotations/BatchSize
instanceKlass org/hibernate/annotations/Proxy
instanceKlass org/hibernate/annotations/DiscriminatorOptions
instanceKlass javax/persistence/DiscriminatorValue
instanceKlass org/hibernate/mapping/Column
instanceKlass org/hibernate/mapping/Selectable
instanceKlass org/hibernate/boot/model/naming/ImplicitBasicColumnNameSource
instanceKlass org/hibernate/annotations/DiscriminatorFormula
instanceKlass javax/persistence/DiscriminatorColumn
instanceKlass javax/persistence/PrimaryKeyJoinColumn
instanceKlass javax/persistence/PrimaryKeyJoinColumns
instanceKlass org/hibernate/boot/model/naming/ImplicitJoinTableNameSource
instanceKlass org/hibernate/boot/model/naming/ImplicitCollectionTableNameSource
instanceKlass org/hibernate/cfg/ObjectNameSource
instanceKlass org/hibernate/cfg/annotations/TableBinder
instanceKlass org/hibernate/annotations/AnyMetaDefs
instanceKlass org/hibernate/annotations/AnyMetaDef
instanceKlass org/hibernate/annotations/TypeDefs
instanceKlass org/hibernate/annotations/TypeDef
instanceKlass org/hibernate/annotations/FilterDefs
instanceKlass org/hibernate/annotations/FilterDef
instanceKlass org/hibernate/annotations/NamedNativeQueries
instanceKlass org/hibernate/annotations/NamedNativeQuery
instanceKlass org/hibernate/annotations/NamedQueries
instanceKlass org/hibernate/annotations/NamedQuery
instanceKlass javax/persistence/NamedNativeQueries
instanceKlass javax/persistence/NamedQueries
instanceKlass javax/persistence/SqlResultSetMappings
instanceKlass org/hibernate/cfg/SecondaryTableSecondPass
instanceKlass org/hibernate/cfg/CreateKeySecondPass
instanceKlass org/hibernate/cfg/CopyIdentifierComponentSecondPass
instanceKlass org/hibernate/cfg/SetSimpleValueTypeSecondPass
instanceKlass org/hibernate/cfg/PkDrivenByDefaultMapsIdSecondPass
instanceKlass org/hibernate/cfg/IdGeneratorResolverSecondPass
instanceKlass org/hibernate/engine/query/spi/sql/NativeSQLQueryReturn
instanceKlass org/hibernate/cfg/annotations/ResultsetMappingSecondPass
instanceKlass org/hibernate/cfg/QuerySecondPass
instanceKlass org/hibernate/cfg/annotations/QueryBinder
instanceKlass org/hibernate/annotations/Polymorphism
instanceKlass org/hibernate/annotations/OptimisticLocking
instanceKlass org/hibernate/annotations/SelectBeforeUpdate
instanceKlass org/hibernate/annotations/DynamicUpdate
instanceKlass org/hibernate/annotations/DynamicInsert
instanceKlass org/hibernate/cfg/BinderHelper
instanceKlass org/hibernate/cfg/annotations/EntityBinder$SecondaryTableNamingStrategyHelper
instanceKlass org/hibernate/boot/model/naming/NamingStrategyHelper
instanceKlass org/hibernate/annotations/Cache
instanceKlass org/hibernate/cfg/annotations/EntityBinder
instanceKlass org/hibernate/annotations/Entity
instanceKlass org/hibernate/sql/Alias
instanceKlass javax/persistence/Inheritance
instanceKlass org/hibernate/cfg/InheritanceState
instanceKlass org/hibernate/annotations/common/reflection/java/generics/CompoundTypeEnvironment
instanceKlass org/hibernate/annotations/common/reflection/java/generics/TypeEnvironmentFactory
instanceKlass javax/persistence/NamedStoredProcedureQueries
instanceKlass javax/persistence/NamedStoredProcedureQuery
instanceKlass javax/persistence/SqlResultSetMapping
instanceKlass javax/persistence/NamedNativeQuery
instanceKlass javax/persistence/NamedQuery
instanceKlass javax/persistence/SequenceGenerators
instanceKlass javax/persistence/TableGenerators
instanceKlass javax/persistence/TableGenerator
instanceKlass javax/persistence/SequenceGenerator
instanceKlass org/hibernate/cfg/FkSecondPass
instanceKlass org/hibernate/cfg/Ejb3Column
instanceKlass org/hibernate/boot/model/IdGeneratorStrategyInterpreter$GeneratorNameDeterminationContext
instanceKlass org/hibernate/cfg/PropertyData
instanceKlass org/hibernate/cfg/AnnotationBinder
instanceKlass javax/persistence/EntityListeners
instanceKlass org/hibernate/cfg/annotations/reflection/XMLContext$Default
instanceKlass org/hibernate/boot/model/source/internal/annotations/AnnotationMetadataSourceProcessorImpl$1
instanceKlass org/hibernate/annotations/common/reflection/java/JavaAnnotationReader
instanceKlass org/hibernate/annotations/common/reflection/Filter
instanceKlass org/hibernate/annotations/common/reflection/java/TypeEnvironmentMap$ContextScope$$Lambda$568
instanceKlass org/hibernate/annotations/common/reflection/java/TypeEnvironmentMap$$Lambda$567
instanceKlass org/hibernate/annotations/common/reflection/java/generics/TypeSwitch
instanceKlass org/hibernate/annotations/common/reflection/java/generics/IdentityTypeEnvironment
instanceKlass org/hibernate/boot/model/source/internal/annotations/AnnotationMetadataSourceProcessorImpl$AttributeConverterManager
instanceKlass org/hibernate/boot/spi/JpaOrmXmlPersistenceUnitDefaultAware$JpaOrmXmlPersistenceUnitDefaults
instanceKlass org/hibernate/cfg/annotations/reflection/AttributeConverterDefinitionCollector
instanceKlass org/hibernate/boot/model/source/internal/annotations/AnnotationMetadataSourceProcessorImpl
instanceKlass org/hibernate/boot/model/source/internal/hbm/RelationalObjectBinder
instanceKlass org/hibernate/boot/model/source/spi/CompositeIdentifierSource
instanceKlass org/hibernate/boot/model/source/spi/EmbeddableSourceContributor
instanceKlass org/hibernate/boot/model/source/spi/IdentifierSource
instanceKlass org/hibernate/tuple/ValueGeneration
instanceKlass org/hibernate/boot/model/source/spi/AnyMappingSource
instanceKlass org/hibernate/boot/model/naming/ImplicitEntityNameSource
instanceKlass org/hibernate/mapping/Property
instanceKlass org/hibernate/boot/model/source/internal/hbm/IndexedPluralAttributeSource
instanceKlass org/hibernate/boot/model/source/spi/PluralAttributeSource
instanceKlass org/hibernate/boot/model/source/spi/CascadeStyleSource
instanceKlass org/hibernate/boot/model/source/spi/FetchableAttributeSource
instanceKlass org/hibernate/mapping/Collection
instanceKlass org/hibernate/mapping/Fetchable
instanceKlass org/hibernate/boot/model/source/spi/RelationalValueSourceContainer
instanceKlass org/hibernate/boot/model/source/spi/ColumnBindingDefaults
instanceKlass org/hibernate/mapping/SimpleValue
instanceKlass org/hibernate/boot/model/source/spi/AttributeSource
instanceKlass org/hibernate/mapping/KeyValue
instanceKlass org/hibernate/mapping/TableOwner
instanceKlass org/hibernate/mapping/PersistentClass
instanceKlass org/hibernate/mapping/MetaAttributable
instanceKlass org/hibernate/mapping/Filterable
instanceKlass org/hibernate/mapping/AttributeContainer
instanceKlass org/hibernate/boot/model/source/internal/hbm/HbmLocalMetadataBuildingContext
instanceKlass org/hibernate/boot/model/source/spi/LocalMetadataBuildingContext
instanceKlass org/hibernate/boot/spi/NaturalIdUniqueKeyBinder
instanceKlass org/hibernate/boot/model/source/internal/hbm/RelationalObjectBinder$ColumnNamingDelegate
instanceKlass org/hibernate/boot/model/source/spi/HibernateTypeSource
instanceKlass org/hibernate/mapping/Value
instanceKlass org/hibernate/boot/model/source/internal/hbm/ModelBinder
instanceKlass org/hibernate/boot/jaxb/hbm/spi/TableInformationContainer
instanceKlass org/hibernate/boot/jaxb/hbm/spi/SubEntityInfo
instanceKlass org/hibernate/boot/jaxb/hbm/spi/SecondaryTableContainer
instanceKlass org/hibernate/boot/jaxb/hbm/spi/JaxbHbmToolingHintContainer
instanceKlass org/hibernate/boot/jaxb/hbm/spi/EntityInfo
instanceKlass org/hibernate/boot/jaxb/hbm/spi/ToolingHintContainer
instanceKlass org/hibernate/boot/model/source/spi/JoinedSubclassEntitySource
instanceKlass org/hibernate/boot/model/source/spi/ForeignKeyContributingSource
instanceKlass org/hibernate/boot/model/source/internal/hbm/AbstractHbmSourceNode
instanceKlass org/hibernate/boot/model/source/internal/hbm/Helper$InLineViewNameInferrer
instanceKlass org/hibernate/boot/model/source/spi/SubclassEntitySource
instanceKlass org/hibernate/boot/model/source/spi/EntitySource
instanceKlass org/hibernate/boot/model/source/spi/EntityNamingSourceContributor
instanceKlass org/hibernate/boot/model/source/spi/IdentifiableTypeSource
instanceKlass org/hibernate/boot/model/source/spi/AttributeSourceContainer
instanceKlass org/hibernate/boot/model/source/spi/ToolingHintContextContainer
instanceKlass org/hibernate/boot/model/source/internal/hbm/EntityHierarchyBuilder
instanceKlass org/hibernate/boot/model/source/internal/hbm/HbmMetadataSourceProcessorImpl
instanceKlass org/hibernate/boot/model/process/spi/MetadataBuildingProcess$1
instanceKlass org/hibernate/boot/model/naming/ObjectNameNormalizer
instanceKlass org/hibernate/boot/internal/MetadataBuildingContextRootImpl
instanceKlass org/hibernate/boot/model/TypeContributor
instanceKlass org/hibernate/type/PostgresUUIDType$PostgresUUIDSqlTypeDescriptor
instanceKlass org/hibernate/boot/model/process/spi/MetadataBuildingProcess$2
instanceKlass org/hibernate/boot/internal/InFlightMetadataCollectorImpl$$Lambda$566
instanceKlass org/hibernate/boot/model/relational/AuxiliaryDatabaseObject
instanceKlass org/hibernate/boot/model/relational/Namespace$ComparableHelper
instanceKlass org/hibernate/boot/model/relational/Namespace
instanceKlass org/hibernate/boot/model/relational/Namespace$Name
instanceKlass org/hibernate/engine/jdbc/internal/ResultSetWrapperImpl
instanceKlass org/hibernate/engine/jdbc/spi/SqlStatementLogger
instanceKlass org/hibernate/engine/jdbc/spi/ResultSetWrapper
instanceKlass org/hibernate/engine/jdbc/internal/JdbcServicesImpl
instanceKlass org/hibernate/boot/model/relational/Database
instanceKlass com/zaxxer/hikari/pool/ProxyConnection$ClosedConnection$$Lambda$565
instanceKlass java/lang/invoke/LambdaForm$DMH
instanceKlass com/zaxxer/hikari/pool/ProxyConnection$ClosedConnection
instanceKlass org/postgresql/util/DriverInfo
instanceKlass org/hibernate/engine/jdbc/LobCreator
instanceKlass org/hibernate/engine/jdbc/env/internal/LobCreatorBuilderImpl
instanceKlass org/hibernate/engine/jdbc/env/internal/QualifiedObjectNameFormatterStandardImpl$SchemaNameFormat
instanceKlass org/hibernate/engine/jdbc/env/internal/QualifiedObjectNameFormatterStandardImpl$1
instanceKlass org/hibernate/engine/jdbc/env/internal/QualifiedObjectNameFormatterStandardImpl$Format
instanceKlass org/hibernate/engine/jdbc/env/internal/QualifiedObjectNameFormatterStandardImpl
instanceKlass org/hibernate/engine/jdbc/env/internal/ExtractedDatabaseMetaDataImpl
instanceKlass org/hibernate/boot/model/naming/Identifier
instanceKlass org/hibernate/boot/model/relational/QualifiedNameParser$NameParts
instanceKlass org/hibernate/tool/schema/extract/internal/SequenceInformationImpl
instanceKlass org/hibernate/tool/schema/extract/spi/SequenceInformation
instanceKlass org/hibernate/tool/schema/extract/spi/ExtractionContext$EmptyExtractionContext
instanceKlass org/hibernate/tool/schema/extract/internal/SequenceInformationExtractorLegacyImpl
instanceKlass org/hibernate/engine/jdbc/env/internal/DefaultSchemaNameResolver$SchemaNameResolverJava17Delegate
instanceKlass java/sql/Struct
instanceKlass org/hibernate/engine/jdbc/env/internal/DefaultSchemaNameResolver
instanceKlass com/zaxxer/hikari/pool/ProxyResultSet
instanceKlass com/zaxxer/hikari/pool/ProxyStatement
instanceKlass org/postgresql/util/ByteConverter
instanceKlass org/postgresql/jdbc/PgDatabaseMetaData$1
instanceKlass org/hibernate/engine/jdbc/spi/TypeInfo
instanceKlass org/hibernate/engine/jdbc/cursor/internal/StandardRefCursorSupport
instanceKlass org/hibernate/engine/jdbc/env/internal/ExtractedDatabaseMetaDataImpl$Builder
instanceKlass org/hibernate/engine/jdbc/env/internal/NormalizingIdentifierHelperImpl
instanceKlass org/hibernate/engine/jdbc/env/spi/AnsiSqlKeywords
instanceKlass java/util/regex/Pattern$1MatcherIterator
instanceKlass org/hibernate/boot/model/source/internal/hbm/CommaSeparatedStringHelper
instanceKlass org/hibernate/internal/util/collections/ArrayHelper
instanceKlass org/hibernate/engine/jdbc/env/spi/IdentifierHelper
instanceKlass org/hibernate/engine/jdbc/env/spi/IdentifierHelperBuilder
instanceKlass org/hibernate/engine/jdbc/spi/SqlExceptionHelper$WarningHandlerLoggingSupport
instanceKlass org/hibernate/exception/internal/SQLStateConverter$1
instanceKlass org/hibernate/engine/jdbc/spi/SqlExceptionHelper$1
instanceKlass org/hibernate/engine/jdbc/spi/SqlExceptionHelper$WarningHandler
instanceKlass org/hibernate/engine/jdbc/spi/SqlExceptionHelper
instanceKlass org/hibernate/exception/spi/AbstractSQLExceptionConversionDelegate
instanceKlass org/hibernate/dialect/PostgreSQL81Dialect$4
instanceKlass org/hibernate/exception/internal/StandardSQLExceptionConverter
instanceKlass org/hibernate/exception/spi/SQLExceptionConverter
instanceKlass org/hibernate/tool/schema/extract/spi/ExtractionContext
instanceKlass org/hibernate/engine/jdbc/env/spi/LobCreatorBuilder
instanceKlass org/hibernate/engine/jdbc/env/spi/QualifiedObjectNameFormatter
instanceKlass org/hibernate/engine/jdbc/env/spi/ExtractedDatabaseMetaData
instanceKlass org/hibernate/engine/jdbc/env/internal/JdbcEnvironmentImpl
instanceKlass org/hibernate/dialect/function/PositionSubstringFunction
instanceKlass org/hibernate/dialect/function/VarArgsSQLFunction
instanceKlass org/hibernate/dialect/function/NoArgSQLFunction
instanceKlass org/hibernate/dialect/unique/DefaultUniqueDelegate
instanceKlass org/hibernate/dialect/function/CastFunction
instanceKlass org/hibernate/dialect/function/TemplateRenderer
instanceKlass org/hibernate/dialect/function/SQLFunctionTemplate
instanceKlass org/hibernate/type/StandardBasicTypes
instanceKlass org/hibernate/dialect/function/StandardSQLFunction
instanceKlass org/hibernate/dialect/function/StandardAnsiSqlAggregationFunctions
instanceKlass org/hibernate/dialect/Dialect$5
instanceKlass org/hibernate/tool/schema/internal/StandardAuxiliaryDatabaseObjectExporter
instanceKlass org/hibernate/tool/schema/internal/StandardUniqueKeyExporter
instanceKlass org/hibernate/tool/schema/internal/StandardForeignKeyExporter
instanceKlass org/hibernate/tool/schema/internal/StandardIndexExporter
instanceKlass org/hibernate/tool/schema/internal/StandardSequenceExporter
instanceKlass org/hibernate/boot/model/relational/QualifiedName
instanceKlass org/hibernate/tool/schema/internal/StandardTableExporter
instanceKlass org/hibernate/dialect/TypeNames
instanceKlass org/hibernate/exception/spi/TemplatedViolatedConstraintNameExtracter
instanceKlass org/hibernate/dialect/Dialect$4
instanceKlass org/hibernate/dialect/Dialect$3
instanceKlass org/hibernate/dialect/Dialect$2
instanceKlass org/hibernate/dialect/Dialect$1
instanceKlass org/hibernate/hql/spi/id/IdTableSupport
instanceKlass org/hibernate/exception/spi/SQLExceptionConversionDelegate
instanceKlass org/hibernate/dialect/pagination/AbstractLimitHandler
instanceKlass org/hibernate/dialect/pagination/LimitHandler
instanceKlass org/hibernate/procedure/spi/CallableStatementSupport
instanceKlass org/hibernate/dialect/lock/LockingStrategy
instanceKlass org/hibernate/tool/schema/extract/spi/SequenceInformationExtractor
instanceKlass org/hibernate/tool/schema/spi/Exporter
instanceKlass org/hibernate/sql/CaseFragment
instanceKlass org/hibernate/engine/jdbc/env/spi/SchemaNameResolver
instanceKlass org/hibernate/sql/JoinFragment
instanceKlass org/hibernate/dialect/identity/IdentityColumnSupport
instanceKlass org/hibernate/exception/spi/ViolatedConstraintNameExtracter
instanceKlass org/hibernate/dialect/LobMergeStrategy
instanceKlass org/hibernate/dialect/unique/UniqueDelegate
instanceKlass org/hibernate/dialect/function/SQLFunction
instanceKlass org/hibernate/loader/BatchLoadSizingStrategy
instanceKlass org/hibernate/engine/jdbc/env/internal/JdbcEnvironmentInitiator$1
instanceKlass com/zaxxer/hikari/pool/ProxyDatabaseMetaData
instanceKlass org/postgresql/jdbc/PgDatabaseMetaData
instanceKlass com/zaxxer/hikari/pool/ProxyConnection
instanceKlass com/zaxxer/hikari/pool/ProxyFactory
instanceKlass com/zaxxer/hikari/pool/ProxyLeakTask
instanceKlass com/zaxxer/hikari/pool/HikariPool$HouseKeeper
instanceKlass com/zaxxer/hikari/pool/ProxyLeakTaskFactory
instanceKlass java/util/concurrent/ThreadPoolExecutor$CallerRunsPolicy
instanceKlass java/util/concurrent/ThreadPoolExecutor$DiscardOldestPolicy
instanceKlass com/zaxxer/hikari/pool/PoolBase$NopMetricsTrackerDelegate
instanceKlass java/util/concurrent/Executors$RunnableAdapter
instanceKlass com/zaxxer/hikari/pool/HikariPool$$Lambda$564
instanceKlass org/postgresql/util/JdbcBlackHole
instanceKlass java/sql/ResultSetMetaData
instanceKlass org/postgresql/jdbc/PgResultSet
instanceKlass org/postgresql/PGRefCursorResultSet
instanceKlass org/postgresql/core/Tuple
instanceKlass org/postgresql/jdbc/FieldMetadata
instanceKlass org/postgresql/jdbc/ResultWrapper
instanceKlass org/postgresql/jdbc/PSQLWarningWrapper
instanceKlass java/sql/ParameterMetaData
instanceKlass java/util/TimerTask
instanceKlass java/sql/ResultSet
instanceKlass org/postgresql/jdbc/PgStatement
instanceKlass org/postgresql/core/BaseStatement
instanceKlass org/postgresql/PGStatement
instanceKlass org/postgresql/util/PGobject
instanceKlass org/postgresql/util/PGBinaryObject
instanceKlass org/postgresql/jdbc/TypeInfoCache
instanceKlass org/postgresql/jdbc/QueryExecutorTimeZoneProvider
instanceKlass org/postgresql/core/v3/ExecuteRequest
instanceKlass org/postgresql/core/v3/QueryExecutorImpl$4
instanceKlass org/postgresql/core/ResultHandlerBase
instanceKlass org/postgresql/core/SetupQueryRunner
instanceKlass org/postgresql/hostchooser/GlobalHostStatusTracker$HostSpecStatus
instanceKlass org/postgresql/hostchooser/GlobalHostStatusTracker
instanceKlass java/time/LocalDate$1
instanceKlass java/time/chrono/Era
instanceKlass java/time/LocalDateTime$1
instanceKlass java/time/LocalTime$1
instanceKlass org/postgresql/jdbc/TimestampUtils
instanceKlass org/postgresql/replication/fluent/CommonOptions
instanceKlass org/postgresql/replication/PGReplicationStream
instanceKlass org/postgresql/core/v3/replication/V3ReplicationProtocol
instanceKlass org/postgresql/core/CommandCompleteParser
instanceKlass org/postgresql/core/CachedQuery
instanceKlass org/postgresql/core/v3/SimpleParameterList
instanceKlass org/postgresql/core/v3/SimpleQuery
instanceKlass org/postgresql/core/SqlCommand
instanceKlass org/postgresql/core/NativeQuery
instanceKlass org/postgresql/core/Parser$1
instanceKlass org/postgresql/core/Parser
instanceKlass org/postgresql/core/BaseQueryKey
instanceKlass org/postgresql/core/QueryExecutorBase$1
instanceKlass org/postgresql/util/LruCache
instanceKlass org/postgresql/util/Gettable
instanceKlass org/postgresql/core/CachedQueryCreateAction
instanceKlass org/postgresql/core/Utils
instanceKlass org/postgresql/core/v3/Portal
instanceKlass org/postgresql/core/Field
instanceKlass org/postgresql/copy/CopyDual
instanceKlass org/postgresql/copy/CopyOut
instanceKlass org/postgresql/copy/CopyIn
instanceKlass org/postgresql/core/v3/CopyOperationImpl
instanceKlass org/postgresql/copy/CopyOperation
instanceKlass org/postgresql/PGNotification
instanceKlass org/postgresql/core/ResultCursor
instanceKlass org/postgresql/core/Query
instanceKlass org/postgresql/core/v3/V3ParameterList
instanceKlass org/postgresql/core/ParameterList
instanceKlass org/postgresql/core/ReplicationProtocol
instanceKlass org/postgresql/util/CanEstimateSize
instanceKlass org/postgresql/util/LruCache$CreateAction
instanceKlass org/postgresql/util/LruCache$EvictAction
instanceKlass org/postgresql/core/QueryExecutorBase
instanceKlass org/postgresql/shaded/com/ongres/scram/common/message/ServerFinalMessage
instanceKlass org/postgresql/jre7/sasl/ScramAuthenticator$2
instanceKlass org/postgresql/shaded/com/ongres/scram/common/bouncycastle/pbkdf2/Strings
instanceKlass org/postgresql/shaded/com/ongres/scram/common/message/ClientFinalMessage
instanceKlass javax/crypto/spec/SecretKeySpec
instanceKlass com/sun/crypto/provider/PBKDF2KeyImpl$1
instanceKlass javax/crypto/MacSpi
instanceKlass javax/crypto/Mac
instanceKlass com/sun/crypto/provider/PBKDF2KeyImpl
instanceKlass javax/crypto/interfaces/PBEKey
instanceKlass javax/crypto/spec/PBEKeySpec
instanceKlass javax/crypto/SecretKeyFactorySpi
instanceKlass sun/security/x509/AccessDescription
instanceKlass sun/security/x509/CertificatePolicyMap
instanceKlass java/security/cert/PolicyQualifierInfo
instanceKlass sun/security/x509/CertificatePolicyId
instanceKlass sun/security/x509/PolicyInformation
instanceKlass sun/security/x509/DNSName
instanceKlass sun/security/x509/URIName
instanceKlass sun/security/x509/DistributionPoint
instanceKlass sun/security/util/ECUtil
instanceKlass java/security/interfaces/ECPublicKey
instanceKlass java/security/interfaces/ECKey
instanceKlass sun/security/provider/JavaKeyStore$TrustedCertEntry
instanceKlass sun/security/provider/KeyStoreDelegator$1
instanceKlass java/security/KeyStoreSpi
instanceKlass java/security/KeyStore
instanceKlass sun/security/util/AnchorCertificates$1
instanceKlass sun/security/util/AnchorCertificates
instanceKlass java/security/cert/TrustAnchor
instanceKlass sun/security/x509/X509CertImpl$$Lambda$563
instanceKlass sun/security/util/UntrustedCertificates$1
instanceKlass sun/security/util/UntrustedCertificates
instanceKlass java/security/cert/PKIXCertPathChecker
instanceKlass java/security/cert/CertPathChecker
instanceKlass javax/crypto/JarVerifier$JarHolder
instanceKlass javax/crypto/JarVerifier$2
instanceKlass javax/crypto/JceSecurity$2
instanceKlass java/security/spec/DSAParameterSpec
instanceKlass java/security/interfaces/DSAParams
instanceKlass java/security/interfaces/DSAPrivateKey
instanceKlass sun/security/validator/EndEntityChecker
instanceKlass sun/security/validator/Validator
instanceKlass sun/security/util/Pem
instanceKlass javax/crypto/JarVerifier$1
instanceKlass javax/crypto/JarVerifier
instanceKlass javax/crypto/CryptoPolicyParser$CryptoPermissionEntry
instanceKlass javax/crypto/CryptoPolicyParser$GrantEntry
instanceKlass javax/crypto/CryptoPolicyParser
instanceKlass javax/crypto/JceSecurity$1
instanceKlass javax/crypto/JceSecurity
instanceKlass com/sun/crypto/provider/SunJCE$1
instanceKlass sun/security/ssl/SunJSSE$1
instanceKlass java/security/spec/ECFieldF2m
instanceKlass java/security/spec/ECParameterSpec
instanceKlass java/security/spec/AlgorithmParameterSpec
instanceKlass java/security/spec/ECPoint
instanceKlass java/security/spec/EllipticCurve
instanceKlass java/security/spec/ECFieldFp
instanceKlass java/security/spec/ECField
instanceKlass sun/security/ec/CurveDB
instanceKlass sun/security/ec/SunECEntries
instanceKlass sun/nio/fs/WindowsUriSupport
instanceKlass sun/security/ec/SunEC$1
instanceKlass sun/security/util/ManifestEntryVerifier$SunProviderHolder
instanceKlass sun/nio/cs/Surrogate
instanceKlass sun/nio/cs/Surrogate$Parser
instanceKlass java/util/Base64$Encoder
instanceKlass java/util/Base64$Decoder
instanceKlass java/util/Base64
instanceKlass java/security/cert/CertPath
instanceKlass java/math/MutableBigInteger
instanceKlass sun/security/rsa/RSAPadding
instanceKlass sun/security/rsa/RSACore
instanceKlass java/security/interfaces/RSAPrivateCrtKey
instanceKlass sun/security/pkcs/PKCS8Key
instanceKlass sun/security/jca/ServiceId
instanceKlass java/security/SignatureSpi
instanceKlass javax/crypto/SecretKey
instanceKlass sun/security/util/Length
instanceKlass sun/security/util/KeyUtil
instanceKlass sun/security/pkcs/PKCS9Attribute
instanceKlass sun/security/x509/AVAKeyword
instanceKlass sun/security/util/ConstraintsParameters
instanceKlass sun/security/pkcs/SignerInfo
instanceKlass java/security/interfaces/DSAPublicKey
instanceKlass java/security/interfaces/DSAKey
instanceKlass java/security/spec/DSAPublicKeySpec
instanceKlass java/security/AlgorithmParametersSpi
instanceKlass java/security/AlgorithmParameters
instanceKlass sun/security/util/MemoryCache$CacheEntry
instanceKlass sun/security/x509/X509AttributeName
instanceKlass sun/security/x509/RFC822Name
instanceKlass sun/security/x509/GeneralName
instanceKlass sun/security/x509/GeneralNames
instanceKlass sun/security/x509/KeyIdentifier
instanceKlass sun/security/x509/NetscapeCertTypeExtension$MapEntry
instanceKlass sun/security/x509/OIDMap$OIDInfo
instanceKlass sun/security/x509/PKIXExtensions
instanceKlass sun/security/x509/OIDMap
instanceKlass sun/security/x509/Extension
instanceKlass java/security/cert/Extension
instanceKlass sun/security/x509/CertificateExtensions
instanceKlass sun/security/util/BitArray
instanceKlass sun/security/x509/X509Key
instanceKlass sun/security/x509/CertificateX509Key
instanceKlass sun/security/x509/CertificateValidity
instanceKlass sun/security/x509/AVA
instanceKlass sun/security/x509/RDN
instanceKlass javax/security/auth/x500/X500Principal
instanceKlass sun/security/x509/X500Name$1
instanceKlass sun/security/x509/X500Name
instanceKlass sun/security/x509/GeneralNameInterface
instanceKlass sun/security/x509/CertificateAlgorithmId
instanceKlass sun/security/x509/SerialNumber
instanceKlass sun/security/x509/CertificateSerialNumber
instanceKlass sun/security/x509/CertificateVersion
instanceKlass sun/security/x509/X509CertInfo
instanceKlass sun/security/x509/CertAttrSet
instanceKlass sun/security/util/Cache$EqualByteArray
instanceKlass java/security/cert/X509Extension
instanceKlass sun/security/util/Cache
instanceKlass java/security/cert/CertificateFactorySpi
instanceKlass java/security/cert/CertificateFactory
instanceKlass sun/security/x509/AlgorithmId
instanceKlass sun/security/util/ByteArrayTagOrder
instanceKlass sun/security/util/ByteArrayLexOrder
instanceKlass sun/security/util/DerEncoder
instanceKlass sun/security/util/DerValue
instanceKlass sun/security/util/ObjectIdentifier
instanceKlass sun/security/pkcs/ContentInfo
instanceKlass sun/security/util/DerIndefLenConverter
instanceKlass sun/security/util/DerInputStream
instanceKlass sun/security/pkcs/PKCS7
instanceKlass sun/security/util/ManifestDigester$Section
instanceKlass sun/security/util/ManifestDigester$Entry
instanceKlass sun/security/util/ManifestDigester$Position
instanceKlass sun/security/util/ManifestDigester
instanceKlass sun/security/util/DisabledAlgorithmConstraints$1
instanceKlass sun/security/util/DisabledAlgorithmConstraints$Constraint
instanceKlass sun/security/util/DisabledAlgorithmConstraints$Constraints
instanceKlass sun/security/util/AbstractAlgorithmConstraints$1
instanceKlass sun/security/util/AlgorithmDecomposer
instanceKlass sun/security/util/AbstractAlgorithmConstraints
instanceKlass sun/security/util/SignatureFileVerifier
instanceKlass javax/crypto/SecretKeyFactory
instanceKlass sun/text/normalizer/NormalizerBase$1
instanceKlass sun/text/normalizer/NormalizerBase$QuickCheckResult
instanceKlass sun/text/normalizer/NormalizerBase$Mode
instanceKlass sun/text/normalizer/NormalizerBase
instanceKlass java/text/Normalizer
instanceKlass org/postgresql/shaded/com/ongres/stringprep/StringPrep
instanceKlass org/postgresql/shaded/com/ongres/saslprep/SaslPrep
instanceKlass org/postgresql/shaded/com/ongres/scram/common/ScramFunctions
instanceKlass org/postgresql/shaded/com/ongres/scram/common/bouncycastle/base64/Base64Encoder
instanceKlass org/postgresql/shaded/com/ongres/scram/common/bouncycastle/base64/Encoder
instanceKlass org/postgresql/shaded/com/ongres/scram/common/bouncycastle/base64/Base64
instanceKlass org/postgresql/shaded/com/ongres/scram/client/ScramSession$ClientFinalProcessor
instanceKlass org/postgresql/shaded/com/ongres/scram/common/message/ServerFirstMessage
instanceKlass org/postgresql/shaded/com/ongres/scram/client/ScramSession$ServerFirstProcessor
instanceKlass org/postgresql/jre7/sasl/ScramAuthenticator$1
instanceKlass org/postgresql/shaded/com/ongres/scram/common/ScramStringFormatting
instanceKlass org/postgresql/shaded/com/ongres/scram/common/util/StringWritableCsv
instanceKlass org/postgresql/shaded/com/ongres/scram/common/util/CharAttributeValue
instanceKlass org/postgresql/shaded/com/ongres/scram/common/util/AbstractStringWritable
instanceKlass org/postgresql/shaded/com/ongres/scram/common/message/ClientFirstMessage
instanceKlass org/postgresql/shaded/com/ongres/scram/common/util/StringWritable
instanceKlass org/postgresql/shaded/com/ongres/scram/common/util/CryptoUtil
instanceKlass org/postgresql/shaded/com/ongres/scram/client/ScramSession
instanceKlass org/postgresql/shaded/com/ongres/scram/client/ScramClient$Builder$1
instanceKlass org/postgresql/shaded/com/ongres/scram/client/NonceSupplier
instanceKlass org/postgresql/shaded/com/ongres/scram/common/bouncycastle/pbkdf2/PBEParametersGenerator
instanceKlass org/postgresql/shaded/com/ongres/scram/common/ScramMechanism
instanceKlass org/postgresql/shaded/com/ongres/scram/common/util/Preconditions
instanceKlass org/postgresql/shaded/com/ongres/scram/client/ScramClient$PreBuilder1
instanceKlass org/postgresql/shaded/com/ongres/scram/client/ScramClient
instanceKlass org/postgresql/shaded/com/ongres/scram/common/util/CharAttribute
instanceKlass org/postgresql/shaded/com/ongres/scram/common/stringprep/StringPreparation
instanceKlass org/postgresql/jre7/sasl/ScramAuthenticator$BodySender
instanceKlass org/postgresql/jre7/sasl/ScramAuthenticator
instanceKlass org/postgresql/core/ServerVersion$1
instanceKlass java/text/ParsePosition
instanceKlass java/lang/management/MemoryUsage
instanceKlass sun/management/NotificationEmitterSupport
instanceKlass java/lang/management/MemoryMXBean
instanceKlass org/postgresql/util/PGPropertyMaxResultBufferParser
instanceKlass org/postgresql/core/Encoding$1
instanceKlass org/postgresql/core/Encoding$UTFEncodingProvider
instanceKlass org/postgresql/core/Encoding
instanceKlass java/net/Socket$3
instanceKlass java/net/Socket$2
instanceKlass sun/net/NetHooks
instanceKlass java/net/Proxy
instanceKlass sun/net/spi/DefaultProxySelector$3
instanceKlass sun/net/spi/DefaultProxySelector$NonProxyInfo
instanceKlass sun/net/NetProperties$1
instanceKlass sun/net/NetProperties
instanceKlass sun/net/spi/DefaultProxySelector$1
instanceKlass java/net/ProxySelector
instanceKlass java/net/SocksSocketImpl$3
instanceKlass java/net/InetSocketAddress$InetSocketAddressHolder
instanceKlass sun/misc/FloatingDecimal$ASCIIToBinaryBuffer
instanceKlass java/net/PlainSocketImpl$1
instanceKlass java/net/AbstractPlainSocketImpl$1
instanceKlass java/net/SocketImpl
instanceKlass java/net/SocketOptions
instanceKlass java/net/SocksConsts
instanceKlass java/net/Socket
instanceKlass org/postgresql/util/ByteStreamWriter$ByteStreamTarget
instanceKlass org/postgresql/core/PGStream
instanceKlass org/postgresql/hostchooser/CandidateHost
instanceKlass org/postgresql/hostchooser/SingleHostChooser
instanceKlass org/postgresql/hostchooser/HostChooser
instanceKlass org/postgresql/hostchooser/HostChooserFactory
instanceKlass javax/net/SocketFactory
instanceKlass org/postgresql/core/SocketFactoryFactory
instanceKlass org/postgresql/core/QueryExecutor
instanceKlass org/postgresql/core/v3/TypeTransferModeRegistry
instanceKlass org/postgresql/core/ConnectionFactory
instanceKlass org/postgresql/util/HostSpec
instanceKlass org/postgresql/util/internal/Nullness
instanceKlass java/sql/SQLXML
instanceKlass org/postgresql/core/TypeInfo
instanceKlass org/postgresql/core/ResultHandler
instanceKlass org/postgresql/xml/PGXmlFactoryFactory
instanceKlass org/postgresql/replication/PGReplicationConnection
instanceKlass java/sql/Savepoint
instanceKlass java/sql/CallableStatement
instanceKlass java/sql/DatabaseMetaData
instanceKlass java/sql/Array
instanceKlass org/postgresql/core/Provider
instanceKlass org/postgresql/core/Version
instanceKlass org/postgresql/jdbc/PgConnection
instanceKlass org/postgresql/core/BaseConnection
instanceKlass org/postgresql/PGConnection
instanceKlass org/postgresql/Driver$1
instanceKlass com/zaxxer/hikari/util/FastList
instanceKlass java/util/concurrent/atomic/AtomicIntegerFieldUpdater$AtomicIntegerFieldUpdaterImpl$1
instanceKlass java/util/concurrent/atomic/AtomicIntegerFieldUpdater
instanceKlass com/zaxxer/hikari/pool/PoolEntry
instanceKlass com/zaxxer/hikari/util/ClockSource$NanosecondClockSource
instanceKlass com/zaxxer/hikari/util/ClockSource$Factory
instanceKlass com/zaxxer/hikari/util/ClockSource
instanceKlass java/util/concurrent/ThreadPoolExecutor$DiscardPolicy
instanceKlass com/zaxxer/hikari/pool/HikariPool$$Lambda$562
instanceKlass com/zaxxer/hikari/util/SuspendResumeLock
instanceKlass com/zaxxer/hikari/util/ConcurrentBag$$Lambda$561
instanceKlass java/util/concurrent/SynchronousQueue$TransferQueue$QNode
instanceKlass com/zaxxer/hikari/util/ConcurrentBag
instanceKlass com/zaxxer/hikari/pool/HikariPool$PoolEntryCreator
instanceKlass java/util/concurrent/SynchronousQueue$TransferStack$SNode
instanceKlass java/util/concurrent/SynchronousQueue$Transferer
instanceKlass com/zaxxer/hikari/util/UtilityElf$DefaultThreadFactory
instanceKlass java/net/URLEncoder
instanceKlass java/net/URLDecoder
instanceKlass org/postgresql/util/URLCoder
instanceKlass com/zaxxer/hikari/util/DriverDataSource
instanceKlass com/zaxxer/hikari/SQLExceptionOverride
instanceKlass com/zaxxer/hikari/metrics/PoolStats
instanceKlass com/zaxxer/hikari/pool/PoolBase$IMetricsTrackerDelegate
instanceKlass com/zaxxer/hikari/util/ConcurrentBag$IConcurrentBagEntry
instanceKlass com/zaxxer/hikari/util/UtilityElf
instanceKlass org/hibernate/engine/jdbc/env/internal/JdbcEnvironmentInitiator$ConnectionProviderJdbcConnectionAccess
instanceKlass javax/naming/event/NamespaceChangeListener
instanceKlass javax/naming/event/NamingListener
instanceKlass org/hibernate/engine/jndi/internal/JndiServiceImpl
instanceKlass org/hibernate/engine/jdbc/dialect/spi/DialectResolutionInfo
instanceKlass org/hibernate/engine/jdbc/dialect/internal/StandardDialectResolver
instanceKlass org/hibernate/engine/jdbc/dialect/internal/DialectResolverSet
instanceKlass org/hibernate/engine/jdbc/dialect/internal/DialectFactoryImpl
instanceKlass org/hibernate/id/enhanced/TableGenerator
instanceKlass org/hibernate/id/ForeignGenerator
instanceKlass org/hibernate/id/IncrementGenerator
instanceKlass org/hibernate/id/SequenceGenerator
instanceKlass org/hibernate/id/enhanced/SequenceStyleGenerator
instanceKlass org/hibernate/id/PersistentIdentifierGenerator
instanceKlass org/hibernate/boot/model/relational/ExportableProducer
instanceKlass org/hibernate/id/AbstractPostInsertGenerator
instanceKlass org/hibernate/id/BulkInsertionCapableIdentifierGenerator
instanceKlass org/hibernate/id/PostInsertIdentifierGenerator
instanceKlass org/hibernate/id/Assigned
instanceKlass org/hibernate/id/AbstractUUIDGenerator
instanceKlass org/hibernate/id/GUIDGenerator
instanceKlass org/hibernate/id/UUIDGenerator
instanceKlass org/hibernate/id/Configurable
instanceKlass org/hibernate/id/IdentifierGenerator
instanceKlass org/hibernate/id/factory/internal/DefaultIdentifierGeneratorFactory
instanceKlass org/hibernate/boot/model/convert/internal/AttributeConverterManager$$Lambda$560
instanceKlass org/hibernate/internal/util/StringHelper$Renderer
instanceKlass org/hibernate/boot/model/convert/internal/AttributeConverterManager
instanceKlass org/hibernate/boot/model/convert/spi/ConverterAutoApplyHandler
instanceKlass org/hibernate/boot/model/naming/ImplicitForeignKeyNameSource
instanceKlass org/hibernate/boot/model/naming/ImplicitIndexNameSource
instanceKlass org/hibernate/boot/model/naming/ImplicitUniqueKeyNameSource
instanceKlass org/hibernate/boot/model/naming/ImplicitConstraintNameSource
instanceKlass org/hibernate/boot/model/naming/ImplicitNameSource
instanceKlass org/hibernate/cfg/SecondPass
instanceKlass org/hibernate/boot/spi/InFlightMetadataCollector$EntityTableXref
instanceKlass org/hibernate/mapping/Table
instanceKlass org/hibernate/boot/model/relational/Exportable
instanceKlass org/hibernate/mapping/RelationalModel
instanceKlass org/hibernate/boot/spi/InFlightMetadataCollector$DelayedPropertyReferenceHandler
instanceKlass org/hibernate/boot/model/convert/spi/ConverterDescriptor
instanceKlass org/hibernate/boot/internal/InFlightMetadataCollectorImpl
instanceKlass org/hibernate/boot/archive/scan/internal/StandardScanParameters
instanceKlass org/hibernate/boot/archive/scan/internal/ScanResultImpl
instanceKlass org/hibernate/boot/archive/scan/spi/ScanResult
instanceKlass javax/xml/stream/events/Namespace
instanceKlass javax/xml/stream/events/Comment
instanceKlass javax/xml/stream/events/ProcessingInstruction
instanceKlass javax/xml/stream/events/Attribute
instanceKlass javax/xml/stream/events/StartElement
instanceKlass javax/xml/stream/events/StartDocument
instanceKlass javax/xml/stream/events/EntityReference
instanceKlass javax/xml/stream/events/EndElement
instanceKlass javax/xml/stream/events/EndDocument
instanceKlass org/codehaus/stax2/evt/DTD2
instanceKlass javax/xml/stream/events/DTD
instanceKlass javax/xml/stream/events/Characters
instanceKlass javax/xml/stream/events/XMLEvent
instanceKlass javax/xml/stream/XMLStreamConstants
instanceKlass javax/xml/stream/FactoryFinder$1
instanceKlass javax/xml/stream/SecuritySupport$5
instanceKlass javax/xml/stream/SecuritySupport$2
instanceKlass javax/xml/stream/SecuritySupport
instanceKlass javax/xml/stream/FactoryFinder
instanceKlass javax/xml/stream/XMLEventFactory
instanceKlass org/hibernate/boot/jaxb/internal/stax/LocalXmlResourceResolver$DtdMapping
instanceKlass org/hibernate/boot/jaxb/internal/stax/LocalSchemaLocator
instanceKlass org/hibernate/boot/jaxb/internal/stax/LocalXmlResourceResolver$NamespaceSchemaMapping
instanceKlass org/hibernate/boot/jaxb/internal/stax/LocalXmlResourceResolver
instanceKlass org/dom4j/io/STAXEventReader
instanceKlass javax/xml/stream/XMLEventReader
instanceKlass javax/xml/bind/ValidationEventHandler
instanceKlass org/hibernate/boot/jaxb/internal/AbstractBinder
instanceKlass org/hibernate/boot/spi/XmlMappingBinderAccess
instanceKlass org/hibernate/boot/archive/scan/spi/ScanParameters
instanceKlass org/hibernate/boot/archive/spi/InputStreamAccess
instanceKlass org/hibernate/boot/model/process/internal/ScanningCoordinator
instanceKlass org/hibernate/boot/model/process/internal/ManagedResourcesImpl$$Lambda$559
instanceKlass org/hibernate/boot/model/process/internal/ManagedResourcesImpl
instanceKlass org/hibernate/boot/model/source/spi/MetadataSourceProcessor
instanceKlass org/hibernate/boot/spi/MetadataBuildingContext
instanceKlass org/hibernate/boot/spi/InFlightMetadataCollector
instanceKlass org/hibernate/boot/spi/MetadataImplementor
instanceKlass org/hibernate/boot/model/process/spi/ManagedResources
instanceKlass org/hibernate/boot/model/process/spi/MetadataBuildingProcess
instanceKlass org/hibernate/jpa/boot/internal/StandardJpaScanEnvironmentImpl
instanceKlass org/hibernate/boot/spi/MetadataBuilderFactory
instanceKlass org/hibernate/boot/spi/MetadataBuilderInitializer
instanceKlass org/hibernate/boot/cfgxml/internal/CfgXmlAccessServiceImpl
instanceKlass org/hibernate/boot/spi/MetadataSourcesContributor
instanceKlass org/hibernate/type/internal/TypeConfigurationRegistry
instanceKlass org/hibernate/type/TypeResolver
instanceKlass org/hibernate/type/TypeFactory$$Lambda$558
instanceKlass org/hibernate/type/TypeFactory$TypeScope
instanceKlass org/hibernate/type/TypeFactory
instanceKlass org/hibernate/type/spi/TypeBootstrapContext
instanceKlass org/hibernate/type/AbstractType
instanceKlass org/hibernate/type/AssociationType
instanceKlass org/hibernate/type/CompositeType
instanceKlass org/hibernate/annotations/Immutable
instanceKlass org/hibernate/type/descriptor/java/NClobTypeDescriptor$NClobMutabilityPlan
instanceKlass java/sql/NClob
instanceKlass org/hibernate/type/descriptor/java/ClobTypeDescriptor$ClobMutabilityPlan
instanceKlass java/sql/Clob
instanceKlass org/hibernate/type/descriptor/java/BlobTypeDescriptor$BlobMutabilityPlan
instanceKlass java/sql/Blob
instanceKlass java/sql/PreparedStatement
instanceKlass java/sql/Statement
instanceKlass org/hibernate/type/descriptor/java/MutableMutabilityPlan
instanceKlass java/time/temporal/TemporalQueries$$Lambda$557
instanceKlass java/time/temporal/TemporalQueries$$Lambda$556
instanceKlass java/time/temporal/TemporalQueries$$Lambda$555
instanceKlass java/time/temporal/TemporalQueries$$Lambda$554
instanceKlass java/time/temporal/TemporalQueries$$Lambda$553
instanceKlass java/time/temporal/TemporalQueries$$Lambda$552
instanceKlass java/time/temporal/TemporalQueries$$Lambda$551
instanceKlass java/time/temporal/TemporalQueries
instanceKlass org/hibernate/internal/util/compare/ComparableComparator
instanceKlass org/hibernate/type/descriptor/java/ImmutableMutabilityPlan
instanceKlass org/hibernate/type/descriptor/java/MutabilityPlan
instanceKlass org/hibernate/type/descriptor/java/AbstractTypeDescriptor
instanceKlass org/hibernate/type/descriptor/java/BasicJavaDescriptor
instanceKlass org/hibernate/engine/jdbc/Size
instanceKlass org/hibernate/type/descriptor/java/JavaTypeDescriptor
instanceKlass org/hibernate/type/DiscriminatorType
instanceKlass org/hibernate/type/PrimitiveType
instanceKlass org/hibernate/type/VersionType
instanceKlass org/hibernate/type/SingleColumnType
instanceKlass org/hibernate/type/LiteralType
instanceKlass org/hibernate/type/IdentifierType
instanceKlass org/hibernate/type/AbstractStandardBasicType
instanceKlass org/hibernate/type/ProcedureParameterNamedBinder
instanceKlass org/hibernate/type/ProcedureParameterExtractionAware
instanceKlass org/hibernate/type/StringRepresentableType
instanceKlass org/hibernate/type/BasicType
instanceKlass org/hibernate/type/Type
instanceKlass org/hibernate/type/BasicTypeRegistry
instanceKlass org/hibernate/type/descriptor/sql/NClobTypeDescriptor
instanceKlass org/hibernate/type/descriptor/sql/NVarcharTypeDescriptor
instanceKlass org/hibernate/type/descriptor/sql/ClobTypeDescriptor
instanceKlass org/hibernate/type/descriptor/sql/VarcharTypeDescriptor
instanceKlass org/hibernate/type/descriptor/sql/BasicBinder
instanceKlass org/hibernate/type/descriptor/sql/BlobTypeDescriptor
instanceKlass org/hibernate/type/descriptor/sql/VarbinaryTypeDescriptor
instanceKlass org/hibernate/type/descriptor/sql/TimeTypeDescriptor
instanceKlass org/hibernate/type/descriptor/sql/TimestampTypeDescriptor
instanceKlass org/hibernate/type/descriptor/sql/DateTypeDescriptor
instanceKlass org/hibernate/type/descriptor/sql/TinyIntTypeDescriptor
instanceKlass org/hibernate/type/descriptor/sql/SmallIntTypeDescriptor
instanceKlass org/hibernate/type/descriptor/sql/IntegerTypeDescriptor
instanceKlass org/hibernate/type/descriptor/sql/RealTypeDescriptor
instanceKlass org/hibernate/type/descriptor/sql/DoubleTypeDescriptor
instanceKlass org/hibernate/type/descriptor/sql/DecimalTypeDescriptor
instanceKlass org/hibernate/type/descriptor/sql/BigIntTypeDescriptor
instanceKlass org/hibernate/type/descriptor/sql/BitTypeDescriptor
instanceKlass org/hibernate/type/descriptor/ValueExtractor
instanceKlass org/hibernate/type/descriptor/ValueBinder
instanceKlass org/hibernate/type/descriptor/sql/BooleanTypeDescriptor
instanceKlass org/hibernate/type/descriptor/sql/SqlTypeDescriptor
instanceKlass org/hibernate/type/descriptor/sql/SqlTypeDescriptorRegistry
instanceKlass org/hibernate/type/descriptor/java/spi/JavaTypeDescriptorRegistry
instanceKlass org/hibernate/id/uuid/LocalObjectUuidHelper
instanceKlass org/hibernate/type/spi/TypeConfiguration$Scope
instanceKlass org/hibernate/metamodel/spi/MetamodelImplementor
instanceKlass org/hibernate/Metamodel
instanceKlass javax/persistence/metamodel/Metamodel
instanceKlass org/hibernate/type/spi/TypeConfiguration
instanceKlass org/hibernate/SessionFactoryObserver
instanceKlass org/hibernate/boot/archive/spi/ArchiveDescriptorFactory
instanceKlass org/hibernate/boot/archive/scan/internal/StandardScanOptions
instanceKlass org/hibernate/jpa/internal/MutableJpaComplianceImpl
instanceKlass org/hibernate/cfg/annotations/reflection/XMLContext
instanceKlass org/hibernate/annotations/common/reflection/java/JavaMetadataProvider
instanceKlass org/hibernate/annotations/common/reflection/AnnotationReader
instanceKlass org/hibernate/cfg/annotations/reflection/JPAMetadataProvider
instanceKlass org/hibernate/annotations/common/reflection/java/JavaReflectionManager$$Lambda$550
instanceKlass org/hibernate/annotations/common/reflection/XMethod
instanceKlass org/hibernate/annotations/common/reflection/java/JavaReflectionManager$$Lambda$549
instanceKlass org/hibernate/annotations/common/reflection/XProperty
instanceKlass org/hibernate/annotations/common/reflection/XMember
instanceKlass org/hibernate/annotations/common/reflection/java/JavaReflectionManager$$Lambda$548
instanceKlass org/hibernate/annotations/common/reflection/java/XTypeConstruction
instanceKlass org/hibernate/annotations/common/reflection/java/JavaXAnnotatedElement
instanceKlass org/hibernate/annotations/common/reflection/XClass
instanceKlass org/hibernate/annotations/common/reflection/java/generics/TypeEnvironment
instanceKlass org/hibernate/annotations/common/reflection/java/TypeEnvironmentMap
instanceKlass org/hibernate/annotations/common/util/StandardClassLoaderDelegateImpl
instanceKlass org/hibernate/annotations/common/util/impl/Log
instanceKlass org/hibernate/annotations/common/util/impl/LoggerFactory
instanceKlass org/hibernate/annotations/common/Version
instanceKlass org/hibernate/annotations/common/reflection/java/JavaXType
instanceKlass org/hibernate/annotations/common/reflection/XPackage
instanceKlass org/hibernate/annotations/common/reflection/XAnnotatedElement
instanceKlass org/hibernate/annotations/common/reflection/ClassLoaderDelegate
instanceKlass org/hibernate/annotations/common/reflection/java/JavaReflectionManager
instanceKlass org/hibernate/annotations/common/reflection/MetadataProviderInjector
instanceKlass org/hibernate/boot/internal/ClassLoaderAccessImpl
instanceKlass com/fasterxml/classmate/MemberResolver
instanceKlass org/hibernate/boot/internal/ClassmateContext
instanceKlass org/hibernate/boot/spi/ClassLoaderAccess
instanceKlass org/hibernate/annotations/common/reflection/ReflectionManager
instanceKlass org/hibernate/annotations/common/reflection/MetadataProvider
instanceKlass org/hibernate/jpa/spi/MutableJpaCompliance
instanceKlass org/hibernate/jpa/spi/JpaCompliance
instanceKlass org/hibernate/boot/internal/BootstrapContextImpl
instanceKlass org/hibernate/boot/registry/selector/internal/StrategySelectorImpl$$Lambda$547
instanceKlass org/hibernate/boot/model/naming/PhysicalNamingStrategyStandardImpl
instanceKlass org/hibernate/boot/internal/MetadataBuilderImpl$MetadataBuildingOptionsImpl$3
instanceKlass org/hibernate/cache/spi/DomainDataRegion
instanceKlass org/hibernate/cache/cfg/spi/DomainDataRegionBuildingContext
instanceKlass org/hibernate/cache/cfg/spi/DomainDataRegionConfig
instanceKlass org/hibernate/cache/spi/QueryResultsRegion
instanceKlass org/hibernate/cache/spi/TimestampsRegion
instanceKlass org/hibernate/cache/spi/DirectAccessRegion
instanceKlass org/hibernate/cache/spi/Region
instanceKlass org/hibernate/engine/spi/SessionFactoryImplementor
instanceKlass org/hibernate/query/spi/QueryParameterBindingTypeResolver
instanceKlass org/hibernate/boot/spi/SessionFactoryOptions
instanceKlass org/hibernate/cache/spi/CacheTransactionSynchronization
instanceKlass org/hibernate/cache/internal/NoCachingRegionFactory
instanceKlass org/hibernate/boot/registry/selector/internal/StrategySelectorImpl$$Lambda$546
instanceKlass org/hibernate/cache/internal/StrategyCreatorRegionFactoryImpl
instanceKlass org/hibernate/boot/internal/MetadataBuilderImpl$MetadataBuildingOptionsImpl$2
instanceKlass org/hibernate/boot/internal/MetadataBuilderImpl$MetadataBuildingOptionsImpl$1
instanceKlass org/hibernate/boot/internal/MetadataBuilderImpl$MappingDefaultsImpl$1
instanceKlass org/hibernate/engine/config/spi/StandardConverters$2
instanceKlass org/hibernate/engine/config/spi/StandardConverters$1
instanceKlass org/hibernate/engine/config/spi/StandardConverters
instanceKlass org/hibernate/boot/internal/MetadataBuilderImpl$MappingDefaultsImpl
instanceKlass org/hibernate/service/spi/Manageable
instanceKlass org/hibernate/service/spi/Startable
instanceKlass org/hibernate/service/spi/InjectService
instanceKlass org/hibernate/engine/config/internal/ConfigurationServiceImpl
instanceKlass org/hibernate/boot/internal/IdGeneratorInterpreterImpl$FallbackInterpreter
instanceKlass org/hibernate/boot/internal/IdGeneratorInterpreterImpl
instanceKlass org/hibernate/boot/spi/MappingDefaults
instanceKlass org/hibernate/boot/model/IdGeneratorStrategyInterpreter
instanceKlass org/hibernate/engine/config/spi/ConfigurationService$Converter
instanceKlass org/hibernate/boot/internal/MetadataBuilderImpl$MetadataBuildingOptionsImpl
instanceKlass org/hibernate/boot/spi/JpaOrmXmlPersistenceUnitDefaultAware
instanceKlass org/hibernate/boot/AttributeConverterInfo
instanceKlass org/hibernate/boot/spi/BootstrapContext
instanceKlass org/hibernate/boot/spi/MetadataBuildingOptions
instanceKlass org/hibernate/boot/internal/MetadataBuilderImpl
instanceKlass org/hibernate/boot/model/TypeContributions
instanceKlass org/hibernate/boot/jaxb/spi/Binder
instanceKlass org/hibernate/boot/spi/MetadataBuilderImplementor
instanceKlass org/hibernate/boot/MetadataSources
instanceKlass org/hibernate/service/spi/SessionFactoryServiceRegistryFactory
instanceKlass org/hibernate/hql/spi/QueryTranslatorFactory
instanceKlass org/hibernate/internal/util/collections/CollectionHelper
instanceKlass org/hibernate/service/internal/AbstractServiceRegistryImpl
instanceKlass org/hibernate/service/spi/ServiceContributor
instanceKlass org/hibernate/service/internal/ProvidedService
instanceKlass org/hibernate/secure/internal/DisabledJaccServiceImpl
instanceKlass org/hibernate/jpa/boot/internal/EntityManagerFactoryBuilderImpl$$Lambda$545
instanceKlass org/hibernate/jpa/boot/internal/EntityManagerFactoryBuilderImpl$$Lambda$544
instanceKlass org/hibernate/jpa/boot/internal/EntityManagerFactoryBuilderImpl$$Lambda$543
instanceKlass org/hibernate/jpa/boot/internal/EntityManagerFactoryBuilderImpl$$Lambda$542
instanceKlass org/hibernate/internal/util/NullnessHelper
instanceKlass org/hibernate/jpa/boot/internal/EntityManagerFactoryBuilderImpl$$Lambda$541
instanceKlass org/hibernate/jpa/boot/internal/EntityManagerFactoryBuilderImpl$$Lambda$540
instanceKlass org/hibernate/jpa/boot/internal/EntityManagerFactoryBuilderImpl$$Lambda$539
instanceKlass org/hibernate/jpa/boot/internal/EntityManagerFactoryBuilderImpl$$Lambda$538
instanceKlass org/hibernate/internal/util/StringHelper
instanceKlass org/hibernate/proxy/pojo/bytebuddy/ByteBuddyProxyHelper
instanceKlass net/bytebuddy/implementation/FieldAccessor$FieldLocation$Prepared
instanceKlass net/bytebuddy/implementation/FieldAccessor$FieldLocation$Relative
instanceKlass net/bytebuddy/implementation/FieldAccessor$FieldNameExtractor$ForFixedValue
instanceKlass net/bytebuddy/implementation/FieldAccessor$OwnerTypeLocatable
instanceKlass net/bytebuddy/implementation/FieldAccessor$AssignerConfigurable
instanceKlass net/bytebuddy/implementation/FieldAccessor$PropertyConfigurable
instanceKlass net/bytebuddy/implementation/FieldAccessor$FieldLocation
instanceKlass net/bytebuddy/implementation/FieldAccessor$FieldNameExtractor
instanceKlass net/bytebuddy/implementation/FieldAccessor
instanceKlass org/hibernate/bytecode/internal/bytebuddy/ByteBuddyState$ProxyDefinitionHelpers$2
instanceKlass net/bytebuddy/implementation/bytecode/assign/primitive/PrimitiveTypeAwareAssigner
instanceKlass net/bytebuddy/implementation/bytecode/assign/primitive/VoidAwareAssigner
instanceKlass net/bytebuddy/implementation/bytecode/assign/Assigner
instanceKlass net/bytebuddy/implementation/bind/MethodDelegationBinder$MethodBinding
instanceKlass net/bytebuddy/implementation/bind/annotation/TargetMethodAnnotationDrivenBinder$Record
instanceKlass net/bytebuddy/implementation/bind/annotation/TargetMethodAnnotationDrivenBinder$DelegationProcessor$Handler$Bound
instanceKlass net/bytebuddy/implementation/bind/annotation/RuntimeType$Verifier
instanceKlass net/bytebuddy/description/method/ParameterDescription$ForLoadedParameter$Dispatcher$ForJava8CapableVm
instanceKlass net/bytebuddy/description/method/ParameterDescription$ForLoadedParameter$Dispatcher
instanceKlass net/bytebuddy/description/method/ParameterDescription$InDefinedShape
instanceKlass net/bytebuddy/description/method/ParameterDescription
instanceKlass net/bytebuddy/description/NamedElement$WithOptionalName
instanceKlass net/bytebuddy/description/method/ParameterList$ForLoadedExecutable$Dispatcher$ForJava8CapableVm
instanceKlass net/bytebuddy/description/method/ParameterList$ForLoadedExecutable$Dispatcher
instanceKlass net/bytebuddy/description/method/ParameterList
instanceKlass net/bytebuddy/description/type/TypeDescription$Generic$Visitor$ForRawType
instanceKlass net/bytebuddy/description/type/TypeDescription$Generic$AnnotationReader
instanceKlass net/bytebuddy/description/annotation/AnnotationValue
instanceKlass net/bytebuddy/description/enumeration/EnumerationDescription
instanceKlass net/bytebuddy/description/annotation/AnnotationDescription$AbstractBase
instanceKlass net/bytebuddy/description/annotation/AnnotationDescription$Loadable
instanceKlass net/bytebuddy/implementation/bind/annotation/IgnoreForBinding
instanceKlass net/bytebuddy/implementation/bind/annotation/RuntimeType
instanceKlass net/bytebuddy/description/annotation/AnnotationDescription
instanceKlass net/bytebuddy/implementation/bind/annotation/IgnoreForBinding$Verifier
instanceKlass net/bytebuddy/implementation/MethodDelegation$ImplementationDelegate$Compiled
instanceKlass net/bytebuddy/implementation/MethodDelegation$ImplementationDelegate$ForStaticMethod
instanceKlass net/bytebuddy/implementation/bind/annotation/Empty
instanceKlass net/bytebuddy/implementation/bind/annotation/StubValue
instanceKlass net/bytebuddy/implementation/bind/annotation/SuperMethod
instanceKlass net/bytebuddy/implementation/bind/annotation/SuperCall
instanceKlass net/bytebuddy/implementation/bind/annotation/This
instanceKlass net/bytebuddy/implementation/bind/annotation/Origin
instanceKlass net/bytebuddy/implementation/bind/annotation/AllArguments
instanceKlass net/bytebuddy/implementation/bind/annotation/Argument
instanceKlass net/bytebuddy/implementation/bind/annotation/TargetMethodAnnotationDrivenBinder$DelegationProcessor$Handler$Unbound
instanceKlass net/bytebuddy/implementation/bind/annotation/TargetMethodAnnotationDrivenBinder$DelegationProcessor$Handler
instanceKlass net/bytebuddy/implementation/bind/annotation/TargetMethodAnnotationDrivenBinder$DelegationProcessor
instanceKlass net/bytebuddy/implementation/bind/annotation/TargetMethodAnnotationDrivenBinder
instanceKlass net/bytebuddy/implementation/bind/MethodDelegationBinder
instanceKlass org/hibernate/proxy/ProxyConfiguration$Interceptor
instanceKlass net/bytebuddy/implementation/bind/annotation/FieldValue
instanceKlass net/bytebuddy/dynamic/scaffold/FieldLocator$AbstractBase
instanceKlass net/bytebuddy/dynamic/scaffold/FieldLocator
instanceKlass net/bytebuddy/dynamic/scaffold/FieldLocator$Resolution
instanceKlass net/bytebuddy/implementation/bind/annotation/TargetMethodAnnotationDrivenBinder$ParameterBinder$ForFieldBinding
instanceKlass net/bytebuddy/implementation/bind/annotation/DefaultMethod
instanceKlass net/bytebuddy/implementation/bind/annotation/DefaultMethod$Binder$MethodLocator$ForExplicitType
instanceKlass net/bytebuddy/implementation/bind/annotation/DefaultMethod$Binder$MethodLocator
instanceKlass net/bytebuddy/implementation/bind/annotation/DefaultCall
instanceKlass net/bytebuddy/implementation/bind/annotation/DefaultCall$Binder$DefaultMethodLocator$Explicit
instanceKlass net/bytebuddy/implementation/bind/annotation/DefaultCall$Binder$DefaultMethodLocator
instanceKlass net/bytebuddy/implementation/auxiliary/MethodCallProxy$AssignableSignatureCall
instanceKlass net/bytebuddy/implementation/bind/annotation/Default
instanceKlass net/bytebuddy/description/ByteCodeElement$Token
instanceKlass net/bytebuddy/description/method/ParameterDescription$ForLoadedParameter$ParameterAnnotationSource
instanceKlass net/bytebuddy/implementation/bind/annotation/Super
instanceKlass net/bytebuddy/implementation/bytecode/StackManipulation$Compound
instanceKlass net/bytebuddy/utility/JavaConstant
instanceKlass net/bytebuddy/implementation/bind/MethodDelegationBinder$ParameterBinding$Anonymous
instanceKlass net/bytebuddy/implementation/bind/MethodDelegationBinder$ParameterBinding
instanceKlass net/bytebuddy/implementation/bytecode/StackManipulation
instanceKlass net/bytebuddy/implementation/bind/annotation/TargetMethodAnnotationDrivenBinder$ParameterBinder
instanceKlass net/bytebuddy/implementation/bind/MethodDelegationBinder$AmbiguityResolver$Compound
instanceKlass net/bytebuddy/implementation/bind/MethodDelegationBinder$BindingResolver
instanceKlass net/bytebuddy/dynamic/scaffold/FieldLocator$Factory
instanceKlass net/bytebuddy/implementation/MethodDelegation$ImplementationDelegate
instanceKlass net/bytebuddy/implementation/MethodDelegation$WithCustomProperties
instanceKlass net/bytebuddy/implementation/bind/MethodDelegationBinder$TerminationHandler
instanceKlass net/bytebuddy/implementation/bind/MethodDelegationBinder$Record
instanceKlass net/bytebuddy/implementation/bind/MethodDelegationBinder$AmbiguityResolver
instanceKlass net/bytebuddy/implementation/MethodDelegation
instanceKlass net/bytebuddy/implementation/Implementation$Composable
instanceKlass org/hibernate/proxy/ProxyConfiguration$InterceptorDispatcher
instanceKlass org/hibernate/bytecode/internal/bytebuddy/ByteBuddyState$ProxyDefinitionHelpers$1
instanceKlass org/hibernate/bytecode/internal/bytebuddy/ByteBuddyState$ProxyDefinitionHelpers$$Lambda$537
instanceKlass org/hibernate/bytecode/internal/bytebuddy/ByteBuddyState$ProxyDefinitionHelpers
instanceKlass org/hibernate/bytecode/internal/bytebuddy/ByteBuddyState$StandardClassRewriter
instanceKlass net/bytebuddy/dynamic/TargetType
instanceKlass net/bytebuddy/description/type/TypeDescription$ForLoadedType$Dispatcher$ForJava11CapableVm
instanceKlass net/bytebuddy/description/type/TypeDescription$ForLoadedType$Dispatcher$ForJava16CapableVm
instanceKlass net/bytebuddy/description/type/TypeDescription$ForLoadedType$Dispatcher
instanceKlass net/bytebuddy/utility/privilege/GetSystemPropertyAction
instanceKlass net/bytebuddy/description/field/FieldList
instanceKlass net/bytebuddy/description/method/MethodList
instanceKlass net/bytebuddy/description/type/RecordComponentList
instanceKlass net/bytebuddy/description/type/TypeList
instanceKlass net/bytebuddy/description/annotation/AnnotationList
instanceKlass net/bytebuddy/matcher/LatentMatcher$Resolved
instanceKlass net/bytebuddy/jar/asm/ClassVisitor
instanceKlass net/bytebuddy/dynamic/scaffold/InstrumentedType$WithFlexibleName
instanceKlass net/bytebuddy/dynamic/scaffold/InstrumentedType
instanceKlass net/bytebuddy/implementation/LoadedTypeInitializer
instanceKlass net/bytebuddy/dynamic/scaffold/TypeInitializer
instanceKlass net/bytebuddy/implementation/bytecode/ByteCodeAppender
instanceKlass net/bytebuddy/description/ModifierReviewable$AbstractBase
instanceKlass net/bytebuddy/description/ModifierReviewable$ForParameterDescription
instanceKlass net/bytebuddy/description/type/TypeDescription$Generic
instanceKlass net/bytebuddy/dynamic/scaffold/MethodGraph$Linked
instanceKlass net/bytebuddy/dynamic/scaffold/MethodGraph
instanceKlass net/bytebuddy/description/type/TypeDescription$Generic$Visitor
instanceKlass net/bytebuddy/dynamic/scaffold/MethodGraph$Compiler$Default$Merger
instanceKlass net/bytebuddy/dynamic/scaffold/MethodGraph$Compiler$Default$Harmonizer
instanceKlass net/bytebuddy/dynamic/scaffold/MethodGraph$Compiler$AbstractBase
instanceKlass net/bytebuddy/dynamic/scaffold/MethodGraph$Compiler
instanceKlass net/bytebuddy/implementation/Implementation$Context$ExtractableView
instanceKlass net/bytebuddy/implementation/Implementation$Context
instanceKlass net/bytebuddy/implementation/MethodAccessorFactory
instanceKlass net/bytebuddy/implementation/attribute/AnnotationValueFilter
instanceKlass net/bytebuddy/implementation/auxiliary/AuxiliaryType$NamingStrategy$SuffixingRandom
instanceKlass net/bytebuddy/utility/RandomString
instanceKlass net/bytebuddy/NamingStrategy$AbstractBase
instanceKlass net/bytebuddy/dynamic/scaffold/ClassWriterStrategy
instanceKlass net/bytebuddy/dynamic/VisibilityBridgeStrategy
instanceKlass net/bytebuddy/dynamic/scaffold/InstrumentedType$Factory
instanceKlass net/bytebuddy/implementation/Implementation$Context$Factory
instanceKlass net/bytebuddy/implementation/attribute/AnnotationValueFilter$Factory
instanceKlass net/bytebuddy/implementation/auxiliary/AuxiliaryType$NamingStrategy
instanceKlass net/bytebuddy/matcher/LatentMatcher
instanceKlass net/bytebuddy/description/type/TypeDescription
instanceKlass net/bytebuddy/description/type/TypeDefinition
instanceKlass net/bytebuddy/description/ModifierReviewable$ForTypeDefinition
instanceKlass net/bytebuddy/description/type/PackageDescription
instanceKlass net/bytebuddy/description/type/TypeList$Generic
instanceKlass net/bytebuddy/matcher/FilterableList
instanceKlass net/bytebuddy/dynamic/scaffold/subclass/ConstructorStrategy
instanceKlass net/bytebuddy/ByteBuddy
instanceKlass org/hibernate/bytecode/internal/bytebuddy/ByteBuddyState$ClassRewriter
instanceKlass org/hibernate/bytecode/internal/bytebuddy/ByteBuddyState
instanceKlass java/lang/Process
instanceKlass net/bytebuddy/ClassFileVersion$VersionLocator$ForJava9CapableVm
instanceKlass net/bytebuddy/ClassFileVersion$VersionLocator
instanceKlass net/bytebuddy/ClassFileVersion
instanceKlass net/bytebuddy/matcher/ElementMatcher$Junction$AbstractBase
instanceKlass net/bytebuddy/description/field/FieldDescription$InDefinedShape
instanceKlass net/bytebuddy/description/field/FieldDescription
instanceKlass net/bytebuddy/description/ModifierReviewable$ForFieldDescription
instanceKlass net/bytebuddy/description/ModifierReviewable$OfEnumeration
instanceKlass net/bytebuddy/description/method/MethodDescription$InDefinedShape
instanceKlass net/bytebuddy/description/method/MethodDescription
instanceKlass net/bytebuddy/description/ByteCodeElement$TypeDependant
instanceKlass net/bytebuddy/description/ByteCodeElement
instanceKlass net/bytebuddy/description/annotation/AnnotationSource
instanceKlass net/bytebuddy/description/DeclaredByType
instanceKlass net/bytebuddy/description/NamedElement$WithDescriptor
instanceKlass net/bytebuddy/description/NamedElement$WithGenericName
instanceKlass net/bytebuddy/description/NamedElement$WithRuntimeName
instanceKlass net/bytebuddy/description/NamedElement
instanceKlass net/bytebuddy/description/ModifierReviewable$ForMethodDescription
instanceKlass net/bytebuddy/description/TypeVariableSource
instanceKlass net/bytebuddy/description/ModifierReviewable$OfAbstraction
instanceKlass net/bytebuddy/description/ModifierReviewable$OfByteCodeElement
instanceKlass net/bytebuddy/description/ModifierReviewable
instanceKlass net/bytebuddy/matcher/ElementMatcher$Junction
instanceKlass net/bytebuddy/matcher/ElementMatchers
instanceKlass org/hibernate/bytecode/enhance/spi/Enhancer
instanceKlass net/bytebuddy/dynamic/DynamicType$Builder
instanceKlass net/bytebuddy/implementation/Implementation
instanceKlass net/bytebuddy/dynamic/scaffold/InstrumentedType$Prepareable
instanceKlass net/bytebuddy/matcher/ElementMatcher
instanceKlass net/bytebuddy/NamingStrategy
instanceKlass net/bytebuddy/NamingStrategy$SuffixingRandom$BaseNameResolver
instanceKlass org/hibernate/bytecode/spi/ReflectionOptimizer
instanceKlass org/hibernate/bytecode/spi/ProxyFactoryFactory
instanceKlass org/hibernate/bytecode/internal/bytebuddy/BytecodeProviderImpl
instanceKlass org/hibernate/internal/util/config/ConfigurationHelper
instanceKlass org/hibernate/internal/util/ConfigHelper
instanceKlass org/hibernate/Version
instanceKlass org/hibernate/bytecode/spi/BytecodeProvider
instanceKlass org/hibernate/cfg/Environment
instanceKlass org/hibernate/jpa/boot/internal/EntityManagerFactoryBuilderImpl$MergedSettings
instanceKlass org/hibernate/event/spi/EntityCopyObserverFactory
instanceKlass org/hibernate/event/internal/EntityCopyObserverFactoryInitiator
instanceKlass org/hibernate/resource/beans/spi/ManagedBeanRegistry
instanceKlass org/hibernate/resource/beans/spi/ManagedBeanRegistryInitiator
instanceKlass org/hibernate/resource/transaction/internal/TransactionCoordinatorBuilderInitiator
instanceKlass org/hibernate/cache/spi/RegionFactory
instanceKlass org/hibernate/cache/internal/RegionFactoryInitiator
instanceKlass org/hibernate/service/internal/SessionFactoryServiceRegistryFactoryInitiator
instanceKlass org/hibernate/engine/transaction/jta/platform/internal/JtaPlatformInitiator
instanceKlass org/hibernate/engine/transaction/jta/platform/spi/JtaPlatformResolver
instanceKlass org/hibernate/engine/transaction/jta/platform/internal/JtaPlatformResolverInitiator
instanceKlass org/hibernate/id/factory/spi/MutableIdentifierGeneratorFactory
instanceKlass org/hibernate/id/factory/IdentifierGeneratorFactory
instanceKlass org/hibernate/id/factory/internal/MutableIdentifierGeneratorFactoryInitiator
instanceKlass org/hibernate/hql/internal/QueryTranslatorFactoryInitiator
instanceKlass org/hibernate/engine/jdbc/cursor/spi/RefCursorSupport
instanceKlass org/hibernate/engine/jdbc/cursor/internal/RefCursorSupportInitiator
instanceKlass org/hibernate/engine/jdbc/spi/JdbcServices
instanceKlass org/hibernate/engine/jdbc/internal/JdbcServicesInitiator
instanceKlass org/hibernate/engine/jdbc/batch/spi/BatchBuilder
instanceKlass org/hibernate/engine/jdbc/batch/internal/BatchBuilderInitiator
instanceKlass org/hibernate/engine/jdbc/dialect/spi/DialectFactory
instanceKlass org/hibernate/engine/jdbc/dialect/internal/DialectFactoryInitiator
instanceKlass org/hibernate/engine/jdbc/dialect/spi/DialectResolver
instanceKlass org/hibernate/engine/jdbc/dialect/internal/DialectResolverInitiator
instanceKlass org/hibernate/engine/jdbc/connections/spi/MultiTenantConnectionProvider
instanceKlass org/hibernate/engine/jdbc/connections/internal/MultiTenantConnectionProviderInitiator
instanceKlass org/hibernate/engine/jdbc/connections/internal/UserSuppliedConnectionProviderImpl
instanceKlass org/hibernate/engine/jdbc/connections/internal/DriverManagerConnectionProviderImpl
instanceKlass org/hibernate/service/spi/ServiceRegistryAwareService
instanceKlass org/hibernate/engine/jdbc/connections/internal/DatasourceConnectionProviderImpl
instanceKlass org/hibernate/service/spi/Configurable
instanceKlass org/hibernate/internal/util/beans/BeanInfoHelper$BeanInfoDelegate
instanceKlass org/hibernate/engine/jdbc/connections/spi/ConnectionProvider
instanceKlass org/hibernate/service/spi/Wrapped
instanceKlass org/hibernate/engine/jdbc/connections/internal/ConnectionProviderInitiator
instanceKlass org/hibernate/persister/spi/PersisterFactory
instanceKlass org/hibernate/persister/internal/PersisterFactoryInitiator
instanceKlass org/hibernate/persister/spi/PersisterClassResolver
instanceKlass org/hibernate/persister/internal/PersisterClassResolverInitiator
instanceKlass org/hibernate/jmx/spi/JmxService
instanceKlass org/hibernate/jmx/internal/JmxServiceInitiator
instanceKlass org/hibernate/engine/jndi/spi/JndiService
instanceKlass org/hibernate/engine/jndi/internal/JndiServiceInitiator
instanceKlass org/hibernate/engine/jdbc/env/spi/JdbcEnvironment
instanceKlass org/hibernate/engine/jdbc/dialect/spi/DialectResolutionInfoSource
instanceKlass org/hibernate/engine/jdbc/connections/spi/JdbcConnectionAccess
instanceKlass org/hibernate/engine/jdbc/env/internal/JdbcEnvironmentInitiator
instanceKlass org/hibernate/tool/schema/spi/SchemaManagementTool
instanceKlass org/hibernate/tool/schema/internal/SchemaManagementToolInitiator
instanceKlass org/hibernate/tool/hbm2ddl/SingleLineSqlCommandExtractor
instanceKlass org/hibernate/tool/hbm2ddl/ImportSqlCommandExtractor
instanceKlass org/hibernate/tool/hbm2ddl/ImportSqlCommandExtractorInitiator
instanceKlass org/hibernate/property/access/spi/PropertyAccessStrategyResolver
instanceKlass org/hibernate/property/access/internal/PropertyAccessStrategyResolverInitiator
instanceKlass org/hibernate/engine/config/spi/ConfigurationService
instanceKlass org/hibernate/engine/config/internal/ConfigurationServiceInitiator
instanceKlass org/hibernate/boot/cfgxml/spi/CfgXmlAccessService
instanceKlass org/hibernate/boot/cfgxml/internal/CfgXmlAccessServiceInitiator
instanceKlass org/hibernate/bytecode/internal/ProxyFactoryFactoryInitiator
instanceKlass org/hibernate/bytecode/internal/BytecodeProviderInitiator
instanceKlass org/hibernate/boot/spi/SessionFactoryBuilderService
instanceKlass org/hibernate/boot/internal/DefaultSessionFactoryBuilderInitiator
instanceKlass org/hibernate/boot/registry/StandardServiceInitiator
instanceKlass org/hibernate/service/spi/ServiceInitiator
instanceKlass org/hibernate/service/StandardServiceInitiators
instanceKlass org/hibernate/boot/cfgxml/internal/ConfigLoader$1
instanceKlass org/hibernate/internal/util/ValueHolder$1
instanceKlass org/hibernate/internal/util/ValueHolder
instanceKlass org/hibernate/internal/util/ValueHolder$DeferredInitializer
instanceKlass org/hibernate/boot/cfgxml/internal/ConfigLoader
instanceKlass org/hibernate/boot/cfgxml/spi/LoadedConfig
instanceKlass org/hibernate/boot/registry/StandardServiceRegistry
instanceKlass org/hibernate/boot/registry/StandardServiceRegistryBuilder
instanceKlass org/hibernate/service/spi/ServiceBinding
instanceKlass org/hibernate/boot/registry/selector/StrategyRegistrationProvider
instanceKlass org/hibernate/cache/internal/SimpleCacheKeysFactory
instanceKlass org/hibernate/cache/internal/DefaultCacheKeysFactory
instanceKlass org/hibernate/cache/spi/CacheKeysFactory
instanceKlass org/hibernate/hql/spi/id/AbstractMultiTableBulkIdStrategyImpl
instanceKlass org/hibernate/hql/spi/id/MultiTableBulkIdStrategy
instanceKlass org/hibernate/resource/transaction/backend/jta/internal/JtaTransactionCoordinatorBuilderImpl
instanceKlass org/hibernate/resource/transaction/backend/jdbc/internal/JdbcResourceLocalTransactionCoordinatorBuilderImpl
instanceKlass org/hibernate/resource/transaction/spi/TransactionCoordinatorBuilder
instanceKlass org/hibernate/boot/registry/selector/internal/DefaultJtaPlatformSelector
instanceKlass org/hibernate/boot/registry/selector/internal/DefaultDialectSelector
instanceKlass org/hibernate/dialect/Dialect
instanceKlass org/hibernate/exception/spi/ConversionContext
instanceKlass org/hibernate/boot/registry/selector/internal/StrategySelectorImpl$$Lambda$536
instanceKlass org/hibernate/boot/registry/selector/spi/StrategyCreator
instanceKlass org/hibernate/boot/registry/selector/internal/StrategySelectorImpl
instanceKlass org/hibernate/boot/registry/internal/BootstrapServiceRegistryImpl
instanceKlass org/hibernate/service/spi/ServiceBinding$ServiceLifecycleOwner
instanceKlass org/hibernate/service/spi/ServiceRegistryImplementor
instanceKlass org/hibernate/boot/registry/classloading/internal/AggregatedClassLoader$4
instanceKlass org/hibernate/boot/registry/classloading/internal/AggregatedClassLoader$2
instanceKlass org/hibernate/boot/registry/classloading/internal/AggregatedServiceLoader
instanceKlass org/hibernate/cache/internal/CollectionCacheInvalidator
instanceKlass org/hibernate/event/spi/PostUpdateEventListener
instanceKlass org/hibernate/event/spi/PostDeleteEventListener
instanceKlass org/hibernate/event/spi/PostInsertEventListener
instanceKlass org/hibernate/event/spi/PostActionEventListener
instanceKlass org/hibernate/secure/spi/JaccIntegrator$1
instanceKlass org/hibernate/secure/spi/JaccService
instanceKlass org/hibernate/event/service/spi/DuplicationStrategy
instanceKlass org/hibernate/secure/spi/JaccIntegrator
instanceKlass org/hibernate/integrator/spi/ServiceContributingIntegrator
instanceKlass org/hibernate/cfg/beanvalidation/ActivationContext
instanceKlass org/hibernate/cfg/beanvalidation/BeanValidationIntegrator
instanceKlass org/hibernate/integrator/spi/Integrator
instanceKlass org/hibernate/integrator/internal/IntegratorServiceImpl
instanceKlass org/hibernate/boot/registry/classloading/internal/ClassLoaderServiceImpl$1
instanceKlass org/hibernate/internal/CoreLogging
instanceKlass org/hibernate/boot/registry/classloading/internal/ClassLoaderServiceImpl
instanceKlass org/hibernate/boot/registry/selector/StrategyRegistration
instanceKlass org/hibernate/boot/registry/selector/spi/StrategySelector
instanceKlass org/hibernate/boot/registry/selector/internal/LazyServiceResolver
instanceKlass org/hibernate/boot/registry/selector/internal/StrategySelectorBuilder
instanceKlass org/hibernate/boot/registry/BootstrapServiceRegistry
instanceKlass org/hibernate/integrator/spi/IntegratorService
instanceKlass org/hibernate/boot/registry/classloading/spi/ClassLoaderService
instanceKlass org/hibernate/boot/registry/BootstrapServiceRegistryBuilder
instanceKlass org/apache/logging/log4j/message/LoggerNameAwareMessage
instanceKlass org/apache/logging/log4j/message/StringFormattedMessage
instanceKlass org/hibernate/jpa/internal/util/LogHelper
instanceKlass javax/persistence/spi/ClassTransformer
instanceKlass org/hibernate/jpa/boot/internal/PersistenceUnitInfoDescriptor
instanceKlass org/hibernate/internal/EntityManagerMessageLogger
instanceKlass org/hibernate/internal/CoreMessageLogger
instanceKlass org/hibernate/internal/HEMLogging
instanceKlass org/hibernate/proxy/EntityNotFoundDelegate
instanceKlass org/hibernate/boot/archive/scan/spi/ScanOptions
instanceKlass org/hibernate/boot/archive/scan/spi/ScanEnvironment
instanceKlass org/hibernate/boot/MetadataBuilder
instanceKlass org/hibernate/bytecode/enhance/spi/EnhancementContext
instanceKlass org/hibernate/boot/Metadata
instanceKlass org/hibernate/engine/spi/Mapping
instanceKlass org/hibernate/tool/schema/spi/DelayedDropRegistry
instanceKlass org/hibernate/service/ServiceRegistry
instanceKlass org/hibernate/jpa/boot/internal/EntityManagerFactoryBuilderImpl
instanceKlass org/hibernate/jpa/boot/spi/EntityManagerFactoryBuilder
instanceKlass org/springframework/orm/jpa/AbstractEntityManagerFactoryBean$$Lambda$535
instanceKlass org/hibernate/cfg/AvailableSettings
instanceKlass org/hibernate/jpa/AvailableSettings
instanceKlass org/springframework/orm/jpa/vendor/HibernateJpaVendorAdapter$1
instanceKlass org/springframework/orm/jpa/persistenceunit/PersistenceUnitReader
instanceKlass java/lang/instrument/ClassFileTransformer
instanceKlass org/springframework/instrument/classloading/InstrumentationLoadTimeWeaver
instanceKlass org/springframework/orm/jpa/persistenceunit/PersistenceUnitPostProcessor
instanceKlass org/springframework/jdbc/datasource/lookup/SingleDataSourceLookup
instanceKlass javax/persistence/Converter
instanceKlass javax/persistence/Embeddable
instanceKlass org/springframework/orm/jpa/persistenceunit/MutablePersistenceUnitInfo
instanceKlass org/springframework/orm/jpa/persistenceunit/SmartPersistenceUnitInfo
instanceKlass org/springframework/instrument/classloading/LoadTimeWeaver
instanceKlass org/springframework/orm/jpa/persistenceunit/DefaultPersistenceUnitManager
instanceKlass org/springframework/jdbc/datasource/lookup/DataSourceLookup
instanceKlass org/springframework/boot/autoconfigure/domain/EntityScanPackages
instanceKlass org/springframework/boot/jdbc/metadata/AbstractDataSourcePoolMetadata
instanceKlass org/springframework/jdbc/datasource/DelegatingDataSource
instanceKlass org/springframework/boot/jdbc/DataSourceUnwrapper
instanceKlass org/hibernate/engine/transaction/jta/platform/internal/NoJtaPlatform
instanceKlass org/hibernate/engine/transaction/jta/platform/spi/JtaPlatform
instanceKlass org/hibernate/service/Service
instanceKlass org/hibernate/resource/beans/container/spi/ContainedBean
instanceKlass org/springframework/orm/hibernate5/SpringBeanContainer
instanceKlass org/springframework/boot/autoconfigure/orm/jpa/HibernateProperties$$Lambda$534
instanceKlass org/springframework/boot/autoconfigure/orm/jpa/HibernateProperties$$Lambda$533
instanceKlass org/springframework/boot/orm/jpa/hibernate/SpringPhysicalNamingStrategy
instanceKlass org/hibernate/boot/model/naming/ImplicitNamingStrategyJpaCompliantImpl
instanceKlass org/hibernate/boot/archive/scan/internal/DisabledScanner
instanceKlass org/hibernate/boot/archive/scan/spi/Scanner
instanceKlass org/springframework/boot/autoconfigure/orm/jpa/HibernateJpaConfiguration$$Lambda$532
instanceKlass org/springframework/boot/orm/jpa/EntityManagerFactoryBuilder$Builder
instanceKlass org/springframework/boot/autoconfigure/orm/jpa/JpaBaseConfiguration$$Lambda$531
instanceKlass javax/persistence/spi/PersistenceUnitInfo
instanceKlass org/hibernate/jpa/HibernatePersistenceProvider$1
instanceKlass org/hibernate/jpa/internal/util/PersistenceUtilHelper$MetadataCache
instanceKlass org/hibernate/jpa/boot/spi/PersistenceUnitDescriptor
instanceKlass javax/persistence/spi/ProviderUtil
instanceKlass org/hibernate/jpa/HibernatePersistenceProvider
instanceKlass org/hibernate/TypeHelper
instanceKlass org/hibernate/NaturalIdLoadAccess
instanceKlass org/hibernate/LobHelper
instanceKlass org/hibernate/stat/SessionStatistics
instanceKlass org/hibernate/MultiIdentifierLoadAccess
instanceKlass org/hibernate/query/NativeQuery
instanceKlass javax/persistence/criteria/CriteriaQuery
instanceKlass javax/persistence/criteria/AbstractQuery
instanceKlass javax/persistence/criteria/CriteriaUpdate
instanceKlass org/hibernate/query/Query
instanceKlass javax/persistence/criteria/CriteriaDelete
instanceKlass javax/persistence/criteria/CommonAbstractCriteria
instanceKlass org/hibernate/IdentifierLoadAccess
instanceKlass org/hibernate/Session$LockRequest
instanceKlass org/hibernate/Filter
instanceKlass org/hibernate/SessionEventListener
instanceKlass org/hibernate/SessionFactory
instanceKlass javax/naming/Referenceable
instanceKlass org/hibernate/jpa/HibernateEntityManagerFactory
instanceKlass org/hibernate/SimpleNaturalIdLoadAccess
instanceKlass org/hibernate/SharedSessionBuilder
instanceKlass org/hibernate/SessionBuilder
instanceKlass org/hibernate/graph/RootGraph
instanceKlass org/hibernate/graph/Graph
instanceKlass org/hibernate/graph/GraphNode
instanceKlass org/hibernate/LockOptions
instanceKlass javax/persistence/EntityGraph
instanceKlass org/hibernate/SQLQuery
instanceKlass org/hibernate/SynchronizeableQuery
instanceKlass org/hibernate/Query
instanceKlass org/hibernate/query/CommonQueryContract
instanceKlass org/hibernate/BasicQueryContract
instanceKlass javax/persistence/TypedQuery
instanceKlass javax/persistence/Query
instanceKlass org/springframework/jdbc/datasource/ConnectionHandle
instanceKlass org/springframework/orm/jpa/DefaultJpaDialect
instanceKlass org/springframework/orm/jpa/JpaDialect
instanceKlass javax/persistence/spi/PersistenceProvider
instanceKlass org/springframework/orm/jpa/persistenceunit/PersistenceUnitManager
instanceKlass org/springframework/boot/autoconfigure/orm/jpa/HibernateJpaConfiguration$$Lambda$530
instanceKlass org/hibernate/resource/beans/container/spi/BeanContainer
instanceKlass org/hibernate/service/spi/Stoppable
instanceKlass java/lang/invoke/LambdaForm$Hidden
instanceKlass org/springframework/boot/autoconfigure/jdbc/metadata/DataSourcePoolMetadataProvidersConfiguration$HikariPoolDataSourceMetadataProviderConfiguration$$Lambda$529
instanceKlass org/springframework/boot/jdbc/metadata/CompositeDataSourcePoolMetadataProvider
instanceKlass org/springframework/boot/autoconfigure/orm/jpa/HibernateDefaultDdlAutoProvider
instanceKlass org/springframework/boot/context/properties/bind/MapBinder$EntryBinder$$Lambda$528
instanceKlass org/springframework/util/ClassUtils$$Lambda$527
instanceKlass org/springframework/jdbc/config/SortedResourcesFactoryBean$$Lambda$526
instanceKlass org/springframework/jdbc/datasource/init/DatabasePopulator
instanceKlass org/springframework/boot/autoconfigure/jdbc/DataSourceInitializer
instanceKlass java/sql/DriverInfo
instanceKlass org/apache/catalina/loader/WebappClassLoaderBase$CombinedEnumeration
instanceKlass java/util/Collections$EmptyEnumeration
instanceKlass java/sql/DriverManager$2
instanceKlass java/sql/DriverManager$1
instanceKlass java/sql/DriverManager
instanceKlass org/postgresql/util/SharedTimer
instanceKlass org/springframework/boot/context/properties/source/ConfigurationPropertyNameAliases$$Lambda$525
instanceKlass org/springframework/boot/context/properties/source/ConfigurationPropertyNameAliases$$Lambda$524
instanceKlass com/zaxxer/hikari/pool/PoolBase
instanceKlass com/zaxxer/hikari/util/ConcurrentBag$IBagStateListener
instanceKlass com/zaxxer/hikari/metrics/MetricsTrackerFactory
instanceKlass java/sql/Connection
instanceKlass org/springframework/boot/context/properties/source/SpringIterableConfigurationPropertySource$ConfigurationPropertyNamesIterator
instanceKlass org/springframework/boot/context/properties/source/IterableConfigurationPropertySource$$Lambda$523
instanceKlass org/springframework/boot/context/properties/bind/PlaceholdersResolver$$Lambda$522
instanceKlass org/springframework/boot/context/properties/source/AliasedConfigurationPropertySource
instanceKlass org/springframework/util/LinkedMultiValueMap$$Lambda$521
instanceKlass org/springframework/boot/context/properties/source/ConfigurationPropertyNameAliases$$Lambda$520
instanceKlass org/springframework/boot/context/properties/source/ConfigurationPropertyNameAliases$$Lambda$519
instanceKlass org/springframework/boot/context/properties/source/ConfigurationPropertyNameAliases
instanceKlass org/springframework/boot/context/properties/source/MapConfigurationPropertySource$$Lambda$518
instanceKlass java/lang/invoke/LambdaForm$DMH
instanceKlass org/springframework/boot/context/properties/source/MapConfigurationPropertySource
instanceKlass com/zaxxer/hikari/HikariPoolMXBean
instanceKlass org/springframework/boot/autoconfigure/jdbc/DataSourceProperties$$Lambda$517
instanceKlass org/postgresql/Driver
instanceKlass java/sql/Driver
instanceKlass org/springframework/boot/autoconfigure/jdbc/DataSourceConfiguration
instanceKlass org/springframework/jdbc/core/ConnectionCallback
instanceKlass org/springframework/boot/jdbc/SchemaManagementProvider
instanceKlass java/lang/SafeVarargs
instanceKlass org/springframework/data/repository/core/support/MethodLookup$MethodPredicate
instanceKlass org/springframework/data/repository/core/support/MethodLookup
instanceKlass org/springframework/data/repository/core/support/MethodLookup$InvokedMethod
instanceKlass org/springframework/data/repository/core/support/RepositoryFragmentsFactoryBean$$Lambda$516
instanceKlass org/springframework/data/repository/core/support/RepositoryFragment
instanceKlass org/springframework/beans/factory/support/DefaultSingletonBeanRegistry$$Lambda$515
instanceKlass org/springframework/data/querydsl/SimpleEntityPathResolver
instanceKlass org/springframework/data/jpa/repository/support/JpaRepositoryFactoryBean$$Lambda$514
instanceKlass org/springframework/data/repository/query/QueryMethod
instanceKlass org/springframework/security/core/userdetails/UserDetails
instanceKlass org/springframework/boot/web/servlet/ServletContextInitializerBeans$FilterRegistrationBeanAdapter
instanceKlass org/springframework/boot/web/servlet/ServletContextInitializerBeans$ServletRegistrationBeanAdapter
instanceKlass org/springframework/boot/web/servlet/ServletContextInitializerBeans$$Lambda$513
instanceKlass org/springframework/boot/autoconfigure/security/servlet/SecurityFilterAutoConfiguration$$Lambda$512
instanceKlass org/springframework/boot/autoconfigure/security/servlet/SecurityFilterAutoConfiguration$$Lambda$511
instanceKlass java/util/UUID$Holder
instanceKlass org/springframework/boot/web/servlet/ServletContextInitializerBeans$RegistrationBeanAdapter
instanceKlass org/springframework/web/context/support/ServletContextScope
instanceKlass org/springframework/boot/web/servlet/server/AbstractServletWebServerFactory$$Lambda$510
instanceKlass java/lang/invoke/LambdaForm$DMH
instanceKlass org/apache/tomcat/InstanceManagerBindings
instanceKlass org/apache/catalina/core/DefaultInstanceManager$AnnotationCacheEntry
instanceKlass org/apache/catalina/core/DefaultInstanceManager
instanceKlass org/apache/catalina/Session
instanceKlass org/apache/tomcat/util/modeler/Util
instanceKlass org/apache/tomcat/util/http/ConcurrentDateFormat
instanceKlass org/apache/tomcat/util/http/FastHttpDateFormat
instanceKlass javax/security/auth/message/MessageInfo
instanceKlass javax/security/auth/message/config/RegistrationListener
instanceKlass org/apache/catalina/Authenticator
instanceKlass javax/servlet/annotation/ServletSecurity
instanceKlass javax/annotation/security/RunAs
instanceKlass org/apache/catalina/servlets/DefaultServlet$SortManager$Order
instanceKlass org/apache/catalina/servlets/DefaultServlet$PrecompressedResource
instanceKlass org/apache/catalina/servlets/DefaultServlet$SortManager
instanceKlass org/apache/catalina/servlets/DefaultServlet$CompressionFormat
instanceKlass org/apache/catalina/servlets/DefaultServlet$Range
instanceKlass org/apache/catalina/servlets/DefaultServlet$SecureEntityResolver
instanceKlass org/xml/sax/ext/EntityResolver2
instanceKlass javax/xml/parsers/DocumentBuilderFactory
instanceKlass org/apache/tomcat/util/descriptor/web/FilterDef
instanceKlass javax/annotation/security/DeclareRoles
instanceKlass javax/annotation/Resources
instanceKlass org/apache/catalina/util/Introspection
instanceKlass org/apache/catalina/startup/WebAnnotationSet
instanceKlass org/apache/catalina/security/SecurityUtil
instanceKlass org/apache/catalina/webresources/EmptyResource
instanceKlass org/apache/tomcat/util/compat/JrePlatform
instanceKlass org/apache/catalina/webresources/CachedResource
instanceKlass org/apache/catalina/util/Extension
instanceKlass org/apache/catalina/util/ManifestResource
instanceKlass sun/security/util/ManifestEntryVerifier
instanceKlass java/util/jar/JarVerifier$3
instanceKlass java/security/CodeSigner
instanceKlass java/util/jar/JarVerifier
instanceKlass org/apache/catalina/util/ExtensionValidator
instanceKlass sun/util/locale/provider/TimeZoneNameUtility$TimeZoneNameGetter
instanceKlass sun/util/locale/provider/TimeZoneNameUtility
instanceKlass org/apache/tomcat/util/http/CookieProcessorBase$$Lambda$509
instanceKlass org/apache/tomcat/util/http/CookieProcessorBase
instanceKlass org/apache/tomcat/util/http/RequestUtil
instanceKlass org/apache/catalina/webresources/TomcatURLStreamHandlerFactory
instanceKlass org/apache/catalina/WebResource
instanceKlass org/apache/catalina/webresources/Cache
instanceKlass org/apache/catalina/WebResourceSet
instanceKlass org/apache/catalina/core/ApplicationSessionCookieConfig
instanceKlass org/apache/catalina/core/ApplicationContextFacade
instanceKlass javax/servlet/FilterRegistration$Dynamic
instanceKlass javax/servlet/FilterRegistration
instanceKlass javax/servlet/RequestDispatcher
instanceKlass javax/servlet/SessionCookieConfig
instanceKlass org/apache/catalina/core/ApplicationContext
instanceKlass org/apache/catalina/util/ContextName
instanceKlass org/apache/catalina/core/ContainerBase$StartChild
instanceKlass org/apache/catalina/realm/X509SubjectDnRetriever
instanceKlass java/util/logging/LogRecord
instanceKlass org/apache/catalina/connector/CoyoteAdapter$$Lambda$508
instanceKlass org/apache/catalina/util/ServerInfo
instanceKlass org/apache/catalina/connector/CoyoteAdapter
instanceKlass org/apache/catalina/Executor
instanceKlass org/apache/catalina/mbeans/MBeanUtils
instanceKlass org/apache/catalina/mbeans/MBeanFactory
instanceKlass org/apache/tomcat/util/buf/StringCache
instanceKlass org/apache/tomcat/util/threads/ScheduledThreadPoolExecutor
instanceKlass java/util/concurrent/RunnableScheduledFuture
instanceKlass java/util/concurrent/ScheduledFuture
instanceKlass java/util/concurrent/Delayed
instanceKlass org/apache/tomcat/util/threads/TaskThreadFactory
instanceKlass com/sun/jmx/mbeanserver/Util
instanceKlass javax/management/ObjectName$Property
instanceKlass com/sun/jmx/mbeanserver/GetPropertyAction
instanceKlass org/springframework/boot/web/embedded/tomcat/TomcatWebServer$$Lambda$507
instanceKlass org/springframework/boot/autoconfigure/web/embedded/TomcatWebServerFactoryCustomizer$$Lambda$506
instanceKlass org/apache/tomcat/websocket/server/WsContextListener
instanceKlass javax/servlet/ServletContextListener
instanceKlass org/springframework/boot/web/embedded/tomcat/DisableReferenceClearingContextCustomizer
instanceKlass org/springframework/boot/web/embedded/tomcat/TomcatServletWebServerFactory$DisablePersistSessionListener
instanceKlass org/springframework/boot/web/embedded/tomcat/TomcatStarter
instanceKlass org/apache/catalina/core/StandardHost$MemoryLeakTrackingListener
instanceKlass org/springframework/boot/web/servlet/server/AbstractServletWebServerFactory$SessionConfiguringInitializer
instanceKlass org/springframework/boot/web/servlet/server/AbstractServletWebServerFactory$$Lambda$505
instanceKlass org/springframework/boot/web/embedded/tomcat/TomcatServletWebServerFactory$StaticResourceConfigurer
instanceKlass org/apache/catalina/core/StandardWrapperFacade
instanceKlass java/util/EventListenerProxy
instanceKlass org/apache/tomcat/util/security/PermissionCheck
instanceKlass org/apache/juli/WebappProperties
instanceKlass org/apache/tomcat/InstrumentableClassLoader
instanceKlass org/apache/tomcat/util/scan/StandardJarScanner
instanceKlass org/apache/tomcat/util/scan/StandardJarScanFilter
instanceKlass org/springframework/boot/web/embedded/tomcat/TomcatServletWebServerFactory$$Lambda$504
instanceKlass org/apache/catalina/util/CharsetMapper
instanceKlass org/apache/catalina/startup/Tomcat$FixContextListener
instanceKlass org/apache/catalina/util/URLEncoder
instanceKlass com/sun/jmx/remote/util/ClassLogger
instanceKlass javax/management/NotificationBroadcasterSupport$1
instanceKlass javax/management/NotificationBroadcasterSupport
instanceKlass org/apache/catalina/core/StandardContext$ContextFilterMaps
instanceKlass org/apache/catalina/util/ErrorPageSupport
instanceKlass org/apache/tomcat/util/descriptor/web/XmlEncodingBase
instanceKlass org/apache/tomcat/util/descriptor/web/ApplicationParameter
instanceKlass org/apache/catalina/core/StandardContext$1
instanceKlass org/apache/catalina/SessionIdGenerator
instanceKlass org/apache/tomcat/InstanceManager
instanceKlass org/apache/tomcat/JarScanner
instanceKlass org/apache/tomcat/util/http/CookieProcessor
instanceKlass org/apache/catalina/ThreadBindingListener
instanceKlass org/apache/catalina/Globals
instanceKlass org/apache/catalina/realm/RealmBase$AllRolesMode
instanceKlass org/apache/catalina/realm/DigestCredentialHandlerBase
instanceKlass org/apache/catalina/realm/X509UsernameRetriever
instanceKlass org/apache/catalina/CredentialHandler
instanceKlass org/apache/catalina/AccessLog
instanceKlass org/apache/catalina/Pipeline
instanceKlass org/apache/tomcat/util/threads/LimitLatch
instanceKlass org/springframework/boot/web/embedded/tomcat/CompressionConnectorCustomizer
instanceKlass org/apache/tomcat/util/net/SocketWrapperBase
instanceKlass org/apache/tomcat/util/net/SSLImplementation
instanceKlass org/apache/tomcat/util/buf/CharsetUtil
instanceKlass org/apache/tomcat/util/buf/CharsetCache
instanceKlass org/apache/tomcat/util/buf/B2CConverter
instanceKlass org/springframework/boot/web/embedded/tomcat/TomcatServletWebServerFactory$$Lambda$503
instanceKlass javax/management/ObjectName
instanceKlass javax/management/QueryExp
instanceKlass org/apache/tomcat/util/net/SSLHostConfig
instanceKlass org/apache/coyote/Response
instanceKlass org/apache/coyote/Request
instanceKlass org/apache/tomcat/util/XReflectionIntrospectionUtils
instanceKlass org/apache/tomcat/util/IntrospectionUtils
instanceKlass org/apache/catalina/ContainerListener
instanceKlass org/apache/catalina/mapper/Mapper$MapElement
instanceKlass org/apache/catalina/mapper/Mapper
instanceKlass org/apache/tomcat/util/file/ConfigFileLoader
instanceKlass org/apache/tomcat/util/file/ConfigurationSource$1
instanceKlass org/apache/catalina/startup/CatalinaBaseConfigurationSource
instanceKlass org/apache/tomcat/util/descriptor/web/ResourceBase
instanceKlass org/apache/tomcat/util/descriptor/web/Injectable
instanceKlass org/apache/tomcat/util/descriptor/web/NamingResources
instanceKlass java/beans/PropertyChangeListener
instanceKlass java/beans/ChangeListenerMap
instanceKlass java/beans/PropertyChangeSupport
instanceKlass org/apache/tomcat/util/collections/SynchronizedStack
instanceKlass javax/management/NotificationFilter
instanceKlass org/apache/tomcat/util/modeler/BaseModelMBean
instanceKlass javax/management/modelmbean/ModelMBeanNotificationBroadcaster
instanceKlass org/apache/coyote/AbstractProtocol$ConnectionHandler
instanceKlass org/apache/coyote/CompressionConfig
instanceKlass org/apache/tomcat/util/net/NioSelectorPool
instanceKlass org/apache/tomcat/util/net/SocketProperties
instanceKlass org/apache/tomcat/util/net/SocketProcessorBase
instanceKlass java/nio/channels/NetworkChannel
instanceKlass org/apache/tomcat/util/net/NioChannel
instanceKlass java/util/concurrent/ScheduledExecutorService
instanceKlass java/net/SocketAddress
instanceKlass org/apache/tomcat/util/net/AbstractEndpoint
instanceKlass org/apache/coyote/Processor
instanceKlass org/apache/tomcat/util/net/AbstractEndpoint$Handler
instanceKlass org/apache/tomcat/util/buf/UDecoder
instanceKlass org/apache/coyote/Adapter
instanceKlass java/io/DeleteOnExitHook$1
instanceKlass java/io/DeleteOnExitHook
instanceKlass sun/nio/fs/WindowsPath$1
instanceKlass sun/nio/fs/BasicFileAttributesHolder
instanceKlass sun/nio/fs/WindowsDirectoryStream$WindowsDirectoryIterator
instanceKlass sun/nio/fs/WindowsFileAttributes
instanceKlass java/nio/file/attribute/DosFileAttributes
instanceKlass java/nio/file/attribute/BasicFileAttributes
instanceKlass sun/nio/fs/WindowsDirectoryStream
instanceKlass java/nio/file/DirectoryStream
instanceKlass java/nio/file/Files$AcceptAllFilter
instanceKlass java/nio/file/DirectoryStream$Filter
instanceKlass sun/security/provider/SeedGenerator$1
instanceKlass sun/security/provider/SeedGenerator
instanceKlass sun/security/provider/SecureRandom$SeederHolder
instanceKlass java/security/SecureRandomSpi
instanceKlass java/nio/file/Paths
instanceKlass java/nio/file/TempFileHelper
instanceKlass org/apache/tomcat/util/ExceptionUtils
instanceKlass java/security/AlgorithmConstraints
instanceKlass javax/net/ssl/SSLParameters
instanceKlass org/apache/tomcat/util/compat/JreCompat
instanceKlass org/apache/catalina/Wrapper
instanceKlass org/apache/catalina/Realm
instanceKlass org/apache/catalina/Contained
instanceKlass org/apache/catalina/Service
instanceKlass org/apache/tomcat/util/file/ConfigurationSource
instanceKlass org/apache/catalina/Server
instanceKlass javax/management/MBeanFeatureInfo
instanceKlass javax/management/DescriptorRead
instanceKlass org/apache/tomcat/util/modeler/FeatureInfo
instanceKlass javax/management/DynamicMBean
instanceKlass org/apache/tomcat/util/modeler/NoDescriptorRegistry$NoJmxMBeanServer
instanceKlass org/apache/tomcat/util/modeler/ManagedBean
instanceKlass javax/management/MBeanServer
instanceKlass javax/management/MBeanServerConnection
instanceKlass org/apache/tomcat/util/modeler/Registry
instanceKlass org/apache/tomcat/util/modeler/RegistryMBean
instanceKlass org/springframework/boot/web/servlet/context/ServletWebServerApplicationContext$$Lambda$502
instanceKlass javax/servlet/ServletRegistration$Dynamic
instanceKlass org/springframework/boot/autoconfigure/web/servlet/MultipartProperties$$Lambda$501
instanceKlass org/springframework/boot/autoconfigure/web/servlet/MultipartProperties$$Lambda$500
instanceKlass org/springframework/boot/autoconfigure/web/servlet/MultipartProperties$$Lambda$499
instanceKlass org/springframework/boot/autoconfigure/web/servlet/MultipartProperties$$Lambda$498
instanceKlass org/springframework/boot/web/servlet/MultipartConfigFactory
instanceKlass org/springframework/boot/context/properties/bind/handler/NoUnboundElementsBindHandler$$Lambda$497
instanceKlass org/springframework/boot/convert/DataSizeUnit
instanceKlass org/springframework/boot/context/properties/source/UnboundElementsSourceFilter
instanceKlass org/springframework/boot/autoconfigure/web/servlet/DispatcherServletAutoConfiguration$DispatcherServletRegistrationConfiguration$$Lambda$496
instanceKlass javax/servlet/Registration$Dynamic
instanceKlass org/springframework/web/context/request/async/WebAsyncManager
instanceKlass org/springframework/web/context/request/AbstractRequestAttributes
instanceKlass org/springframework/web/servlet/ModelAndView
instanceKlass org/springframework/web/servlet/HandlerExecutionChain
instanceKlass org/springframework/web/servlet/FlashMapManager
instanceKlass org/springframework/web/servlet/RequestToViewNameTranslator
instanceKlass org/springframework/web/servlet/ThemeResolver
instanceKlass javax/servlet/http/HttpServletRequest
instanceKlass org/springframework/web/context/request/async/CallableProcessingInterceptor
instanceKlass org/springframework/context/i18n/LocaleContext
instanceKlass javax/servlet/http/HttpServletResponse
instanceKlass org/springframework/boot/autoconfigure/web/embedded/TomcatWebServerFactoryCustomizer$$Lambda$495
instanceKlass org/springframework/boot/autoconfigure/web/embedded/TomcatWebServerFactoryCustomizer$$Lambda$494
instanceKlass org/springframework/boot/autoconfigure/web/embedded/TomcatWebServerFactoryCustomizer$$Lambda$493
instanceKlass org/springframework/boot/autoconfigure/web/embedded/TomcatWebServerFactoryCustomizer$$Lambda$492
instanceKlass org/springframework/boot/autoconfigure/web/embedded/TomcatWebServerFactoryCustomizer$$Lambda$491
instanceKlass java/util/stream/Collectors$$Lambda$490
instanceKlass java/util/stream/Collectors$$Lambda$489
instanceKlass java/util/stream/Collectors$$Lambda$488
instanceKlass java/util/stream/Collectors$$Lambda$487
instanceKlass org/springframework/boot/autoconfigure/web/embedded/TomcatWebServerFactoryCustomizer$$Lambda$486
instanceKlass org/springframework/boot/autoconfigure/web/embedded/TomcatWebServerFactoryCustomizer$$Lambda$485
instanceKlass org/springframework/boot/context/properties/PropertyMapper$Source$$Lambda$484
instanceKlass org/springframework/boot/autoconfigure/web/embedded/TomcatWebServerFactoryCustomizer$$Lambda$483
instanceKlass org/springframework/boot/autoconfigure/web/embedded/TomcatWebServerFactoryCustomizer$$Lambda$482
instanceKlass org/springframework/boot/autoconfigure/web/embedded/TomcatWebServerFactoryCustomizer$$Lambda$481
instanceKlass org/springframework/boot/autoconfigure/web/embedded/TomcatWebServerFactoryCustomizer$$Lambda$480
instanceKlass org/springframework/boot/autoconfigure/web/embedded/TomcatWebServerFactoryCustomizer$$Lambda$479
instanceKlass org/springframework/boot/autoconfigure/web/embedded/TomcatWebServerFactoryCustomizer$$Lambda$478
instanceKlass org/springframework/boot/autoconfigure/web/embedded/TomcatWebServerFactoryCustomizer$$Lambda$477
instanceKlass org/springframework/boot/autoconfigure/web/embedded/TomcatWebServerFactoryCustomizer$$Lambda$476
instanceKlass org/springframework/boot/autoconfigure/web/embedded/TomcatWebServerFactoryCustomizer$$Lambda$475
instanceKlass org/springframework/boot/autoconfigure/web/embedded/TomcatWebServerFactoryCustomizer$$Lambda$474
instanceKlass org/springframework/boot/autoconfigure/web/embedded/TomcatWebServerFactoryCustomizer$$Lambda$473
instanceKlass org/springframework/boot/autoconfigure/web/embedded/TomcatWebServerFactoryCustomizer$$Lambda$472
instanceKlass org/springframework/boot/autoconfigure/web/embedded/TomcatWebServerFactoryCustomizer$$Lambda$471
instanceKlass org/springframework/boot/autoconfigure/web/embedded/TomcatWebServerFactoryCustomizer$$Lambda$470
instanceKlass org/springframework/boot/autoconfigure/web/embedded/TomcatWebServerFactoryCustomizer$$Lambda$469
instanceKlass org/springframework/boot/autoconfigure/web/embedded/TomcatWebServerFactoryCustomizer$$Lambda$468
instanceKlass org/springframework/boot/autoconfigure/web/embedded/TomcatWebServerFactoryCustomizer$$Lambda$467
instanceKlass org/springframework/boot/autoconfigure/web/embedded/TomcatWebServerFactoryCustomizer$$Lambda$466
instanceKlass org/springframework/boot/autoconfigure/web/embedded/TomcatWebServerFactoryCustomizer$$Lambda$465
instanceKlass org/springframework/boot/autoconfigure/web/embedded/TomcatWebServerFactoryCustomizer$$Lambda$464
instanceKlass org/springframework/boot/autoconfigure/web/embedded/TomcatWebServerFactoryCustomizer$$Lambda$463
instanceKlass org/springframework/boot/autoconfigure/web/embedded/TomcatWebServerFactoryCustomizer$$Lambda$462
instanceKlass org/springframework/boot/autoconfigure/web/embedded/TomcatWebServerFactoryCustomizer$$Lambda$461
instanceKlass org/springframework/boot/autoconfigure/web/embedded/TomcatWebServerFactoryCustomizer$$Lambda$460
instanceKlass org/springframework/boot/autoconfigure/web/embedded/TomcatWebServerFactoryCustomizer$$Lambda$459
instanceKlass org/springframework/boot/autoconfigure/web/embedded/TomcatWebServerFactoryCustomizer$$Lambda$458
instanceKlass org/springframework/boot/autoconfigure/web/embedded/TomcatWebServerFactoryCustomizer$$Lambda$457
instanceKlass org/springframework/boot/autoconfigure/web/embedded/TomcatWebServerFactoryCustomizer$$Lambda$456
instanceKlass org/springframework/boot/autoconfigure/web/embedded/TomcatWebServerFactoryCustomizer$$Lambda$455
instanceKlass org/springframework/boot/autoconfigure/web/embedded/TomcatWebServerFactoryCustomizer$$Lambda$454
instanceKlass org/springframework/boot/autoconfigure/web/embedded/TomcatWebServerFactoryCustomizer$$Lambda$453
instanceKlass org/springframework/boot/autoconfigure/web/embedded/TomcatWebServerFactoryCustomizer$$Lambda$452
instanceKlass org/springframework/boot/context/properties/PropertyMapper$Source$$Lambda$451
instanceKlass org/springframework/boot/autoconfigure/web/embedded/TomcatWebServerFactoryCustomizer$$Lambda$450
instanceKlass org/springframework/boot/autoconfigure/web/embedded/TomcatWebServerFactoryCustomizer$$Lambda$449
instanceKlass org/springframework/boot/autoconfigure/web/embedded/TomcatWebServerFactoryCustomizer$$Lambda$448
instanceKlass org/springframework/boot/autoconfigure/web/embedded/TomcatWebServerFactoryCustomizer$$Lambda$447
instanceKlass org/springframework/boot/autoconfigure/web/embedded/TomcatWebServerFactoryCustomizer$$Lambda$446
instanceKlass org/springframework/boot/autoconfigure/web/embedded/TomcatWebServerFactoryCustomizer$$Lambda$445
instanceKlass org/springframework/boot/autoconfigure/web/embedded/TomcatWebServerFactoryCustomizer$$Lambda$444
instanceKlass java/util/function/Predicate$$Lambda$443
instanceKlass org/springframework/boot/autoconfigure/web/embedded/TomcatWebServerFactoryCustomizer$$Lambda$442
instanceKlass java/lang/invoke/LambdaForm$DMH
instanceKlass org/springframework/boot/autoconfigure/web/embedded/TomcatWebServerFactoryCustomizer$$Lambda$441
instanceKlass org/springframework/boot/autoconfigure/web/embedded/TomcatWebServerFactoryCustomizer$$Lambda$440
instanceKlass org/springframework/boot/autoconfigure/web/embedded/TomcatWebServerFactoryCustomizer$$Lambda$439
instanceKlass org/springframework/boot/context/properties/PropertyMapper$Source$$Lambda$438
instanceKlass org/springframework/boot/context/properties/PropertyMapper$Source$$Lambda$437
instanceKlass org/springframework/boot/context/properties/PropertyMapper$Source$$Lambda$436
instanceKlass org/springframework/boot/autoconfigure/web/embedded/TomcatWebServerFactoryCustomizer$$Lambda$435
instanceKlass org/springframework/boot/autoconfigure/web/embedded/TomcatWebServerFactoryCustomizer$$Lambda$434
instanceKlass org/springframework/boot/autoconfigure/web/embedded/TomcatWebServerFactoryCustomizer$$Lambda$433
instanceKlass org/springframework/boot/autoconfigure/web/embedded/TomcatWebServerFactoryCustomizer$$Lambda$432
instanceKlass org/springframework/boot/autoconfigure/web/servlet/TomcatServletWebServerFactoryCustomizer$$Lambda$431
instanceKlass org/springframework/boot/autoconfigure/web/servlet/TomcatServletWebServerFactoryCustomizer$$Lambda$430
instanceKlass java/lang/invoke/LambdaForm$DMH
instanceKlass org/springframework/boot/autoconfigure/web/servlet/ServletWebServerFactoryCustomizer$$Lambda$429
instanceKlass org/springframework/boot/context/properties/PropertyMapper$$Lambda$428
instanceKlass org/springframework/boot/autoconfigure/web/servlet/ServletWebServerFactoryCustomizer$$Lambda$427
instanceKlass org/springframework/boot/autoconfigure/web/servlet/ServletWebServerFactoryCustomizer$$Lambda$426
instanceKlass org/springframework/boot/autoconfigure/web/servlet/ServletWebServerFactoryCustomizer$$Lambda$425
instanceKlass org/springframework/boot/autoconfigure/web/servlet/ServletWebServerFactoryCustomizer$$Lambda$424
instanceKlass org/springframework/boot/autoconfigure/web/servlet/ServletWebServerFactoryCustomizer$$Lambda$423
instanceKlass org/springframework/boot/autoconfigure/web/servlet/ServletWebServerFactoryCustomizer$$Lambda$422
instanceKlass org/springframework/boot/autoconfigure/web/servlet/ServletWebServerFactoryCustomizer$$Lambda$421
instanceKlass org/springframework/boot/autoconfigure/web/servlet/ServletWebServerFactoryCustomizer$$Lambda$420
instanceKlass org/springframework/boot/autoconfigure/web/servlet/ServletWebServerFactoryCustomizer$$Lambda$419
instanceKlass org/springframework/boot/autoconfigure/web/servlet/ServletWebServerFactoryCustomizer$$Lambda$418
instanceKlass org/springframework/boot/autoconfigure/web/servlet/ServletWebServerFactoryCustomizer$$Lambda$417
instanceKlass org/springframework/boot/autoconfigure/web/servlet/ServletWebServerFactoryCustomizer$$Lambda$416
instanceKlass org/springframework/boot/autoconfigure/web/servlet/ServletWebServerFactoryCustomizer$$Lambda$415
instanceKlass org/springframework/boot/autoconfigure/web/servlet/ServletWebServerFactoryCustomizer$$Lambda$414
instanceKlass org/springframework/boot/autoconfigure/web/servlet/ServletWebServerFactoryCustomizer$$Lambda$413
instanceKlass org/springframework/boot/autoconfigure/web/servlet/ServletWebServerFactoryCustomizer$$Lambda$412
instanceKlass org/springframework/boot/autoconfigure/web/servlet/ServletWebServerFactoryCustomizer$$Lambda$411
instanceKlass org/springframework/boot/autoconfigure/web/servlet/ServletWebServerFactoryCustomizer$$Lambda$410
instanceKlass org/springframework/boot/autoconfigure/web/servlet/ServletWebServerFactoryCustomizer$$Lambda$409
instanceKlass org/springframework/boot/autoconfigure/web/servlet/ServletWebServerFactoryCustomizer$$Lambda$408
instanceKlass org/springframework/boot/autoconfigure/web/servlet/ServletWebServerFactoryCustomizer$$Lambda$407
instanceKlass org/springframework/boot/autoconfigure/web/servlet/ServletWebServerFactoryCustomizer$$Lambda$406
instanceKlass org/springframework/boot/autoconfigure/web/servlet/ServletWebServerFactoryCustomizer$$Lambda$405
instanceKlass java/lang/invoke/LambdaForm$DMH
instanceKlass org/springframework/boot/context/properties/PropertyMapper$Source$$Lambda$404
instanceKlass org/springframework/boot/context/properties/PropertyMapper$NullPointerExceptionSafeSupplier
instanceKlass org/springframework/boot/context/properties/PropertyMapper$CachingSupplier
instanceKlass org/springframework/boot/autoconfigure/web/servlet/ServletWebServerFactoryCustomizer$$Lambda$403
instanceKlass org/springframework/boot/context/properties/PropertyMapper$$Lambda$402
instanceKlass org/springframework/boot/context/properties/PropertyMapper$SourceOperator
instanceKlass org/springframework/boot/context/properties/PropertyMapper$Source
instanceKlass org/springframework/boot/context/properties/PropertyMapper$$Lambda$401
instanceKlass org/springframework/boot/context/properties/PropertyMapper
instanceKlass org/springframework/boot/util/LambdaSafe$InvocationResult
instanceKlass org/springframework/boot/autoconfigure/websocket/servlet/TomcatWebSocketServletWebServerCustomizer$$Lambda$400
instanceKlass org/springframework/boot/util/LambdaSafe$Callbacks$$Lambda$399
instanceKlass org/springframework/boot/util/LambdaSafe$Callbacks$$Lambda$398
instanceKlass org/springframework/boot/web/server/WebServerFactoryCustomizerBeanPostProcessor$$Lambda$397
instanceKlass org/springframework/boot/util/LambdaSafe$GenericTypeFilter
instanceKlass org/springframework/boot/util/LambdaSafe$Filter
instanceKlass org/springframework/boot/util/LambdaSafe$LambdaSafeCallback
instanceKlass org/springframework/boot/util/LambdaSafe
instanceKlass org/springframework/boot/context/properties/NestedConfigurationProperty
instanceKlass org/springframework/boot/autoconfigure/web/ServerProperties$Undertow$Options
instanceKlass org/springframework/boot/autoconfigure/web/ServerProperties$Undertow$Threads
instanceKlass org/springframework/boot/autoconfigure/web/ServerProperties$Undertow$Accesslog
instanceKlass org/springframework/boot/autoconfigure/web/ServerProperties$Jetty$Threads
instanceKlass org/springframework/boot/autoconfigure/web/ServerProperties$Jetty$Accesslog
instanceKlass org/springframework/boot/autoconfigure/web/ServerProperties$Tomcat$Remoteip
instanceKlass org/springframework/boot/autoconfigure/web/ServerProperties$Tomcat$Mbeanregistry
instanceKlass org/springframework/boot/autoconfigure/web/ServerProperties$Tomcat$Resource
instanceKlass org/springframework/boot/autoconfigure/web/ServerProperties$Tomcat$Threads
instanceKlass org/springframework/boot/autoconfigure/web/ServerProperties$Tomcat$Accesslog
instanceKlass org/springframework/boot/web/servlet/server/Encoding
instanceKlass org/springframework/boot/autoconfigure/web/ErrorProperties$Whitelabel
instanceKlass org/springframework/boot/web/server/ErrorPage
instanceKlass org/springframework/boot/web/server/SslStoreProvider
instanceKlass org/springframework/boot/web/embedded/tomcat/TomcatWebServer
instanceKlass org/apache/coyote/AbstractProtocol
instanceKlass javax/management/NotificationEmitter
instanceKlass javax/management/NotificationBroadcaster
instanceKlass org/apache/coyote/ProtocolHandler
instanceKlass org/apache/catalina/util/LifecycleBase
instanceKlass org/apache/catalina/JmxEnabled
instanceKlass javax/management/MBeanRegistration
instanceKlass org/apache/catalina/Valve
instanceKlass org/apache/catalina/Engine
instanceKlass org/apache/catalina/Host
instanceKlass java/util/stream/SortedOps$RefSortingSink$$Lambda$396
instanceKlass java/util/stream/SortedOps
instanceKlass org/springframework/core/OrderComparator$$Lambda$395
instanceKlass org/springframework/beans/factory/support/DefaultListableBeanFactory$FactoryAwareOrderSourceProvider
instanceKlass org/springframework/beans/factory/support/DefaultListableBeanFactory$$Lambda$394
instanceKlass org/springframework/beans/factory/support/DefaultListableBeanFactory$$Lambda$393
instanceKlass org/springframework/beans/factory/support/DefaultListableBeanFactory$$Lambda$392
instanceKlass org/springframework/boot/web/embedded/tomcat/TldPatterns
instanceKlass java/lang/ClassLoaderHelper
instanceKlass org/apache/tomcat/jni/Library
instanceKlass org/apache/catalina/core/AprStatus
instanceKlass java/util/ResourceBundle$Control$1
instanceKlass org/apache/tomcat/util/res/StringManager
instanceKlass org/apache/juli/logging/DirectJDKLog
instanceKlass org/apache/juli/logging/Log
instanceKlass org/apache/juli/logging/LogFactory
instanceKlass org/apache/catalina/core/AprLifecycleListener
instanceKlass org/springframework/boot/web/servlet/server/StaticResourceJars
instanceKlass org/springframework/boot/web/servlet/server/DocumentRoot
instanceKlass org/springframework/boot/web/servlet/server/Jsp
instanceKlass org/springframework/boot/web/server/MimeMappings$Mapping
instanceKlass org/springframework/boot/web/server/MimeMappings
instanceKlass org/springframework/boot/web/servlet/server/SessionStoreDirectory
instanceKlass org/springframework/boot/web/servlet/server/Session$Cookie
instanceKlass org/springframework/boot/web/servlet/server/Session
instanceKlass org/apache/tomcat/JarScanFilter
instanceKlass org/apache/catalina/Manager
instanceKlass org/springframework/boot/web/server/WebServer
instanceKlass org/apache/catalina/Context
instanceKlass org/apache/tomcat/ContextBind
instanceKlass org/apache/catalina/Container
instanceKlass org/apache/catalina/Loader
instanceKlass org/apache/catalina/LifecycleListener
instanceKlass org/apache/catalina/WebResourceRoot
instanceKlass org/apache/catalina/Lifecycle
instanceKlass org/springframework/boot/web/embedded/tomcat/TomcatProtocolHandlerCustomizer
instanceKlass org/springframework/boot/web/embedded/tomcat/TomcatContextCustomizer
instanceKlass org/springframework/boot/web/embedded/tomcat/TomcatConnectorCustomizer
instanceKlass org/springframework/ui/context/Theme
instanceKlass org/springframework/ui/context/support/ResourceBundleThemeSource
instanceKlass org/springframework/ui/context/HierarchicalThemeSource
instanceKlass org/springframework/ui/context/support/UiApplicationContextUtils
instanceKlass org/springframework/security/access/prepost/PostAuthorize
instanceKlass org/springframework/security/access/prepost/PostFilter
instanceKlass org/springframework/core/annotation/AnnotationUtils$$Lambda$391
instanceKlass org/springframework/security/access/prepost/PreFilter
instanceKlass org/springframework/security/access/method/DelegatingMethodSecurityMetadataSource$DefaultCacheKey
instanceKlass org/springframework/data/projection/MethodInterceptorFactory
instanceKlass org/springframework/data/projection/ProjectionInformation
instanceKlass org/springframework/data/projection/ProxyProjectionFactory
instanceKlass org/springframework/data/projection/ProjectionFactory
instanceKlass org/springframework/validation/BindingResult
instanceKlass org/springframework/validation/Errors
instanceKlass org/springframework/web/method/annotation/ModelAttributeMethodProcessor
instanceKlass org/springframework/web/method/support/HandlerMethodReturnValueHandler
instanceKlass org/springframework/beans/factory/support/DefaultListableBeanFactory$DependencyObjectProvider
instanceKlass org/springframework/security/access/method/AbstractMethodSecurityMetadataSource
instanceKlass org/springframework/security/access/prepost/PostInvocationAttribute
instanceKlass org/springframework/security/access/prepost/PreInvocationAttribute
instanceKlass org/springframework/security/access/ConfigAttribute
instanceKlass org/springframework/security/access/expression/method/ExpressionBasedAnnotationAttributeFactory
instanceKlass org/springframework/security/access/hierarchicalroles/RoleHierarchy
instanceKlass org/springframework/security/access/PermissionCacheOptimizer
instanceKlass org/springframework/security/config/annotation/configuration/AutowireBeanFactoryObjectPostProcessor
instanceKlass org/springframework/core/MethodClassKey
instanceKlass org/springframework/aop/IntroductionAwareMethodMatcher
instanceKlass org/springframework/transaction/annotation/Transactional
instanceKlass org/springframework/transaction/interceptor/TransactionalProxy
instanceKlass org/springframework/security/core/parameters/AnnotationParameterNameDiscoverer$$Lambda$390
instanceKlass org/springframework/security/core/parameters/AnnotationParameterNameDiscoverer$$Lambda$389
instanceKlass org/springframework/security/core/parameters/AnnotationParameterNameDiscoverer$ParameterNameFactory
instanceKlass org/springframework/security/core/parameters/AnnotationParameterNameDiscoverer
instanceKlass org/springframework/security/core/parameters/P
instanceKlass org/springframework/data/repository/query/Param
instanceKlass org/springframework/security/authentication/AbstractAuthenticationToken
instanceKlass org/springframework/security/core/CredentialsContainer
instanceKlass org/springframework/security/core/Authentication
instanceKlass org/springframework/security/authentication/AuthenticationTrustResolverImpl
instanceKlass org/springframework/security/access/expression/DenyAllPermissionEvaluator
instanceKlass org/springframework/security/access/expression/method/MethodSecurityExpressionOperations
instanceKlass org/springframework/security/access/expression/SecurityExpressionOperations
instanceKlass org/springframework/security/access/PermissionEvaluator
instanceKlass org/springframework/security/access/expression/AbstractSecurityExpressionHandler
instanceKlass org/springframework/security/config/annotation/method/configuration/GlobalMethodSecurityConfiguration$1
instanceKlass org/springframework/aop/aspectj/AspectJPointcutAdvisor
instanceKlass org/springframework/transaction/interceptor/TransactionAttributeSourcePointcut$TransactionAttributeSourceClassFilter
instanceKlass org/springframework/aop/TrueClassFilter
instanceKlass org/springframework/aop/support/StaticMethodMatcher
instanceKlass org/springframework/transaction/interceptor/TransactionAspectSupport$ReactiveTransactionSupport
instanceKlass org/springframework/transaction/interceptor/TransactionAspectSupport$ThrowableHolder
instanceKlass org/springframework/transaction/interceptor/TransactionAspectSupport$InvocationCallback
instanceKlass org/springframework/transaction/TransactionStatus
instanceKlass org/springframework/transaction/SavepointManager
instanceKlass org/springframework/transaction/TransactionExecution
instanceKlass org/springframework/transaction/interceptor/TransactionAspectSupport$TransactionInfo
instanceKlass java/io/ObjectOutput
instanceKlass org/springframework/transaction/annotation/JtaTransactionAnnotationParser
instanceKlass org/springframework/transaction/annotation/SpringTransactionAnnotationParser
instanceKlass org/springframework/transaction/annotation/TransactionAnnotationParser
instanceKlass javax/transaction/Transactional
instanceKlass org/springframework/transaction/interceptor/TransactionAttribute
instanceKlass org/springframework/transaction/interceptor/AbstractFallbackTransactionAttributeSource
instanceKlass org/springframework/aop/IntroductionAdvisor
instanceKlass org/springframework/aop/IntroductionInfo
instanceKlass org/springframework/aop/aspectj/AspectJProxyUtils
instanceKlass org/springframework/aop/framework/autoproxy/ProxyCreationContext
instanceKlass org/springframework/core/annotation/AnnotationUtils$$Lambda$388
instanceKlass org/springframework/transaction/annotation/TransactionManagementConfigurer
instanceKlass com/netflix/appinfo/AbstractInstanceConfig
instanceKlass com/netflix/appinfo/RefreshableInstanceConfig
instanceKlass com/netflix/discovery/DefaultEurekaClientConfig
instanceKlass javax/inject/Scope
instanceKlass javax/inject/Singleton
instanceKlass com/netflix/discovery/DiscoveryClient
instanceKlass com/google/inject/ImplementedBy
instanceKlass org/aspectj/lang/annotation/Aspect
instanceKlass org/springframework/boot/autoconfigure/orm/jpa/DataSourceInitializedPublisher$DataSourceSchemaCreatedPublisher
instanceKlass org/springframework/dao/support/PersistenceExceptionTranslationInterceptor
instanceKlass java/util/concurrent/CopyOnWriteArrayList$1
instanceKlass org/springframework/aop/TruePointcut
instanceKlass org/springframework/validation/beanvalidation/MethodValidationInterceptor
instanceKlass org/springframework/aop/TrueMethodMatcher
instanceKlass org/springframework/aop/support/annotation/AnnotationClassFilter
instanceKlass org/springframework/aop/MethodMatcher
instanceKlass org/springframework/aop/ClassFilter
instanceKlass org/springframework/aop/support/annotation/AnnotationMatchingPointcut
instanceKlass org/springframework/aop/Advisor$1
instanceKlass javax/validation/metadata/BeanDescriptor
instanceKlass javax/validation/metadata/ElementDescriptor
instanceKlass org/aopalliance/intercept/MethodInvocation
instanceKlass org/aopalliance/intercept/Invocation
instanceKlass org/aopalliance/intercept/Joinpoint
instanceKlass org/springframework/aop/framework/JdkDynamicAopProxy
instanceKlass org/springframework/aop/framework/AopProxy
instanceKlass org/springframework/aop/framework/DefaultAopProxyFactory
instanceKlass org/springframework/aop/framework/DefaultAdvisorChainFactory
instanceKlass org/springframework/aop/target/EmptyTargetSource
instanceKlass org/springframework/aop/framework/AopProxyFactory
instanceKlass org/springframework/aop/framework/AdvisorChainFactory
instanceKlass org/springframework/context/annotation/ContextAnnotationAutowireCandidateResolver$1
instanceKlass org/springframework/core/annotation/TypeMappedAnnotation$$Lambda$387
instanceKlass org/springframework/data/jpa/repository/query/EscapeCharacter
instanceKlass java/lang/Class$EnclosingMethodInfo
instanceKlass org/springframework/asm/Handle
instanceKlass org/springframework/core/LocalVariableTableParameterNameDiscoverer$$Lambda$386
instanceKlass org/springframework/data/repository/query/QueryMethodEvaluationContextProvider
instanceKlass org/springframework/data/repository/core/RepositoryInformation
instanceKlass org/springframework/data/repository/core/EntityInformation
instanceKlass org/springframework/data/repository/core/EntityMetadata
instanceKlass org/springframework/data/repository/core/support/RepositoryComposition$RepositoryFragments
instanceKlass org/springframework/data/jpa/repository/query/JpaQueryMethodFactory
instanceKlass org/springframework/data/querydsl/EntityPathResolver
instanceKlass org/springframework/data/repository/core/support/RepositoryProxyPostProcessor
instanceKlass org/springframework/aop/aspectj/annotation/AbstractAspectJAdvisorFactory$AspectJAnnotationParameterNameDiscoverer
instanceKlass java/util/Comparator$$Lambda$385
instanceKlass org/springframework/util/comparator/ComparableComparator
instanceKlass org/springframework/util/comparator/Comparators
instanceKlass org/springframework/aop/aspectj/annotation/ReflectiveAspectJAdvisorFactory$$Lambda$384
instanceKlass org/springframework/aop/aspectj/annotation/ReflectiveAspectJAdvisorFactory$$Lambda$383
instanceKlass org/springframework/util/comparator/InstanceComparator
instanceKlass org/springframework/core/convert/converter/ConvertingComparator
instanceKlass org/aspectj/lang/annotation/AfterThrowing
instanceKlass org/aspectj/lang/annotation/AfterReturning
instanceKlass org/aspectj/lang/annotation/After
instanceKlass org/aspectj/lang/annotation/Before
instanceKlass org/aspectj/lang/annotation/Around
instanceKlass org/aspectj/lang/annotation/Pointcut
instanceKlass org/springframework/aop/AfterReturningAdvice
instanceKlass org/springframework/aop/AfterAdvice
instanceKlass org/springframework/aop/MethodBeforeAdvice
instanceKlass org/springframework/aop/BeforeAdvice
instanceKlass org/springframework/aop/aspectj/AbstractAspectJAdvice
instanceKlass org/springframework/aop/aspectj/AspectJPrecedenceInformation
instanceKlass org/springframework/aop/aspectj/annotation/MetadataAwareAspectInstanceFactory
instanceKlass org/springframework/aop/aspectj/AspectInstanceFactory
instanceKlass org/springframework/aop/aspectj/annotation/AbstractAspectJAdvisorFactory
instanceKlass org/springframework/core/convert/support/NumberToNumberConverterFactory$NumberToNumber
instanceKlass sun/reflect/generics/reflectiveObjects/GenericArrayTypeImpl
instanceKlass org/springframework/aop/framework/adapter/ThrowsAdviceAdapter
instanceKlass org/springframework/aop/framework/adapter/AfterReturningAdviceAdapter
instanceKlass org/springframework/aop/framework/adapter/MethodBeforeAdviceAdapter
instanceKlass org/springframework/aop/framework/adapter/AdvisorAdapter
instanceKlass org/springframework/aop/framework/adapter/DefaultAdvisorAdapterRegistry
instanceKlass org/springframework/aop/framework/adapter/GlobalAdvisorAdapterRegistry
instanceKlass org/springframework/aop/aspectj/autoproxy/AspectJPrecedenceComparator
instanceKlass org/springframework/aop/framework/adapter/AdvisorAdapterRegistry
instanceKlass org/springframework/aop/framework/autoproxy/TargetSourceCreator
instanceKlass org/springframework/aop/aspectj/annotation/BeanFactoryAspectJAdvisorsBuilder
instanceKlass org/springframework/aop/aspectj/annotation/AspectJAdvisorFactory
instanceKlass org/springframework/aop/framework/autoproxy/BeanFactoryAdvisorRetrievalHelper
instanceKlass org/springframework/security/converter/RsaKeyConverters$$Lambda$382
instanceKlass java/security/interfaces/RSAPublicKey
instanceKlass java/security/PublicKey
instanceKlass org/springframework/security/config/crypto/RsaKeyConversionServicePostProcessor$$Lambda$381
instanceKlass org/springframework/security/config/crypto/RsaKeyConversionServicePostProcessor$$Lambda$380
instanceKlass org/springframework/security/converter/RsaKeyConverters$$Lambda$379
instanceKlass java/security/interfaces/RSAPrivateKey
instanceKlass java/security/interfaces/RSAKey
instanceKlass java/security/PrivateKey
instanceKlass javax/security/auth/Destroyable
instanceKlass java/security/Key
instanceKlass java/security/spec/EncodedKeySpec
instanceKlass java/security/spec/RSAPrivateKeySpec
instanceKlass java/security/spec/RSAPublicKeySpec
instanceKlass java/security/KeyFactorySpi
instanceKlass sun/security/rsa/SunRsaSignEntries
instanceKlass sun/security/jca/ProviderList$ServiceList$1
instanceKlass java/security/KeyFactory
instanceKlass java/security/spec/KeySpec
instanceKlass org/springframework/security/converter/RsaKeyConverters
instanceKlass org/springframework/security/config/crypto/RsaKeyConversionServicePostProcessor$$Lambda$378
instanceKlass org/springframework/orm/jpa/SharedEntityManagerCreator
instanceKlass org/springframework/security/config/crypto/RsaKeyConversionServicePostProcessor
instanceKlass org/springframework/data/jpa/util/BeanDefinitionUtils$EntityManagerFactoryBeanDefinition
instanceKlass org/springframework/data/jpa/util/BeanDefinitionUtils
instanceKlass sun/security/provider/ByteArrayAccess
instanceKlass sun/security/jca/GetInstance$Instance
instanceKlass java/security/Provider$UString
instanceKlass java/security/Provider$Service
instanceKlass sun/security/provider/NativePRNG$NonBlocking
instanceKlass sun/security/provider/NativePRNG$Blocking
instanceKlass sun/security/provider/NativePRNG
instanceKlass sun/security/provider/SunEntries$1
instanceKlass sun/security/provider/SunEntries
instanceKlass sun/security/jca/ProviderConfig$2
instanceKlass sun/security/jca/ProviderList$2
instanceKlass sun/misc/FDBigInteger
instanceKlass sun/misc/FloatingDecimal$PreparedASCIIToBinaryBuffer
instanceKlass sun/misc/FloatingDecimal$ASCIIToBinaryConverter
instanceKlass sun/misc/FloatingDecimal$BinaryToASCIIBuffer
instanceKlass sun/misc/FloatingDecimal$ExceptionalBinaryToASCIIBuffer
instanceKlass sun/misc/FloatingDecimal$BinaryToASCIIConverter
instanceKlass sun/misc/FloatingDecimal
instanceKlass java/security/Provider$EngineDescription
instanceKlass java/security/Provider$ServiceKey
instanceKlass sun/security/jca/ProviderConfig
instanceKlass sun/security/jca/ProviderList
instanceKlass sun/security/jca/Providers
instanceKlass sun/security/jca/GetInstance
instanceKlass java/security/MessageDigestSpi
instanceKlass org/springframework/cglib/proxy/Enhancer$EnhancerFactoryData
instanceKlass org/springframework/cglib/proxy/MethodProxy$CreateInfo
instanceKlass org/springframework/cglib/proxy/MethodProxy
instanceKlass org/springframework/cglib/core/EmitUtils$6
instanceKlass java/util/DualPivotQuicksort
instanceKlass org/springframework/cglib/core/EmitUtils$5
instanceKlass org/springframework/cglib/proxy/MethodInterceptorGenerator$2
instanceKlass org/springframework/cglib/proxy/Enhancer$6
instanceKlass org/springframework/cglib/proxy/BridgeMethodResolver
instanceKlass org/springframework/cglib/core/MethodInfoTransformer
instanceKlass org/springframework/cglib/proxy/Enhancer$2
instanceKlass org/springframework/cglib/core/DuplicatesPredicate
instanceKlass org/springframework/cglib/core/RejectModifierPredicate
instanceKlass org/springframework/cglib/core/MethodWrapper$MethodWrapperKey
instanceKlass org/springframework/cglib/core/MethodWrapper
instanceKlass org/springframework/cglib/proxy/Factory
instanceKlass org/springframework/cglib/core/VisibilityPredicate
instanceKlass org/springframework/cglib/transform/TransformingClassGenerator
instanceKlass org/springframework/cglib/proxy/ProxyRefDispatcher
instanceKlass org/springframework/cglib/proxy/FixedValueGenerator
instanceKlass org/springframework/cglib/proxy/FixedValue
instanceKlass org/springframework/cglib/proxy/DispatcherGenerator
instanceKlass org/springframework/cglib/proxy/Dispatcher
instanceKlass org/springframework/cglib/proxy/LazyLoaderGenerator
instanceKlass org/springframework/cglib/proxy/LazyLoader
instanceKlass org/springframework/cglib/proxy/InvocationHandlerGenerator
instanceKlass org/springframework/cglib/proxy/InvocationHandler
instanceKlass org/springframework/cglib/proxy/MethodInterceptorGenerator$1
instanceKlass org/springframework/cglib/proxy/MethodInterceptorGenerator
instanceKlass org/springframework/cglib/proxy/NoOpGenerator
instanceKlass org/springframework/cglib/proxy/CallbackGenerator
instanceKlass org/springframework/cglib/proxy/CallbackInfo
instanceKlass org/springframework/cglib/core/ClassNameReader
instanceKlass org/springframework/cglib/core/DebuggingClassWriter$1
instanceKlass org/springframework/asm/Handler
instanceKlass org/springframework/cglib/core/EmitUtils$9
instanceKlass org/springframework/cglib/core/EmitUtils$8
instanceKlass org/springframework/cglib/core/Local
instanceKlass org/springframework/cglib/core/EmitUtils$7
instanceKlass org/springframework/asm/Edge
instanceKlass org/springframework/cglib/core/ClassEmitter$FieldInfo
instanceKlass org/springframework/cglib/core/LocalVariablesSorter$State
instanceKlass org/springframework/asm/Frame
instanceKlass org/springframework/cglib/core/EmitUtils$ArrayDelimiters
instanceKlass org/springframework/cglib/core/EmitUtils$ParameterTyper
instanceKlass org/springframework/asm/Label
instanceKlass org/springframework/cglib/core/ProcessArrayCallback
instanceKlass org/springframework/cglib/core/EmitUtils
instanceKlass org/springframework/cglib/core/ReflectUtils$4
instanceKlass org/springframework/cglib/core/ReflectUtils$5
instanceKlass java/lang/AssertionStatusDirectives
instanceKlass org/springframework/cglib/core/ReflectUtils$3
instanceKlass org/springframework/cglib/core/ReflectUtils$2
instanceKlass org/springframework/cglib/core/ReflectUtils$1
instanceKlass org/springframework/cglib/core/MethodInfo
instanceKlass org/springframework/cglib/core/ReflectUtils
instanceKlass org/springframework/cglib/core/ClassInfo
instanceKlass org/springframework/asm/ByteVector
instanceKlass org/springframework/asm/Symbol
instanceKlass org/springframework/asm/SymbolTable
instanceKlass org/springframework/asm/ModuleVisitor
instanceKlass org/springframework/asm/RecordComponentVisitor
instanceKlass org/springframework/asm/FieldVisitor
instanceKlass org/springframework/cglib/core/AsmApi
instanceKlass org/springframework/cglib/core/Constants
instanceKlass org/springframework/cglib/core/internal/LoadingCache$2
instanceKlass org/springframework/cglib/core/internal/LoadingCache$1
instanceKlass org/springframework/cglib/core/internal/LoadingCache
instanceKlass org/springframework/cglib/core/AbstractClassGenerator$ClassLoaderData$3
instanceKlass org/springframework/cglib/core/AbstractClassGenerator$ClassLoaderData$1
instanceKlass org/springframework/cglib/core/AbstractClassGenerator$ClassLoaderData$2
instanceKlass org/springframework/cglib/core/internal/Function
instanceKlass org/springframework/cglib/core/AbstractClassGenerator$ClassLoaderData
instanceKlass org/springframework/cglib/core/internal/CustomizerRegistry
instanceKlass org/springframework/cglib/core/DefaultNamingPolicy
instanceKlass org/springframework/cglib/core/DefaultGeneratorStrategy
instanceKlass org/springframework/cglib/core/KeyFactory$4
instanceKlass org/springframework/cglib/core/KeyFactory$3
instanceKlass org/springframework/cglib/core/KeyFactory$2
instanceKlass org/springframework/cglib/core/KeyFactory$1
instanceKlass org/springframework/cglib/core/Signature
instanceKlass org/springframework/cglib/core/CollectionUtils
instanceKlass org/springframework/cglib/core/TypeUtils
instanceKlass org/springframework/cglib/core/HashCodeCustomizer
instanceKlass org/springframework/cglib/core/FieldTypeCustomizer
instanceKlass org/springframework/cglib/core/Customizer
instanceKlass org/springframework/cglib/core/KeyFactory
instanceKlass org/springframework/cglib/proxy/Enhancer$EnhancerKey
instanceKlass org/springframework/cglib/core/AbstractClassGenerator$Source
instanceKlass org/springframework/cglib/proxy/Enhancer$1
instanceKlass org/springframework/cglib/core/ProcessSwitchCallback
instanceKlass org/springframework/cglib/proxy/CallbackGenerator$Context
instanceKlass org/springframework/cglib/core/Transformer
instanceKlass org/springframework/cglib/core/ObjectSwitchCallback
instanceKlass org/springframework/cglib/core/Predicate
instanceKlass org/springframework/cglib/core/KeyFactoryCustomizer
instanceKlass org/springframework/cglib/core/AbstractClassGenerator
instanceKlass org/springframework/cglib/core/ClassGenerator
instanceKlass org/springframework/objenesis/instantiator/ObjectInstantiator
instanceKlass org/springframework/objenesis/strategy/BaseInstantiatorStrategy
instanceKlass org/springframework/objenesis/strategy/InstantiatorStrategy
instanceKlass org/springframework/objenesis/SpringObjenesis
instanceKlass org/springframework/objenesis/Objenesis
instanceKlass org/springframework/context/annotation/ConfigurationClassEnhancer$ConditionalCallbackFilter
instanceKlass org/springframework/cglib/proxy/NoOp$1
instanceKlass org/springframework/cglib/proxy/NoOp
instanceKlass org/springframework/context/annotation/ConfigurationClassEnhancer$BeanFactoryAwareMethodInterceptor
instanceKlass org/springframework/context/annotation/ConfigurationClassEnhancer$BeanMethodInterceptor
instanceKlass org/springframework/context/annotation/ConfigurationClassEnhancer$ConditionalCallback
instanceKlass org/springframework/cglib/proxy/MethodInterceptor
instanceKlass org/springframework/cglib/proxy/Callback
instanceKlass org/springframework/cglib/proxy/CallbackFilter
instanceKlass org/springframework/cglib/core/GeneratorStrategy
instanceKlass org/springframework/cglib/core/NamingPolicy
instanceKlass org/springframework/context/annotation/ConfigurationClassEnhancer
instanceKlass org/springframework/cloud/context/scope/StandardScopeCache
instanceKlass org/springframework/cloud/context/scope/GenericScope$BeanLifecycleWrapperCache
instanceKlass org/springframework/cloud/context/scope/ScopeCache
instanceKlass org/springframework/cloud/netflix/ribbon/eureka/RibbonEurekaAutoConfiguration
instanceKlass org/springframework/cloud/client/loadbalancer/LoadBalancerRetryProperties$Backoff
instanceKlass org/springframework/cloud/client/loadbalancer/reactive/LoadBalancerProperties$HealthCheck
instanceKlass org/springframework/boot/autoconfigure/task/TaskSchedulingProperties$Shutdown
instanceKlass org/springframework/boot/autoconfigure/task/TaskSchedulingProperties$Pool
instanceKlass org/springframework/boot/autoconfigure/security/SecurityProperties$User
instanceKlass org/springframework/boot/autoconfigure/security/SecurityProperties$Filter
instanceKlass org/springframework/boot/autoconfigure/jdbc/JdbcProperties$Template
instanceKlass org/springframework/boot/autoconfigure/info/ProjectInfoProperties$Git
instanceKlass org/springframework/boot/autoconfigure/info/ProjectInfoProperties$Build
instanceKlass org/springframework/boot/autoconfigure/data/web/SpringDataWebProperties$Pageable
instanceKlass org/springframework/boot/autoconfigure/data/web/SpringDataWebProperties$Sort
instanceKlass com/google/gson/FieldNamingStrategy
instanceKlass org/springframework/data/keyvalue/core/KeyValueCallback
instanceKlass org/springframework/data/keyvalue/core/IdentifierGenerator
instanceKlass org/springframework/data/redis/core/RedisKeyValueAdapter$RedisUpdateObject
instanceKlass org/springframework/data/redis/core/TimeToLive
instanceKlass org/springframework/data/util/CloseableIterator
instanceKlass org/springframework/data/redis/core/RedisCallback
instanceKlass org/springframework/data/keyvalue/core/QueryEngine
instanceKlass org/springframework/data/mapping/Association
instanceKlass org/springframework/data/redis/core/PartialUpdate$PropertyUpdate
instanceKlass org/springframework/data/redis/core/PartialUpdate
instanceKlass org/springframework/data/mapping/PersistentPropertyAccessor
instanceKlass org/springframework/data/redis/core/convert/Bucket
instanceKlass org/springframework/data/redis/core/convert/RedisData
instanceKlass org/springframework/data/mapping/model/ParameterValueProvider
instanceKlass org/springframework/data/mapping/model/PropertyValueProvider
instanceKlass org/springframework/data/redis/core/convert/IndexResolver
instanceKlass org/springframework/data/redis/core/convert/RedisTypeMapper
instanceKlass org/springframework/data/convert/TypeMapper
instanceKlass org/springframework/data/mapping/model/SimpleTypeHolder
instanceKlass org/springframework/data/mapping/model/Property
instanceKlass org/springframework/data/redis/core/mapping/RedisPersistentEntity
instanceKlass org/springframework/data/mapping/model/AbstractPersistentProperty
instanceKlass org/springframework/data/redis/core/TimeToLiveAccessor
instanceKlass org/springframework/data/keyvalue/core/mapping/KeySpaceResolver
instanceKlass org/springframework/data/keyvalue/core/mapping/KeyValuePersistentEntity
instanceKlass org/springframework/data/mapping/model/MutablePersistentEntity
instanceKlass org/springframework/data/mapping/PersistentProperty
instanceKlass org/springframework/data/mapping/PersistentEntity
instanceKlass org/springframework/data/spel/EvaluationContextProvider
instanceKlass org/springframework/data/mapping/model/PersistentPropertyAccessorFactory
instanceKlass javax/persistence/PersistenceContexts
instanceKlass javax/persistence/PersistenceProperty
instanceKlass org/springframework/boot/autoconfigure/data/redis/RedisProperties$Cluster
instanceKlass org/springframework/boot/autoconfigure/data/redis/RedisProperties$Jedis
instanceKlass org/springframework/boot/autoconfigure/data/redis/RedisProperties$Lettuce
instanceKlass org/springframework/boot/autoconfigure/orm/jpa/HibernateProperties$Naming
instanceKlass org/springframework/boot/autoconfigure/orm/jpa/HibernatePropertiesCustomizer
instanceKlass org/springframework/boot/autoconfigure/orm/jpa/HibernateSettings
instanceKlass org/springframework/boot/autoconfigure/jdbc/DataSourceProperties$Xa
instanceKlass org/springframework/boot/autoconfigure/web/ResourceProperties$Cache
instanceKlass org/springframework/boot/autoconfigure/task/TaskExecutionProperties$Shutdown
instanceKlass org/springframework/boot/autoconfigure/task/TaskExecutionProperties$Pool
instanceKlass org/springframework/boot/context/properties/DeprecatedConfigurationProperty
instanceKlass org/springframework/boot/autoconfigure/web/servlet/WebMvcProperties$Contentnegotiation
instanceKlass org/springframework/boot/autoconfigure/web/servlet/WebMvcProperties$Pathmatch
instanceKlass org/springframework/boot/autoconfigure/web/servlet/WebMvcProperties$Async
instanceKlass org/springframework/boot/autoconfigure/web/servlet/WebMvcProperties$Servlet
instanceKlass org/springframework/boot/autoconfigure/web/servlet/WebMvcProperties$View
instanceKlass org/springframework/boot/autoconfigure/web/servlet/WebMvcProperties$Format
instanceKlass org/springframework/boot/web/server/Compression
instanceKlass org/springframework/boot/autoconfigure/web/ServerProperties$Netty
instanceKlass org/springframework/boot/autoconfigure/web/ServerProperties$Tomcat
instanceKlass org/springframework/boot/autoconfigure/web/ErrorProperties
instanceKlass org/springframework/boot/web/server/Http2
instanceKlass org/springframework/boot/web/server/Ssl
instanceKlass org/springframework/boot/autoconfigure/web/ServerProperties$Undertow
instanceKlass org/springframework/boot/autoconfigure/web/ServerProperties$Jetty
instanceKlass org/springframework/boot/autoconfigure/web/ServerProperties$Servlet
instanceKlass java/io/ObjectStreamConstants
instanceKlass java/io/ObjectInput
instanceKlass org/springframework/aop/Pointcut
instanceKlass org/springframework/cloud/netflix/ribbon/eureka/EurekaRibbonClientConfiguration
instanceKlass com/netflix/loadbalancer/AbstractServerList
instanceKlass com/netflix/client/IClientConfigAware
instanceKlass com/netflix/loadbalancer/ServerList
instanceKlass org/springframework/cloud/netflix/hystrix/ReactiveHystrixCircuitBreakerAutoConfiguration
instanceKlass org/springframework/cloud/client/circuitbreaker/Customizer
instanceKlass org/springframework/cloud/netflix/hystrix/HystrixCircuitBreakerAutoConfiguration
instanceKlass org/springframework/cloud/client/circuitbreaker/AbstractCircuitBreakerFactory
instanceKlass org/springframework/cloud/netflix/eureka/loadbalancer/LoadBalancerEurekaAutoConfiguration
instanceKlass org/springframework/cloud/configuration/CompositeCompatibilityVerifier
instanceKlass org/springframework/cloud/configuration/SpringBootVersionVerifier
instanceKlass org/springframework/cloud/configuration/CompatibilityVerifier
instanceKlass org/springframework/cloud/configuration/CompatibilityVerifierAutoConfiguration
instanceKlass org/springframework/cloud/netflix/eureka/loadbalancer/EurekaLoadBalancerProperties
instanceKlass org/springframework/cloud/netflix/eureka/loadbalancer/EurekaLoadBalancerClientConfiguration
instanceKlass org/springframework/cloud/configuration/CompatibilityVerifierProperties
instanceKlass org/springframework/cloud/commons/util/UtilAutoConfiguration
instanceKlass org/springframework/cloud/commons/httpclient/HttpClientConfiguration
instanceKlass org/springframework/cloud/commons/httpclient/ApacheHttpClientFactory
instanceKlass org/apache/http/impl/client/HttpClientBuilder
instanceKlass org/springframework/cloud/commons/httpclient/HttpClientConfiguration$ApacheHttpClientConfiguration
instanceKlass org/springframework/cloud/commons/httpclient/ApacheHttpClientConnectionManagerFactory
instanceKlass org/springframework/cloud/client/loadbalancer/LoadBalancerRetryProperties
instanceKlass org/springframework/cloud/client/loadbalancer/LoadBalancerInterceptor
instanceKlass org/springframework/http/client/ClientHttpRequestInterceptor
instanceKlass org/springframework/cloud/client/loadbalancer/LoadBalancerRequestFactory
instanceKlass org/springframework/cloud/client/loadbalancer/LoadBalancerAutoConfiguration$LoadBalancerInterceptorConfig
instanceKlass org/springframework/cloud/client/loadbalancer/RestTemplateCustomizer
instanceKlass org/springframework/cloud/client/loadbalancer/AsyncLoadBalancerAutoConfiguration$AsyncRestTemplateCustomizerConfig
instanceKlass org/springframework/cloud/client/loadbalancer/AsyncLoadBalancerInterceptor
instanceKlass org/springframework/http/client/AsyncClientHttpRequestInterceptor
instanceKlass org/springframework/cloud/client/loadbalancer/AsyncRestTemplateCustomizer
instanceKlass org/springframework/cloud/client/loadbalancer/AsyncLoadBalancerAutoConfiguration$LoadBalancerInterceptorConfig
instanceKlass org/springframework/cloud/loadbalancer/config/BlockingLoadBalancerClientAutoConfiguration$BlockingLoadBalancerClientRibbonWarnLogger
instanceKlass org/springframework/cloud/loadbalancer/config/BlockingLoadBalancerClientAutoConfiguration
instanceKlass org/springframework/cloud/netflix/ribbon/RibbonLoadBalancerClient
instanceKlass org/springframework/cloud/loadbalancer/annotation/LoadBalancerClientSpecification
instanceKlass org/springframework/cloud/client/loadbalancer/reactive/ReactiveLoadBalancer$Factory
instanceKlass org/springframework/cloud/loadbalancer/config/LoadBalancerAutoConfiguration
instanceKlass org/springframework/cloud/loadbalancer/config/LoadBalancerZoneConfig
instanceKlass org/springframework/cloud/client/loadbalancer/reactive/ReactiveLoadBalancerAutoConfiguration
instanceKlass org/springframework/cloud/client/loadbalancer/reactive/LoadBalancerBeanPostProcessorAutoConfiguration
instanceKlass org/springframework/cloud/client/loadbalancer/reactive/ReactorLoadBalancerClientAutoConfiguration
instanceKlass org/springframework/cloud/client/loadbalancer/reactive/LoadBalancerProperties
instanceKlass org/springframework/cloud/netflix/ribbon/RibbonClientSpecification
instanceKlass org/springframework/cloud/context/named/NamedContextFactory$Specification
instanceKlass org/springframework/cloud/netflix/ribbon/RibbonApplicationContextInitializer
instanceKlass org/springframework/cloud/netflix/ribbon/PropertiesFactory
instanceKlass org/springframework/cloud/client/loadbalancer/LoadBalancedRetryFactory
instanceKlass org/springframework/cloud/client/loadbalancer/LoadBalancerClient
instanceKlass org/springframework/cloud/client/loadbalancer/ServiceInstanceChooser
instanceKlass org/springframework/cloud/netflix/ribbon/RibbonAutoConfiguration
instanceKlass org/springframework/cloud/context/named/NamedContextFactory
instanceKlass org/springframework/cloud/netflix/ribbon/ServerIntrospectorProperties
instanceKlass org/springframework/cloud/netflix/ribbon/RibbonEagerLoadProperties
instanceKlass org/springframework/cloud/client/loadbalancer/AsyncLoadBalancerAutoConfiguration
instanceKlass org/springframework/cloud/client/loadbalancer/LoadBalancerAutoConfiguration
instanceKlass org/springframework/cloud/client/hypermedia/RemoteResource
instanceKlass org/springframework/cloud/client/ReactiveCommonsClientAutoConfiguration
instanceKlass org/springframework/cloud/netflix/eureka/metadata/ManagementMetadata
instanceKlass org/springframework/cloud/netflix/eureka/serviceregistry/EurekaAutoServiceRegistration
instanceKlass org/springframework/context/SmartLifecycle
instanceKlass org/springframework/context/Phased
instanceKlass org/springframework/cloud/client/serviceregistry/AutoServiceRegistration
instanceKlass org/springframework/cloud/netflix/eureka/EurekaClientConfigBean
instanceKlass org/springframework/cloud/netflix/eureka/serviceregistry/EurekaServiceRegistry
instanceKlass org/springframework/cloud/client/serviceregistry/ServiceRegistry
instanceKlass org/springframework/cloud/netflix/eureka/EurekaInstanceConfigBean
instanceKlass org/springframework/cloud/client/actuator/HasFeatures
instanceKlass org/springframework/cloud/netflix/eureka/metadata/ManagementMetadataProvider
instanceKlass org/springframework/cloud/netflix/eureka/EurekaClientAutoConfiguration
instanceKlass org/springframework/cloud/client/serviceregistry/ServiceRegistryAutoConfiguration
instanceKlass org/springframework/cloud/netflix/eureka/serviceregistry/EurekaRegistration
instanceKlass org/springframework/cloud/client/serviceregistry/Registration
instanceKlass org/springframework/cloud/client/ServiceInstance
instanceKlass org/springframework/cloud/netflix/eureka/CloudEurekaInstanceConfig
instanceKlass com/netflix/appinfo/HealthCheckHandler
instanceKlass com/netflix/appinfo/EurekaInstanceConfig
instanceKlass com/netflix/appinfo/ApplicationInfoManager
instanceKlass org/springframework/context/annotation/ScopedProxyCreator
instanceKlass org/springframework/cloud/netflix/eureka/EurekaClientAutoConfiguration$RefreshableEurekaClientConfiguration
instanceKlass org/springframework/cloud/client/serviceregistry/AutoServiceRegistrationAutoConfiguration
instanceKlass org/springframework/cloud/netflix/eureka/EurekaDiscoveryClientConfiguration$Marker
instanceKlass org/springframework/cloud/netflix/eureka/EurekaDiscoveryClientConfiguration
instanceKlass org/springframework/cloud/netflix/eureka/EurekaDiscoveryClientConfiguration$EurekaClientConfigurationRefresher
instanceKlass org/springframework/cloud/netflix/eureka/EurekaDiscoveryClient
instanceKlass org/springframework/cloud/configuration/TlsProperties
instanceKlass org/springframework/cloud/netflix/eureka/config/DiscoveryClientOptionalArgsConfiguration
instanceKlass com/netflix/discovery/AbstractDiscoveryClientOptionalArgs
instanceKlass org/springframework/cloud/client/discovery/composite/CompositeDiscoveryClient
instanceKlass org/springframework/cloud/client/discovery/DiscoveryClient
instanceKlass org/springframework/cloud/client/discovery/composite/CompositeDiscoveryClientAutoConfiguration
instanceKlass org/springframework/cloud/client/discovery/simple/SimpleDiscoveryProperties
instanceKlass org/springframework/cloud/client/CommonsClientAutoConfiguration
instanceKlass org/springframework/cloud/client/discovery/noop/NoopDiscoveryClientAutoConfiguration
instanceKlass org/springframework/cloud/client/discovery/simple/SimpleDiscoveryClientAutoConfiguration
instanceKlass org/springframework/cloud/autoconfigure/LifecycleMvcEndpointAutoConfiguration
instanceKlass org/springframework/cloud/context/environment/EnvironmentManager
instanceKlass org/springframework/web/multipart/commons/CommonsFileUploadSupport
instanceKlass org/springframework/boot/autoconfigure/web/servlet/MultipartAutoConfiguration
instanceKlass org/springframework/boot/autoconfigure/web/servlet/HttpEncodingAutoConfiguration$LocaleCharsetMappingsCustomizer
instanceKlass org/springframework/boot/autoconfigure/web/servlet/MultipartProperties
instanceKlass org/springframework/boot/autoconfigure/web/servlet/HttpEncodingAutoConfiguration
instanceKlass org/springframework/boot/autoconfigure/web/embedded/EmbeddedWebServerFactoryCustomizerAutoConfiguration
instanceKlass org/springframework/boot/autoconfigure/web/embedded/TomcatWebServerFactoryCustomizer
instanceKlass org/springframework/boot/autoconfigure/web/embedded/EmbeddedWebServerFactoryCustomizerAutoConfiguration$TomcatWebServerFactoryCustomizerConfiguration
instanceKlass org/springframework/boot/autoconfigure/web/client/RestTemplateAutoConfiguration
instanceKlass org/springframework/boot/web/client/RestTemplateBuilder
instanceKlass org/springframework/transaction/reactive/TransactionalOperator
instanceKlass org/springframework/transaction/ReactiveTransactionManager
instanceKlass org/springframework/boot/autoconfigure/transaction/TransactionAutoConfiguration
instanceKlass org/springframework/transaction/support/DefaultTransactionDefinition
instanceKlass org/springframework/transaction/TransactionDefinition
instanceKlass org/springframework/boot/autoconfigure/transaction/TransactionProperties
instanceKlass org/springframework/boot/autoconfigure/transaction/PlatformTransactionManagerCustomizer
instanceKlass org/springframework/boot/autoconfigure/data/neo4j/Neo4jDataAutoConfiguration
instanceKlass org/springframework/boot/autoconfigure/transaction/TransactionAutoConfiguration$TransactionTemplateConfiguration
instanceKlass org/springframework/transaction/support/TransactionOperations
instanceKlass org/springframework/boot/autoconfigure/transaction/TransactionAutoConfiguration$EnableTransactionManagementConfiguration
instanceKlass org/springframework/boot/autoconfigure/transaction/TransactionAutoConfiguration$EnableTransactionManagementConfiguration$CglibAutoProxyConfiguration
instanceKlass org/springframework/transaction/event/TransactionalEventListenerFactory
instanceKlass org/springframework/transaction/interceptor/TransactionAspectSupport
instanceKlass org/springframework/transaction/interceptor/TransactionAttributeSource
instanceKlass org/springframework/boot/autoconfigure/jdbc/DataSourceTransactionManagerAutoConfiguration
instanceKlass org/springframework/boot/autoconfigure/jdbc/DataSourceTransactionManagerAutoConfiguration$DataSourceTransactionManagerConfiguration
instanceKlass org/springframework/boot/autoconfigure/task/TaskSchedulingAutoConfiguration
instanceKlass org/springframework/boot/task/TaskSchedulerBuilder
instanceKlass org/springframework/boot/autoconfigure/task/TaskSchedulingProperties
instanceKlass org/springframework/security/authentication/AuthenticationProvider
instanceKlass org/springframework/boot/autoconfigure/security/servlet/SecurityFilterAutoConfiguration
instanceKlass org/springframework/boot/autoconfigure/security/servlet/SecurityAutoConfiguration
instanceKlass org/springframework/boot/autoconfigure/security/SecurityDataConfiguration
instanceKlass org/springframework/boot/autoconfigure/security/servlet/WebSecurityEnablerConfiguration
instanceKlass org/springframework/boot/autoconfigure/security/servlet/SpringBootWebSecurityConfiguration
instanceKlass org/springframework/boot/autoconfigure/security/SecurityProperties
instanceKlass org/springframework/boot/autoconfigure/jdbc/JdbcTemplateAutoConfiguration
instanceKlass org/springframework/jdbc/core/namedparam/NamedParameterJdbcTemplate
instanceKlass org/springframework/boot/autoconfigure/jdbc/NamedParameterJdbcTemplateConfiguration
instanceKlass org/springframework/jdbc/core/namedparam/NamedParameterJdbcOperations
instanceKlass org/springframework/boot/autoconfigure/jdbc/JdbcProperties
instanceKlass org/springframework/boot/autoconfigure/jdbc/JdbcTemplateConfiguration
instanceKlass org/springframework/boot/autoconfigure/info/ProjectInfoAutoConfiguration
instanceKlass org/springframework/boot/autoconfigure/info/ProjectInfoProperties
instanceKlass org/springframework/boot/autoconfigure/data/web/SpringDataWebAutoConfiguration
instanceKlass org/springframework/data/web/config/SpringDataJacksonConfiguration
instanceKlass org/springframework/data/web/config/SortHandlerMethodArgumentResolverCustomizer
instanceKlass org/springframework/data/web/SortHandlerMethodArgumentResolverSupport
instanceKlass org/springframework/data/web/SortArgumentResolver
instanceKlass org/springframework/data/web/config/ProjectingArgumentResolverRegistrar$ProjectingArgumentResolverBeanPostProcessor
instanceKlass org/springframework/data/web/config/PageableHandlerMethodArgumentResolverCustomizer
instanceKlass org/springframework/boot/autoconfigure/data/rest/RepositoryRestMvcAutoConfiguration
instanceKlass org/springframework/boot/autoconfigure/data/web/SpringDataWebProperties
instanceKlass org/springframework/boot/autoconfigure/http/HttpMessageConvertersAutoConfiguration
instanceKlass org/springframework/boot/autoconfigure/http/JsonbHttpMessageConvertersConfiguration
instanceKlass org/springframework/boot/autoconfigure/http/GsonHttpMessageConvertersConfiguration
instanceKlass org/springframework/boot/autoconfigure/jsonb/JsonbAutoConfiguration
instanceKlass org/springframework/boot/autoconfigure/http/JacksonHttpMessageConvertersConfiguration
instanceKlass org/springframework/boot/autoconfigure/http/JacksonHttpMessageConvertersConfiguration$MappingJackson2HttpMessageConverterConfiguration
instanceKlass org/springframework/boot/autoconfigure/http/HttpMessageConvertersAutoConfiguration$StringHttpMessageConverterConfiguration
instanceKlass org/springframework/boot/autoconfigure/jackson/JacksonAutoConfiguration
instanceKlass org/springframework/boot/autoconfigure/jackson/JacksonAutoConfiguration$JacksonObjectMapperConfiguration
instanceKlass org/springframework/boot/autoconfigure/jackson/JacksonAutoConfiguration$ParameterNamesModuleConfiguration
instanceKlass org/springframework/boot/autoconfigure/jackson/JacksonAutoConfiguration$JacksonObjectMapperBuilderConfiguration
instanceKlass org/springframework/boot/autoconfigure/jackson/JacksonAutoConfiguration$Jackson2ObjectMapperBuilderCustomizerConfiguration$StandardJackson2ObjectMapperBuilderCustomizer
instanceKlass org/springframework/boot/autoconfigure/jackson/Jackson2ObjectMapperBuilderCustomizer
instanceKlass org/springframework/boot/autoconfigure/jackson/JacksonAutoConfiguration$Jackson2ObjectMapperBuilderCustomizerConfiguration
instanceKlass org/springframework/boot/autoconfigure/jackson/JacksonProperties
instanceKlass org/springframework/boot/autoconfigure/gson/GsonAutoConfiguration$StandardGsonBuilderCustomizer
instanceKlass org/springframework/boot/autoconfigure/gson/GsonBuilderCustomizer
instanceKlass org/springframework/boot/autoconfigure/gson/GsonAutoConfiguration
instanceKlass org/springframework/data/redis/core/convert/ReferenceResolverImpl
instanceKlass org/springframework/data/redis/core/convert/ReferenceResolver
instanceKlass org/springframework/boot/autoconfigure/data/redis/RedisRepositoriesAutoConfiguration
instanceKlass com/google/gson/GsonBuilder
instanceKlass org/springframework/boot/autoconfigure/gson/GsonProperties
instanceKlass java/util/stream/Collectors$$Lambda$377
instanceKlass java/util/stream/Collectors$$Lambda$376
instanceKlass java/util/stream/Collectors$$Lambda$375
instanceKlass java/util/stream/Collectors$$Lambda$374
instanceKlass java/util/StringJoiner
instanceKlass org/springframework/data/repository/config/RepositoryConfigurationExtensionSupport$$Lambda$373
instanceKlass java/util/Collections$2
instanceKlass org/springframework/core/annotation/AnnotationUtils$$Lambda$372
instanceKlass org/springframework/data/redis/core/RedisHash
instanceKlass org/springframework/data/keyvalue/repository/KeyValueRepository
instanceKlass org/springframework/data/keyvalue/repository/config/KeyValueRepositoryConfigurationExtension$$Lambda$371
instanceKlass org/springframework/data/keyvalue/core/KeyValueTemplate
instanceKlass org/springframework/data/keyvalue/core/KeyValueOperations
instanceKlass org/springframework/data/keyvalue/repository/config/KeyValueRepositoryConfigurationExtension$$Lambda$370
instanceKlass org/springframework/data/keyvalue/core/AbstractKeyValueAdapter
instanceKlass org/springframework/data/keyvalue/core/KeyValueAdapter
instanceKlass org/springframework/data/redis/repository/configuration/RedisRepositoryConfigurationExtension$$Lambda$369
instanceKlass org/springframework/data/redis/core/convert/MappingRedisConverter
instanceKlass org/springframework/data/redis/core/convert/RedisConverter
instanceKlass org/springframework/data/convert/EntityConverter
instanceKlass org/springframework/data/convert/EntityWriter
instanceKlass org/springframework/data/convert/EntityReader
instanceKlass org/springframework/data/redis/repository/configuration/RedisRepositoryConfigurationExtension$$Lambda$368
instanceKlass org/springframework/data/redis/repository/configuration/RedisRepositoryConfigurationExtension$$Lambda$367
instanceKlass org/springframework/data/convert/CustomConversions
instanceKlass org/springframework/data/redis/repository/configuration/RedisRepositoryConfigurationExtension$$Lambda$366
instanceKlass org/springframework/data/redis/core/convert/MappingConfiguration
instanceKlass org/springframework/data/redis/repository/configuration/RedisRepositoryConfigurationExtension$$Lambda$365
instanceKlass org/springframework/data/repository/query/parser/AbstractQueryCreator
instanceKlass org/springframework/data/keyvalue/repository/query/KeyValuePartTreeQuery
instanceKlass org/springframework/data/repository/query/RepositoryQuery
instanceKlass org/springframework/data/keyvalue/repository/config/QueryCreatorType
instanceKlass org/springframework/data/redis/core/convert/KeyspaceConfiguration
instanceKlass org/springframework/data/redis/core/index/IndexConfiguration
instanceKlass org/springframework/data/redis/core/index/ConfigurableIndexDefinitionProvider
instanceKlass org/springframework/data/redis/core/index/IndexDefinitionRegistry
instanceKlass org/springframework/data/redis/core/index/IndexDefinitionProvider
instanceKlass org/springframework/boot/autoconfigure/data/redis/RedisRepositoriesRegistrar$EnableRedisRepositoriesConfiguration
instanceKlass org/springframework/data/redis/serializer/RedisSerializer
instanceKlass org/springframework/boot/autoconfigure/data/redis/RedisReactiveAutoConfiguration
instanceKlass org/springframework/data/jpa/util/JpaMetamodelCacheCleanup
instanceKlass org/springframework/data/mapping/context/AbstractMappingContext
instanceKlass org/springframework/data/mapping/context/MappingContext
instanceKlass org/springframework/boot/autoconfigure/data/jpa/JpaRepositoriesAutoConfiguration
instanceKlass org/springframework/beans/factory/parsing/ComponentDefinition
instanceKlass org/springframework/data/config/ParsingUtils
instanceKlass org/springframework/data/repository/config/RepositoryBeanDefinitionBuilder$$Lambda$364
instanceKlass org/springframework/data/repository/config/RepositoryBeanDefinitionBuilder$$Lambda$363
instanceKlass org/springframework/data/repository/config/RepositoryBeanDefinitionBuilder$$Lambda$362
instanceKlass org/springframework/data/repository/config/RepositoryFragmentConfiguration
instanceKlass org/springframework/data/repository/config/RepositoryBeanDefinitionBuilder$$Lambda$361
instanceKlass org/springframework/data/repository/config/RepositoryBeanDefinitionBuilder$$Lambda$360
instanceKlass org/springframework/data/repository/config/FragmentMetadata$$Lambda$359
instanceKlass org/springframework/data/repository/core/support/RepositoryFragmentsFactoryBean
instanceKlass org/springframework/data/repository/config/RepositoryBeanDefinitionBuilder$$Lambda$358
instanceKlass org/springframework/data/repository/config/RepositoryBeanDefinitionBuilder$$Lambda$357
instanceKlass org/springframework/data/repository/config/CustomRepositoryImplementationDetector$$Lambda$356
instanceKlass org/springframework/data/repository/config/SelectionSet$$Lambda$355
instanceKlass org/springframework/data/repository/config/SelectionSet$$Lambda$354
instanceKlass org/springframework/data/repository/config/CustomRepositoryImplementationDetector$$Lambda$353
instanceKlass org/springframework/data/repository/config/SelectionSet
instanceKlass org/springframework/data/repository/config/CustomRepositoryImplementationDetector$$Lambda$352
instanceKlass java/util/function/Function$$Lambda$351
instanceKlass org/springframework/data/util/StreamUtils$$Lambda$350
instanceKlass org/springframework/data/util/StreamUtils
instanceKlass org/springframework/data/repository/config/CustomRepositoryImplementationDetector$$Lambda$349
instanceKlass org/springframework/data/repository/config/CustomRepositoryImplementationDetector$$Lambda$348
instanceKlass org/springframework/data/repository/config/CustomRepositoryImplementationDetector$$Lambda$347
instanceKlass org/springframework/data/repository/config/CustomRepositoryImplementationDetector$$Lambda$346
instanceKlass org/springframework/data/repository/config/CustomRepositoryImplementationDetector$$Lambda$345
instanceKlass org/springframework/data/repository/config/DefaultImplementationLookupConfiguration
instanceKlass org/springframework/data/repository/core/support/PropertiesBasedNamedQueries
instanceKlass org/springframework/data/repository/core/NamedQueries
instanceKlass org/springframework/data/repository/config/RepositoryBeanDefinitionBuilder$$Lambda$344
instanceKlass org/springframework/data/repository/config/NamedQueriesBeanDefinitionBuilder
instanceKlass org/springframework/data/repository/config/RepositoryBeanDefinitionBuilder$$Lambda$343
instanceKlass org/springframework/data/repository/config/DefaultRepositoryConfiguration$$Lambda$342
instanceKlass com/afm/backend/entity/User
instanceKlass com/afm/backend/repository/UserRepository
instanceKlass com/afm/backend/entity/Lead
instanceKlass com/afm/backend/repository/LeadRepository
instanceKlass com/afm/backend/entity/JobVacancy
instanceKlass com/afm/backend/repository/JobVacancyRepository
instanceKlass com/afm/backend/entity/FeatureToggle
instanceKlass com/afm/backend/repository/FeatureToggleRepository
instanceKlass org/springframework/data/repository/util/ReactiveWrappers$$Lambda$341
instanceKlass org/springframework/data/repository/util/ReactiveWrappers$$Lambda$340
instanceKlass org/springframework/data/repository/util/ReactiveWrappers$$Lambda$339
instanceKlass org/springframework/core/ReactiveAdapterRegistry$ReactorRegistrar$$Lambda$338
instanceKlass org/springframework/core/ReactiveAdapterRegistry$ReactorRegistrar$$Lambda$337
instanceKlass org/springframework/core/ReactiveAdapterRegistry$ReactorRegistrar$$Lambda$336
instanceKlass java/util/concurrent/CompletableFuture
instanceKlass org/springframework/core/ReactiveAdapterRegistry$ReactorRegistrar$$Lambda$335
instanceKlass org/springframework/core/ReactiveAdapterRegistry$ReactorRegistrar$$Lambda$334
instanceKlass org/springframework/core/ReactiveAdapterRegistry$ReactorRegistrar$$Lambda$333
instanceKlass org/springframework/core/ReactiveAdapterRegistry$ReactorRegistrar$$Lambda$332
instanceKlass org/springframework/core/ReactiveAdapterRegistry$ReactorRegistrar$$Lambda$331
instanceKlass org/springframework/core/ReactiveAdapterRegistry$ReactorRegistrar$$Lambda$330
instanceKlass org/reactivestreams/Subscription
instanceKlass reactor/core/CoreSubscriber
instanceKlass org/reactivestreams/Processor
instanceKlass org/springframework/core/ReactiveAdapter
instanceKlass org/springframework/core/ReactiveAdapterRegistry$ReactorRegistrar$$Lambda$329
instanceKlass org/springframework/core/ReactiveAdapterRegistry$ReactorRegistrar$$Lambda$328
instanceKlass org/springframework/core/ReactiveTypeDescriptor
instanceKlass org/springframework/core/ReactiveAdapterRegistry$ReactorRegistrar$$Lambda$327
instanceKlass java/util/concurrent/CompletionStage
instanceKlass reactor/core/publisher/AssemblyOp
instanceKlass reactor/core/publisher/FluxOnAssembly$AssemblySnapshot
instanceKlass reactor/util/retry/Retry
instanceKlass reactor/core/Disposable
instanceKlass org/reactivestreams/Subscriber
instanceKlass reactor/core/Fuseable$ScalarCallable
instanceKlass reactor/core/publisher/SourceProducer
instanceKlass reactor/core/Fuseable
instanceKlass reactor/core/publisher/SignalPeek
instanceKlass reactor/core/publisher/OptimizableOperator
instanceKlass reactor/core/Scannable
instanceKlass org/springframework/core/ReactiveAdapterRegistry$ReactorRegistrar
instanceKlass org/springframework/core/ReactiveAdapterRegistry
instanceKlass org/springframework/data/repository/util/ReactiveWrapperConverters$RegistryHolder
instanceKlass org/springframework/data/repository/util/ReactiveWrappers$1
instanceKlass org/springframework/data/repository/util/ReactiveWrappers$$Lambda$326
instanceKlass java/util/stream/Streams$2
instanceKlass java/util/stream/Streams
instanceKlass java/util/stream/Streams$ConcatSpliterator
instanceKlass java/util/stream/Streams$AbstractStreamBuilderImpl
instanceKlass java/util/stream/Stream$Builder
instanceKlass org/springframework/data/repository/util/ReactiveWrappers$$Lambda$325
instanceKlass org/springframework/data/repository/util/ReactiveWrappers$$Lambda$324
instanceKlass org/springframework/data/util/ReflectionUtils$DescribedFieldFilter
instanceKlass org/springframework/data/util/ReflectionUtils
instanceKlass org/springframework/data/domain/Page
instanceKlass org/springframework/data/domain/Slice
instanceKlass org/springframework/data/domain/Pageable
instanceKlass org/springframework/data/domain/Sort
instanceKlass org/springframework/data/domain/Example
instanceKlass rx/Observable
instanceKlass org/springframework/data/repository/util/ReactiveWrappers
instanceKlass javax/persistence/MappedSuperclass
instanceKlass org/springframework/data/repository/core/support/DefaultRepositoryMetadata$$Lambda$323
instanceKlass org/springframework/data/repository/core/support/DefaultRepositoryMetadata$$Lambda$322
instanceKlass org/springframework/data/util/ParameterizedTypeInformation$$Lambda$321
instanceKlass org/springframework/data/util/ParameterizedTypeInformation$$Lambda$320
instanceKlass org/springframework/data/util/ParameterizedTypeInformation$$Lambda$319
instanceKlass java/lang/invoke/LambdaForm$DMH
instanceKlass org/springframework/data/util/Pair
instanceKlass java/util/stream/Streams$RangeIntSpliterator
instanceKlass org/springframework/core/GenericTypeResolver$TypeVariableMapVariableResolver
instanceKlass org/springframework/data/repository/core/support/AbstractRepositoryMetadata$$Lambda$318
instanceKlass com/afm/backend/entity/Application
instanceKlass org/springframework/data/util/ClassTypeInformation$$Lambda$317
instanceKlass org/springframework/data/util/ClassTypeInformation$$Lambda$316
instanceKlass org/springframework/data/util/TypeDiscoverer$$Lambda$315
instanceKlass org/springframework/data/util/TypeDiscoverer$$Lambda$314
instanceKlass org/springframework/data/util/TypeDiscoverer$$Lambda$313
instanceKlass org/springframework/data/jpa/util/HibernateProxyDetector$$Lambda$312
instanceKlass org/springframework/data/jpa/util/HibernateProxyDetector$$Lambda$311
instanceKlass org/springframework/data/util/ProxyUtils$$Lambda$310
instanceKlass org/springframework/data/util/ProxyUtils$$Lambda$309
instanceKlass org/hibernate/proxy/HibernateProxy
instanceKlass org/springframework/data/jpa/util/HibernateProxyDetector
instanceKlass org/springframework/data/util/ProxyUtils$ProxyDetector
instanceKlass org/springframework/data/util/ProxyUtils
instanceKlass org/springframework/data/util/TypeDiscoverer
instanceKlass org/springframework/data/repository/core/CrudMethods
instanceKlass org/springframework/data/util/TypeInformation
instanceKlass org/springframework/data/repository/core/support/AbstractRepositoryMetadata
instanceKlass org/springframework/data/repository/core/RepositoryMetadata
instanceKlass com/afm/backend/repository/ApplicationRepository
instanceKlass org/springframework/data/jpa/repository/config/JpaRepositoryConfigExtension$LazyJvmAgent$$Lambda$308
instanceKlass org/springframework/data/jpa/repository/config/JpaRepositoryConfigExtension$LazyJvmAgent
instanceKlass org/springframework/data/repository/config/DefaultRepositoryConfiguration
instanceKlass org/springframework/data/repository/util/ClassUtils
instanceKlass org/springframework/data/repository/config/RepositoryConfigurationSourceSupport$$Lambda$307
instanceKlass org/springframework/data/util/Streamable$$Lambda$306
instanceKlass org/springframework/util/MethodInvoker
instanceKlass org/springframework/beans/factory/support/ConstructorResolver$ConstructorPropertiesChecker
instanceKlass org/springframework/beans/factory/support/AutowireUtils$$Lambda$305
instanceKlass org/springframework/beans/factory/support/AutowireUtils
instanceKlass org/springframework/beans/Mergeable
instanceKlass org/springframework/beans/factory/config/RuntimeBeanNameReference
instanceKlass org/springframework/data/repository/config/RepositoryConfigurationSourceSupport$$Lambda$304
instanceKlass org/springframework/data/repository/config/RepositoryConfigurationSourceSupport$$Lambda$303
instanceKlass org/springframework/data/repository/NoRepositoryBean
instanceKlass org/springframework/data/repository/RepositoryDefinition
instanceKlass org/springframework/data/repository/config/AnnotationRepositoryConfigurationSource$$Lambda$302
instanceKlass org/springframework/data/util/LazyStreamable
instanceKlass org/springframework/data/util/Streamable
instanceKlass org/springframework/data/repository/config/AnnotationRepositoryConfigurationSource$$Lambda$301
instanceKlass org/springframework/data/util/Lazy$$Lambda$300
instanceKlass java/lang/invoke/LambdaForm$DMH
instanceKlass org/springframework/data/util/Lazy
instanceKlass org/springframework/data/repository/config/CustomRepositoryImplementationDetector$$Lambda$299
instanceKlass org/springframework/data/repository/config/ImplementationLookupConfiguration
instanceKlass org/springframework/data/repository/config/RepositoryConfigurationSourceSupport$SpringImplementationDetectionConfiguration
instanceKlass org/springframework/data/repository/config/CustomRepositoryImplementationDetector
instanceKlass org/springframework/data/repository/config/FragmentMetadata
instanceKlass org/springframework/data/repository/config/RepositoryBeanDefinitionBuilder
instanceKlass org/springframework/data/repository/config/RepositoryConfigurationSource$$Lambda$298
instanceKlass org/springframework/data/repository/config/AnnotationRepositoryConfigurationSource$$Lambda$297
instanceKlass org/springframework/data/jpa/repository/support/JpaEvaluationContextExtension
instanceKlass org/springframework/data/spel/spi/EvaluationContextExtension
instanceKlass org/springframework/data/jpa/repository/config/JpaRepositoryConfigExtension$$Lambda$296
instanceKlass org/springframework/data/jpa/repository/config/JpaRepositoryConfigExtension$$Lambda$295
instanceKlass org/springframework/data/jpa/repository/support/DefaultJpaContext
instanceKlass org/springframework/data/jpa/repository/JpaContext
instanceKlass org/springframework/data/jpa/repository/config/JpaRepositoryConfigExtension$$Lambda$294
instanceKlass org/springframework/data/jpa/repository/config/JpaRepositoryConfigExtension$$Lambda$293
instanceKlass org/springframework/beans/factory/config/AbstractFactoryBean
instanceKlass org/springframework/data/jpa/repository/config/JpaRepositoryConfigExtension$$Lambda$292
instanceKlass org/springframework/data/jpa/repository/support/EntityManagerBeanDefinitionRegistrarPostProcessor
instanceKlass org/springframework/data/jpa/repository/config/JpaRepositoryConfigExtension$$Lambda$291
instanceKlass org/slf4j/helpers/FormattingTuple
instanceKlass org/slf4j/helpers/MessageFormatter
instanceKlass org/springframework/data/repository/config/RepositoryConfiguration
instanceKlass org/springframework/data/repository/core/support/RepositoryFactorySupport
instanceKlass java/util/stream/MatchOps$$Lambda$290
instanceKlass org/springframework/data/repository/config/AnnotationRepositoryConfigurationSource$$Lambda$289
instanceKlass org/springframework/data/repository/config/RepositoryBeanDefinitionRegistrarSupport
instanceKlass org/springframework/data/repository/config/RepositoryBeanNameGenerator
instanceKlass org/springframework/data/config/ConfigurationUtils
instanceKlass org/springframework/data/repository/config/ImplementationDetectionConfiguration
instanceKlass org/springframework/data/repository/config/DefaultRepositoryBaseClass
instanceKlass org/springframework/data/jpa/repository/config/EnableJpaRepositories
instanceKlass org/springframework/boot/autoconfigure/data/jpa/JpaRepositoriesRegistrar$EnableJpaRepositoriesConfiguration
instanceKlass org/springframework/data/repository/config/RepositoryConfigurationDelegate
instanceKlass org/springframework/data/repository/config/RepositoryConfigurationExtensionSupport
instanceKlass org/springframework/data/repository/core/support/RepositoryFactoryBeanSupport
instanceKlass org/springframework/data/repository/core/support/RepositoryFactoryInformation
instanceKlass org/springframework/boot/autoconfigure/dao/PersistenceExceptionTranslationAutoConfiguration
instanceKlass org/springframework/boot/autoconfigure/context/LifecycleAutoConfiguration
instanceKlass org/springframework/boot/autoconfigure/context/ConfigurationPropertiesAutoConfiguration
instanceKlass org/springframework/boot/autoconfigure/context/LifecycleProperties
instanceKlass org/springframework/boot/autoconfigure/data/redis/RedisAutoConfiguration
instanceKlass org/springframework/data/redis/core/RedisAccessor
instanceKlass org/springframework/boot/autoconfigure/data/redis/RedisProperties$Sentinel
instanceKlass org/springframework/boot/autoconfigure/data/redis/RedisConnectionConfiguration$ConnectionInfo
instanceKlass org/springframework/data/redis/connection/RedisStandaloneConfiguration
instanceKlass org/springframework/data/redis/connection/RedisConfiguration$WithHostAndPort
instanceKlass org/springframework/data/redis/connection/RedisClusterConfiguration
instanceKlass org/springframework/data/redis/connection/RedisConfiguration$ClusterConfiguration
instanceKlass org/springframework/data/redis/connection/RedisSentinelConfiguration
instanceKlass org/springframework/data/redis/connection/RedisConfiguration$SentinelConfiguration
instanceKlass org/springframework/data/redis/connection/RedisConfiguration$WithPassword
instanceKlass org/springframework/data/redis/connection/RedisConfiguration$WithDatabaseIndex
instanceKlass org/springframework/data/redis/connection/RedisConfiguration
instanceKlass org/springframework/boot/autoconfigure/data/redis/RedisProperties
instanceKlass org/springframework/boot/autoconfigure/data/redis/LettuceClientConfigurationBuilderCustomizer
instanceKlass org/springframework/data/redis/connection/lettuce/LettuceConnectionFactory
instanceKlass org/springframework/data/redis/connection/lettuce/LettuceClientConfiguration$LettuceClientConfigurationBuilder
instanceKlass io/lettuce/core/resource/DefaultClientResources
instanceKlass org/springframework/data/redis/connection/lettuce/LettuceClientConfiguration
instanceKlass org/springframework/boot/autoconfigure/data/redis/RedisProperties$Pool
instanceKlass io/lettuce/core/ClientOptions$Builder
instanceKlass org/springframework/boot/autoconfigure/data/redis/RedisConnectionConfiguration
instanceKlass org/springframework/beans/factory/support/AbstractAutowireCapableBeanFactory$FactoryBeanMethodTypeFinder
instanceKlass io/lettuce/core/resource/ClientResources
instanceKlass org/springframework/boot/autoconfigure/orm/jpa/DataSourceInitializedPublisher$Registrar$$Lambda$288
instanceKlass org/springframework/boot/autoconfigure/orm/jpa/DataSourceInitializedPublisher$Registrar$$Lambda$287
instanceKlass org/springframework/boot/autoconfigure/orm/jpa/DataSourceInitializedPublisher
instanceKlass org/springframework/boot/autoconfigure/transaction/TransactionManagerCustomizers
instanceKlass org/springframework/transaction/support/ResourceTransactionManager
instanceKlass org/springframework/boot/autoconfigure/orm/jpa/EntityManagerFactoryBuilderCustomizer
instanceKlass org/springframework/boot/orm/jpa/EntityManagerFactoryBuilder
instanceKlass org/springframework/boot/autoconfigure/orm/jpa/JpaProperties
instanceKlass org/hibernate/boot/model/naming/ImplicitNamingStrategy
instanceKlass org/hibernate/boot/model/naming/PhysicalNamingStrategy
instanceKlass org/springframework/orm/jpa/vendor/AbstractJpaVendorAdapter
instanceKlass org/springframework/orm/jpa/JpaVendorAdapter
instanceKlass org/springframework/boot/autoconfigure/orm/jpa/JpaBaseConfiguration
instanceKlass org/springframework/boot/autoconfigure/orm/jpa/JpaBaseConfiguration$JpaWebConfiguration
instanceKlass org/springframework/boot/autoconfigure/orm/jpa/HibernateProperties
instanceKlass org/springframework/orm/jpa/EntityManagerFactoryAccessor
instanceKlass org/springframework/web/context/request/AsyncWebRequestInterceptor
instanceKlass org/springframework/web/context/request/WebRequestInterceptor
instanceKlass org/springframework/cloud/endpoint/event/RefreshEventListener
instanceKlass org/springframework/cloud/context/refresh/ContextRefresher
instanceKlass org/springframework/cloud/logging/LoggingRebinder
instanceKlass org/springframework/cloud/autoconfigure/RefreshAutoConfiguration$JpaInvokerConfiguration
instanceKlass org/springframework/cloud/autoconfigure/RefreshAutoConfiguration$RefreshScopeBeanDefinitionEnhancer
instanceKlass org/springframework/boot/autoconfigure/jdbc/DataSourceAutoConfiguration
instanceKlass org/springframework/boot/jdbc/metadata/DataSourcePoolMetadataProvider
instanceKlass org/springframework/boot/jdbc/metadata/DataSourcePoolMetadata
instanceKlass org/springframework/boot/autoconfigure/jdbc/metadata/DataSourcePoolMetadataProvidersConfiguration$HikariPoolDataSourceMetadataProviderConfiguration
instanceKlass org/springframework/boot/autoconfigure/jdbc/DataSourceAutoConfiguration$PooledDataSourceConfiguration
instanceKlass org/springframework/boot/autoconfigure/jdbc/DataSourceJmxConfiguration$Hikari
instanceKlass org/springframework/boot/autoconfigure/jdbc/DataSourceInitializationConfiguration
instanceKlass org/springframework/boot/autoconfigure/jdbc/metadata/DataSourcePoolMetadataProvidersConfiguration
instanceKlass org/springframework/boot/autoconfigure/jdbc/DataSourceInitializerPostProcessor
instanceKlass org/springframework/boot/autoconfigure/jdbc/DataSourceInitializerInvoker
instanceKlass org/springframework/boot/autoconfigure/jdbc/DataSourceJmxConfiguration
instanceKlass org/springframework/boot/autoconfigure/jdbc/DataSourceConfiguration$Generic
instanceKlass org/springframework/boot/autoconfigure/jdbc/DataSourceConfiguration$Dbcp2
instanceKlass org/springframework/boot/autoconfigure/jdbc/DataSourceConfiguration$Tomcat
instanceKlass org/springframework/boot/autoconfigure/jdbc/DataSourceProperties
instanceKlass org/springframework/boot/autoconfigure/jdbc/DataSourceConfiguration$Hikari
instanceKlass org/springframework/boot/autoconfigure/condition/OnBeanCondition$SingleCandidateSpec$$Lambda$286
instanceKlass javax/sql/XADataSource
instanceKlass org/springframework/boot/autoconfigure/transaction/jta/JtaAutoConfiguration
instanceKlass org/springframework/boot/availability/ApplicationAvailabilityBean
instanceKlass org/springframework/boot/availability/ApplicationAvailability
instanceKlass org/springframework/boot/autoconfigure/availability/ApplicationAvailabilityAutoConfiguration
instanceKlass org/springframework/boot/autoconfigure/aop/AopAutoConfiguration
instanceKlass org/springframework/boot/autoconfigure/aop/AopAutoConfiguration$AspectJAutoProxyingConfiguration
instanceKlass org/springframework/boot/autoconfigure/aop/AopAutoConfiguration$AspectJAutoProxyingConfiguration$CglibAutoProxyConfiguration
instanceKlass org/springframework/boot/autoconfigure/transaction/jta/AtomikosJtaConfiguration
instanceKlass org/springframework/boot/autoconfigure/transaction/jta/BitronixJtaConfiguration
instanceKlass org/springframework/boot/autoconfigure/transaction/jta/JndiJtaConfiguration
instanceKlass org/springframework/boot/autoconfigure/orm/jpa/HibernateJpaAutoConfiguration
instanceKlass org/springframework/boot/autoconfigure/jms/artemis/ArtemisAutoConfiguration
instanceKlass org/springframework/boot/autoconfigure/jms/activemq/ActiveMQAutoConfiguration
instanceKlass org/springframework/boot/autoconfigure/jdbc/XADataSourceAutoConfiguration
instanceKlass org/springframework/web/context/request/RequestContextListener
instanceKlass javax/servlet/ServletRequestListener
instanceKlass org/springframework/boot/autoconfigure/condition/OnBeanCondition$$Lambda$285
instanceKlass org/springframework/boot/autoconfigure/http/HttpMessageConverters
instanceKlass org/springframework/web/servlet/config/annotation/ResourceHandlerRegistration
instanceKlass org/springframework/boot/web/servlet/filter/OrderedFilter
instanceKlass org/springframework/validation/MessageCodeFormatter
instanceKlass org/springframework/web/servlet/LocaleResolver
instanceKlass org/springframework/boot/autoconfigure/web/servlet/WebMvcAutoConfiguration$WebMvcAutoConfigurationAdapter
instanceKlass org/springframework/web/method/support/CompositeUriComponentsContributor
instanceKlass org/springframework/web/method/support/UriComponentsContributor
instanceKlass org/springframework/web/servlet/handler/HandlerMappingIntrospector
instanceKlass org/springframework/web/cors/CorsConfigurationSource
instanceKlass org/springframework/web/servlet/mvc/SimpleControllerHandlerAdapter
instanceKlass org/springframework/web/servlet/mvc/HttpRequestHandlerAdapter
instanceKlass org/springframework/web/servlet/function/support/HandlerFunctionAdapter
instanceKlass javax/servlet/ServletContext
instanceKlass org/springframework/web/servlet/handler/AbstractHandlerExceptionResolver
instanceKlass org/springframework/web/bind/support/ConfigurableWebBindingInitializer
instanceKlass org/springframework/web/servlet/HandlerAdapter
instanceKlass org/springframework/web/servlet/resource/ResourceUrlProvider
instanceKlass org/springframework/web/util/UrlPathHelper
instanceKlass org/springframework/web/accept/ContentNegotiationManager
instanceKlass org/springframework/web/accept/MediaTypeFileExtensionResolver
instanceKlass org/springframework/web/servlet/HandlerInterceptor
instanceKlass org/springframework/web/bind/support/WebBindingInitializer
instanceKlass org/springframework/web/servlet/handler/MatchableHandlerMapping
instanceKlass org/springframework/web/servlet/HandlerMapping
instanceKlass org/springframework/web/servlet/config/annotation/WebMvcConfigurationSupport
instanceKlass org/springframework/boot/autoconfigure/web/servlet/error/ErrorMvcAutoConfiguration$PreserveErrorControllerTargetClassPostProcessor
instanceKlass org/springframework/boot/web/servlet/error/DefaultErrorAttributes
instanceKlass org/springframework/web/servlet/HandlerExceptionResolver
instanceKlass org/springframework/boot/autoconfigure/web/servlet/error/ErrorMvcAutoConfiguration$ErrorPageCustomizer
instanceKlass org/springframework/boot/web/server/ErrorPageRegistrar
instanceKlass org/springframework/boot/autoconfigure/web/servlet/error/AbstractErrorController
instanceKlass org/springframework/boot/web/servlet/error/ErrorController
instanceKlass org/springframework/boot/autoconfigure/web/servlet/error/ErrorMvcAutoConfiguration
instanceKlass org/springframework/boot/autoconfigure/web/servlet/error/DefaultErrorViewResolver
instanceKlass org/springframework/boot/web/servlet/error/ErrorAttributes
instanceKlass org/springframework/boot/autoconfigure/web/ResourceProperties
instanceKlass org/springframework/boot/autoconfigure/web/servlet/WebMvcAutoConfiguration
instanceKlass org/springframework/boot/autoconfigure/web/servlet/error/ErrorViewResolver
instanceKlass org/springframework/boot/autoconfigure/web/servlet/error/ErrorMvcAutoConfiguration$DefaultErrorViewResolverConfiguration
instanceKlass org/springframework/web/servlet/View
instanceKlass org/springframework/boot/autoconfigure/web/servlet/error/ErrorMvcAutoConfiguration$WhitelabelErrorViewConfiguration
instanceKlass org/springframework/context/support/ApplicationObjectSupport
instanceKlass org/springframework/web/servlet/ViewResolver
instanceKlass org/springframework/validation/beanvalidation/SpringValidatorAdapter
instanceKlass org/springframework/validation/SmartValidator
instanceKlass org/springframework/boot/autoconfigure/validation/ValidationAutoConfiguration
instanceKlass org/springframework/boot/autoconfigure/task/TaskExecutionAutoConfiguration
instanceKlass org/springframework/cloud/netflix/archaius/ArchaiusAutoConfiguration
instanceKlass org/springframework/cloud/netflix/archaius/ArchaiusAutoConfiguration$PropagateEventsConfiguration
instanceKlass org/springframework/boot/autoconfigure/web/servlet/DispatcherServletAutoConfiguration
instanceKlass org/springframework/boot/autoconfigure/web/servlet/DispatcherServletPath
instanceKlass org/springframework/boot/task/TaskExecutorBuilder
instanceKlass org/springframework/boot/autoconfigure/task/TaskExecutionProperties
instanceKlass org/springframework/boot/autoconfigure/web/servlet/DispatcherServletAutoConfiguration$DispatcherServletRegistrationConfiguration
instanceKlass org/springframework/boot/autoconfigure/web/servlet/DispatcherServletAutoConfiguration$DispatcherServletConfiguration
instanceKlass org/springframework/boot/autoconfigure/web/servlet/WebMvcProperties
instanceKlass org/springframework/boot/web/server/ErrorPageRegistrarBeanPostProcessor
instanceKlass org/springframework/boot/autoconfigure/web/servlet/ServletWebServerFactoryCustomizer
instanceKlass org/springframework/boot/autoconfigure/web/servlet/TomcatServletWebServerFactoryCustomizer
instanceKlass org/springframework/boot/web/server/AbstractConfigurableWebServerFactory
instanceKlass org/springframework/boot/web/servlet/server/ConfigurableServletWebServerFactory
instanceKlass org/springframework/boot/web/embedded/tomcat/ConfigurableTomcatWebServerFactory
instanceKlass org/springframework/boot/web/server/ConfigurableWebServerFactory
instanceKlass org/springframework/boot/web/server/ErrorPageRegistry
instanceKlass org/springframework/boot/web/server/WebServerFactory
instanceKlass org/springframework/boot/web/server/WebServerFactoryCustomizerBeanPostProcessor
instanceKlass org/springframework/boot/autoconfigure/web/servlet/ServletWebServerFactoryConfiguration$EmbeddedUndertow
instanceKlass org/springframework/boot/autoconfigure/web/servlet/ServletWebServerFactoryConfiguration$EmbeddedJetty
instanceKlass org/springframework/boot/autoconfigure/web/servlet/ServletWebServerFactoryConfiguration$EmbeddedTomcat
instanceKlass org/springframework/boot/autoconfigure/web/ServerProperties
instanceKlass org/springframework/boot/autoconfigure/websocket/servlet/WebSocketServletAutoConfiguration
instanceKlass org/springframework/boot/autoconfigure/websocket/servlet/TomcatWebSocketServletWebServerCustomizer
instanceKlass org/springframework/boot/web/server/WebServerFactoryCustomizer
instanceKlass org/springframework/boot/autoconfigure/websocket/servlet/WebSocketServletAutoConfiguration$TomcatWebSocketConfiguration
instanceKlass org/springframework/boot/web/servlet/server/ServletWebServerFactory
instanceKlass org/springframework/boot/autoconfigure/web/servlet/ServletWebServerFactoryAutoConfiguration
instanceKlass org/springframework/cloud/client/serviceregistry/AutoServiceRegistrationConfiguration
instanceKlass org/springframework/beans/factory/config/ConstructorArgumentValues$$Lambda$284
instanceKlass org/springframework/beans/factory/config/ConstructorArgumentValues$$Lambda$283
instanceKlass org/springframework/beans/factory/config/ConstructorArgumentValues$$Lambda$282
instanceKlass org/springframework/security/config/annotation/web/HttpSecurityBuilder
instanceKlass org/springframework/security/config/annotation/SecurityConfigurerAdapter
instanceKlass org/springframework/security/authentication/AuthenticationTrustResolver
instanceKlass org/springframework/web/accept/ContentNegotiationStrategy
instanceKlass org/springframework/security/access/intercept/RunAsManager
instanceKlass org/springframework/security/access/intercept/AbstractSecurityInterceptor
instanceKlass org/aopalliance/intercept/MethodInterceptor
instanceKlass org/aopalliance/intercept/Interceptor
instanceKlass org/aopalliance/aop/Advice
instanceKlass org/springframework/security/access/method/MethodSecurityMetadataSource
instanceKlass org/springframework/security/access/SecurityMetadataSource
instanceKlass org/springframework/security/access/prepost/PrePostInvocationAttributeFactory
instanceKlass org/springframework/security/access/expression/method/MethodSecurityExpressionHandler
instanceKlass org/springframework/security/access/intercept/AfterInvocationManager
instanceKlass org/springframework/security/access/prepost/PostInvocationAuthorizationAdvice
instanceKlass org/springframework/security/access/AccessDecisionManager
instanceKlass org/springframework/security/access/prepost/PreInvocationAuthorizationAdvice
instanceKlass org/springframework/validation/MessageCodesResolver
instanceKlass org/springframework/web/servlet/config/annotation/ViewResolverRegistry
instanceKlass org/springframework/web/servlet/config/annotation/ViewControllerRegistry
instanceKlass org/springframework/web/servlet/config/annotation/ContentNegotiationConfigurer
instanceKlass org/springframework/web/servlet/config/annotation/ResourceHandlerRegistry
instanceKlass org/springframework/web/servlet/config/annotation/PathMatchConfigurer
instanceKlass org/springframework/web/servlet/config/annotation/DefaultServletHandlerConfigurer
instanceKlass org/springframework/web/servlet/config/annotation/AsyncSupportConfigurer
instanceKlass org/springframework/web/servlet/config/annotation/CorsRegistry
instanceKlass org/springframework/web/servlet/config/annotation/InterceptorRegistry
instanceKlass org/springframework/web/servlet/support/RequestDataValueProcessor
instanceKlass org/springframework/security/config/annotation/web/configuration/WebMvcSecurityConfiguration
instanceKlass org/springframework/security/web/FilterInvocation
instanceKlass org/springframework/security/config/annotation/web/configuration/AutowiredWebSecurityConfigurersIgnoreParents
instanceKlass org/springframework/security/web/access/WebInvocationPrivilegeEvaluator
instanceKlass org/springframework/security/access/expression/SecurityExpressionHandler
instanceKlass org/springframework/security/context/DelegatingApplicationListener
instanceKlass org/springframework/security/config/annotation/authentication/configuration/GlobalAuthenticationConfigurerAdapter
instanceKlass org/springframework/security/config/annotation/AbstractSecurityBuilder
instanceKlass org/springframework/security/config/annotation/authentication/ProviderManagerBuilder
instanceKlass org/springframework/security/config/annotation/SecurityBuilder
instanceKlass org/springframework/security/crypto/password/PasswordEncoder
instanceKlass org/springframework/cloud/client/serviceregistry/AutoServiceRegistrationProperties
instanceKlass org/springframework/boot/autoconfigure/AutoConfigurationPackages$BasePackages
instanceKlass org/springframework/boot/autoconfigure/AutoConfigurationPackages
instanceKlass org/springframework/boot/autoconfigure/AutoConfigurationPackages$PackageImports
instanceKlass org/springframework/aop/config/AopConfigUtils
instanceKlass org/springframework/beans/factory/config/ConstructorArgumentValues$ValueHolder
instanceKlass org/springframework/beans/factory/config/ConstructorArgumentValues
instanceKlass org/springframework/aop/support/AbstractPointcutAdvisor
instanceKlass org/springframework/aop/PointcutAdvisor
instanceKlass org/springframework/aop/Advisor
instanceKlass org/springframework/security/config/annotation/configuration/ObjectPostProcessorConfiguration
instanceKlass org/springframework/cloud/netflix/ribbon/eureka/ConditionalOnRibbonAndEurekaEnabled
instanceKlass org/springframework/cache/caffeine/CaffeineCacheManager
instanceKlass com/stoyanr/evictor/ConcurrentMapWithTimedEviction
instanceKlass org/apache/http/client/HttpClient
instanceKlass org/springframework/cloud/loadbalancer/annotation/LoadBalancerClient
instanceKlass org/springframework/cloud/loadbalancer/annotation/LoadBalancerClients
instanceKlass com/netflix/client/ClientRequest
instanceKlass org/springframework/cloud/netflix/ribbon/RibbonAutoConfiguration$ConditionalOnRibbonRestClient
instanceKlass com/netflix/client/IClient
instanceKlass org/springframework/http/client/support/AsyncHttpAccessor
instanceKlass org/springframework/web/client/AsyncRestOperations
instanceKlass com/netflix/ribbon/Ribbon
instanceKlass org/springframework/boot/autoconfigure/ImportAutoConfiguration
instanceKlass org/springframework/cloud/client/ConditionalOnDiscoveryHealthIndicatorEnabled
instanceKlass org/springframework/cloud/netflix/eureka/EurekaClientAutoConfiguration$ConditionalOnMissingRefreshScope
instanceKlass org/springframework/cloud/context/config/annotation/RefreshScope
instanceKlass org/springframework/cloud/autoconfigure/RefreshAutoConfiguration
instanceKlass org/springframework/cloud/netflix/eureka/EurekaClientAutoConfiguration$ConditionalOnRefreshScope
instanceKlass org/springframework/cloud/client/ConditionalOnBlockingDiscoveryEnabled
instanceKlass com/sun/jersey/api/client/filter/ClientFilter
instanceKlass com/sun/jersey/api/client/ClientHandler
instanceKlass org/springframework/transaction/annotation/AbstractTransactionManagementConfiguration
instanceKlass org/springframework/transaction/annotation/TransactionManagementConfigurationSelector$1
instanceKlass org/springframework/context/annotation/AdviceModeImportSelector
instanceKlass org/springframework/transaction/annotation/EnableTransactionManagement
instanceKlass org/springframework/data/querydsl/QuerydslUtils
instanceKlass org/springframework/data/web/config/EnableSpringDataWebSupport$SpringDataWebConfigurationImportSelector$$Lambda$281
instanceKlass org/springframework/data/web/config/SpringDataJacksonModules
instanceKlass org/springframework/data/web/config/EnableSpringDataWebSupport$SpringDataWebConfigurationImportSelector$$Lambda$280
instanceKlass org/springframework/data/web/config/EnableSpringDataWebSupport$SpringDataWebConfigurationImportSelector$$Lambda$279
instanceKlass org/springframework/data/web/config/SpringDataWebConfiguration
instanceKlass org/springframework/data/web/config/EnableSpringDataWebSupport$SpringDataWebConfigurationImportSelector$$Lambda$278
instanceKlass org/springframework/data/web/config/EnableSpringDataWebSupport$SpringDataWebConfigurationImportSelector$$Lambda$277
instanceKlass org/springframework/data/web/config/EnableSpringDataWebSupport$SpringDataWebConfigurationImportSelector$$Lambda$276
instanceKlass org/springframework/data/web/config/ProjectingArgumentResolverRegistrar
instanceKlass org/springframework/data/web/config/EnableSpringDataWebSupport$SpringDataWebConfigurationImportSelector$$Lambda$275
instanceKlass org/springframework/data/web/config/EnableSpringDataWebSupport$QuerydslActivator
instanceKlass org/springframework/data/web/config/EnableSpringDataWebSupport$SpringDataWebConfigurationImportSelector
instanceKlass org/springframework/data/web/config/EnableSpringDataWebSupport
instanceKlass org/springframework/data/repository/config/RepositoryConfigurationExtension
instanceKlass org/springframework/data/repository/config/RepositoryConfigurationSourceSupport
instanceKlass org/springframework/data/repository/config/RepositoryConfigurationSource
instanceKlass org/springframework/boot/autoconfigure/data/AbstractRepositoryConfigurationSourceSupport
instanceKlass org/springframework/cache/Cache
instanceKlass org/springframework/boot/autoconfigure/cache/CacheConfigurations$$Lambda$274
instanceKlass org/springframework/boot/autoconfigure/cache/NoOpCacheConfiguration
instanceKlass org/springframework/boot/autoconfigure/cache/SimpleCacheConfiguration
instanceKlass org/springframework/boot/autoconfigure/cache/CaffeineCacheConfiguration
instanceKlass org/springframework/boot/autoconfigure/cache/RedisCacheConfiguration
instanceKlass org/springframework/boot/autoconfigure/cache/CouchbaseCacheConfiguration
instanceKlass org/springframework/boot/autoconfigure/cache/JCacheCacheConfiguration
instanceKlass org/springframework/boot/autoconfigure/cache/InfinispanCacheConfiguration
instanceKlass org/springframework/boot/autoconfigure/cache/HazelcastCacheConfiguration
instanceKlass org/springframework/boot/autoconfigure/cache/EhCacheCacheConfiguration
instanceKlass org/springframework/boot/autoconfigure/cache/GenericCacheConfiguration
instanceKlass org/springframework/boot/autoconfigure/cache/CacheConfigurations
instanceKlass org/springframework/boot/autoconfigure/cache/CacheAutoConfiguration$CacheConfigurationImportSelector
instanceKlass org/springframework/data/redis/connection/AbstractRedisConnection
instanceKlass org/springframework/data/redis/connection/DefaultedRedisConnection
instanceKlass org/springframework/data/redis/connection/RedisConnection
instanceKlass org/springframework/data/redis/connection/RedisCommands
instanceKlass org/springframework/data/redis/connection/RedisHyperLogLogCommands
instanceKlass org/springframework/data/redis/connection/RedisGeoCommands
instanceKlass org/springframework/data/redis/connection/RedisScriptingCommands
instanceKlass org/springframework/data/redis/connection/RedisStreamCommands
instanceKlass org/springframework/data/redis/connection/RedisServerCommands
instanceKlass org/springframework/data/redis/connection/RedisConnectionCommands
instanceKlass org/springframework/data/redis/connection/RedisPubSubCommands
instanceKlass org/springframework/data/redis/connection/RedisTxCommands
instanceKlass org/springframework/data/redis/connection/RedisHashCommands
instanceKlass org/springframework/data/redis/connection/RedisZSetCommands
instanceKlass org/springframework/data/redis/connection/RedisSetCommands
instanceKlass org/springframework/data/redis/connection/RedisListCommands
instanceKlass org/springframework/data/redis/connection/RedisStringCommands
instanceKlass org/springframework/data/redis/connection/RedisKeyCommands
instanceKlass io/lettuce/core/AbstractRedisClient
instanceKlass org/springframework/boot/autoconfigure/orm/jpa/DataSourceInitializedPublisher$DataSourceInitializationCompletionListener
instanceKlass org/springframework/boot/autoconfigure/orm/jpa/DataSourceInitializedPublisher$Registrar
instanceKlass org/springframework/boot/autoconfigure/jdbc/DataSourceInitializationConfiguration$Registrar
instanceKlass com/zaxxer/hikari/HikariConfig
instanceKlass com/zaxxer/hikari/HikariConfigMXBean
instanceKlass org/springframework/boot/jdbc/DataSourceBuilder
instanceKlass org/springframework/boot/autoconfigure/condition/AbstractNestedCondition$MemberOutcomes
instanceKlass org/springframework/boot/autoconfigure/condition/AbstractNestedCondition$MemberConditions$$Lambda$273
instanceKlass org/springframework/boot/autoconfigure/condition/AbstractNestedCondition$MemberMatchOutcomes
instanceKlass org/springframework/boot/autoconfigure/condition/AbstractNestedCondition$MemberConditions
instanceKlass org/springframework/transaction/support/AbstractPlatformTransactionManager
instanceKlass org/springframework/transaction/jta/TransactionFactory
instanceKlass org/springframework/boot/autoconfigure/condition/ConditionalOnJndi
instanceKlass org/springframework/context/annotation/AspectJAutoProxyRegistrar
instanceKlass org/springframework/context/annotation/EnableAspectJAutoProxy
instanceKlass org/aspectj/weaver/ShadowMunger
instanceKlass org/aspectj/weaver/IHasPosition
instanceKlass org/aspectj/util/PartialOrder$PartialComparable
instanceKlass org/springframework/boot/autoconfigure/web/ResourceProperties$Chain
instanceKlass org/springframework/boot/autoconfigure/web/ConditionalOnEnabledResourceChain
instanceKlass org/springframework/boot/autoconfigure/web/servlet/JspTemplateAvailabilityProvider
instanceKlass org/springframework/boot/autoconfigure/thymeleaf/ThymeleafTemplateAvailabilityProvider
instanceKlass org/springframework/boot/autoconfigure/mustache/MustacheTemplateAvailabilityProvider
instanceKlass org/springframework/boot/autoconfigure/template/PathBasedTemplateAvailabilityProvider$TemplateAvailabilityProperties
instanceKlass org/springframework/boot/autoconfigure/template/PathBasedTemplateAvailabilityProvider
instanceKlass org/springframework/boot/autoconfigure/template/TemplateAvailabilityProviders$NoTemplateAvailabilityProvider
instanceKlass org/springframework/boot/autoconfigure/template/TemplateAvailabilityProvider
instanceKlass org/springframework/boot/autoconfigure/template/TemplateAvailabilityProviders
instanceKlass org/springframework/boot/autoconfigure/validation/PrimaryDefaultValidatorPostProcessor
instanceKlass org/apache/commons/configuration/ConfigurationBuilder
instanceKlass org/apache/commons/configuration/event/EventSource
instanceKlass org/apache/commons/configuration/event/ConfigurationListener
instanceKlass com/netflix/config/AggregatedConfiguration
instanceKlass org/apache/commons/configuration/Configuration
instanceKlass com/afm/backend/util/JwtUtil
instanceKlass com/afm/backend/service/JwtUserDetailsService
instanceKlass org/springframework/security/core/userdetails/UserDetailsService
instanceKlass com/afm/backend/controller/UserController
instanceKlass com/afm/backend/controller/SettingsController
instanceKlass com/afm/backend/controller/LeadController
instanceKlass com/afm/backend/controller/JobVacancyController
instanceKlass com/afm/backend/controller/AuthController
instanceKlass com/afm/backend/controller/ApplicationController
instanceKlass org/apache/coyote/UpgradeProtocol
instanceKlass org/springframework/boot/autoconfigure/web/servlet/ServletWebServerFactoryAutoConfiguration$BeanPostProcessorsRegistrar
instanceKlass org/springframework/boot/web/servlet/RegistrationBean
instanceKlass org/springframework/boot/web/servlet/ServletContextInitializer
instanceKlass org/springframework/boot/autoconfigure/web/servlet/ConditionalOnMissingFilterBean
instanceKlass org/apache/tomcat/websocket/server/WsSci
instanceKlass javax/servlet/ServletContainerInitializer
instanceKlass org/apache/catalina/startup/Tomcat
instanceKlass org/springframework/boot/autoconfigure/condition/OnWebApplicationCondition$1
instanceKlass org/springframework/boot/autoconfigure/AutoConfigurationImportSelector$AutoConfigurationGroup$$Lambda$272
instanceKlass org/springframework/boot/autoconfigure/AutoConfigurationSorter$AutoConfigurationClasses$$Lambda$271
instanceKlass org/springframework/boot/autoconfigure/AutoConfigurationSorter$$Lambda$270
instanceKlass org/springframework/cloud/netflix/ribbon/RibbonClientConfigurationRegistrar
instanceKlass org/springframework/cloud/netflix/ribbon/RibbonClient
instanceKlass org/springframework/cloud/netflix/ribbon/RibbonClients
instanceKlass org/springframework/cloud/client/ConditionalOnReactiveDiscoveryEnabled
instanceKlass org/springframework/cloud/client/ConditionalOnDiscoveryEnabled
instanceKlass org/springframework/boot/autoconfigure/condition/ConditionalOnResource
instanceKlass org/springframework/boot/autoconfigure/AutoConfigureAfter
instanceKlass org/springframework/boot/autoconfigure/AutoConfigureBefore
instanceKlass org/springframework/boot/autoconfigure/AutoConfigurationSorter$AutoConfigurationClass
instanceKlass org/springframework/boot/autoconfigure/AutoConfigurationSorter$AutoConfigurationClasses
instanceKlass org/springframework/boot/autoconfigure/AutoConfigurationSorter
instanceKlass org/springframework/boot/autoconfigure/AutoConfigurationImportSelector$AutoConfigurationGroup$$Lambda$269
instanceKlass org/springframework/boot/autoconfigure/AutoConfigurationImportSelector$AutoConfigurationGroup$$Lambda$268
instanceKlass org/springframework/boot/autoconfigure/AutoConfigurationImportSelector$AutoConfigurationGroup$$Lambda$267
instanceKlass org/springframework/boot/autoconfigure/AutoConfigurationImportSelector$AutoConfigurationGroup$$Lambda$266
instanceKlass org/springframework/boot/autoconfigure/AutoConfigurationImportSelector$AutoConfigurationGroup$$Lambda$265
instanceKlass org/springframework/boot/autoconfigure/condition/ConditionEvaluationReportAutoConfigurationImportListener
instanceKlass org/springframework/boot/autoconfigure/AutoConfigurationImportListener
instanceKlass org/springframework/security/config/annotation/ObjectPostProcessor
instanceKlass org/springframework/mail/javamail/JavaMailSenderImpl
instanceKlass org/springframework/mail/javamail/JavaMailSender
instanceKlass org/springframework/mail/MailSender
instanceKlass org/springframework/boot/jdbc/XADataSourceWrapper
instanceKlass org/springframework/data/redis/connection/RedisConnectionFactory
instanceKlass org/springframework/cache/interceptor/AbstractCacheInvoker
instanceKlass org/springframework/boot/autoconfigure/condition/ConditionalOnWebApplication
instanceKlass org/springframework/orm/jpa/AbstractEntityManagerFactoryBean
instanceKlass org/springframework/orm/jpa/EntityManagerFactoryInfo
instanceKlass org/hibernate/engine/spi/SessionImplementor
instanceKlass org/hibernate/jpa/spi/HibernateEntityManagerImplementor
instanceKlass org/hibernate/jpa/spi/HibernateEntityManagerFactoryAware
instanceKlass org/hibernate/ejb/HibernateEntityManager
instanceKlass org/hibernate/engine/spi/SharedSessionContractImplementor
instanceKlass org/hibernate/query/spi/QueryProducerImplementor
instanceKlass org/hibernate/type/descriptor/WrapperOptions
instanceKlass org/hibernate/engine/jdbc/LobCreationContext
instanceKlass org/hibernate/resource/transaction/spi/TransactionCoordinatorBuilder$Options
instanceKlass org/hibernate/resource/jdbc/spi/JdbcSessionOwner
instanceKlass org/hibernate/Session
instanceKlass org/hibernate/jpa/HibernateEntityManager
instanceKlass org/hibernate/SharedSessionContract
instanceKlass org/hibernate/query/QueryProducer
instanceKlass org/springframework/boot/autoconfigure/cache/CacheAutoConfiguration
instanceKlass org/springframework/cloud/loadbalancer/annotation/LoadBalancerClientConfigurationRegistrar
instanceKlass com/netflix/discovery/EurekaClientConfig
instanceKlass com/netflix/discovery/EurekaClient
instanceKlass com/netflix/discovery/shared/LookupService
instanceKlass org/springframework/security/core/context/SecurityContext
instanceKlass reactor/core/publisher/Mono
instanceKlass com/netflix/hystrix/Hystrix
instanceKlass javax/persistence/EntityManager
instanceKlass org/springframework/cloud/context/scope/GenericScope
instanceKlass javax/activation/MimeType
instanceKlass org/springframework/oxm/Unmarshaller
instanceKlass org/springframework/oxm/Marshaller
instanceKlass javax/websocket/server/ServerContainer
instanceKlass javax/websocket/WebSocketContainer
instanceKlass javax/servlet/ServletRegistration
instanceKlass javax/servlet/Registration
instanceKlass org/springframework/web/multipart/support/StandardServletMultipartResolver
instanceKlass org/springframework/web/multipart/MultipartResolver
instanceKlass javax/servlet/MultipartConfigElement
instanceKlass org/springframework/jmx/support/MBeanRegistrationSupport
instanceKlass org/springframework/web/filter/GenericFilterBean
instanceKlass org/springframework/jmx/export/MBeanExportOperations
instanceKlass javax/transaction/TransactionManager
instanceKlass org/springframework/http/ReactiveHttpInputMessage
instanceKlass org/springframework/jdbc/support/JdbcAccessor
instanceKlass org/springframework/http/server/reactive/HttpHandler
instanceKlass org/springframework/http/client/support/HttpAccessor
instanceKlass org/springframework/jdbc/core/JdbcOperations
instanceKlass org/springframework/web/client/RestOperations
instanceKlass javax/transaction/Transaction
instanceKlass org/springframework/transaction/PlatformTransactionManager
instanceKlass org/springframework/transaction/TransactionManager
instanceKlass org/springframework/http/codec/CodecConfigurer
instanceKlass org/springframework/scheduling/TaskScheduler
instanceKlass org/springframework/util/CustomizableThreadCreator
instanceKlass org/springframework/web/servlet/config/annotation/WebMvcConfigurer
instanceKlass org/springframework/data/web/PageableHandlerMethodArgumentResolverSupport
instanceKlass org/springframework/scheduling/SchedulingTaskExecutor
instanceKlass org/springframework/core/task/AsyncListenableTaskExecutor
instanceKlass org/springframework/core/task/AsyncTaskExecutor
instanceKlass org/springframework/core/task/TaskExecutor
instanceKlass org/springframework/data/web/PageableArgumentResolver
instanceKlass org/springframework/web/method/support/HandlerMethodArgumentResolver
instanceKlass org/springframework/data/redis/repository/configuration/EnableRedisRepositories
instanceKlass org/springframework/data/redis/core/ReactiveRedisTemplate
instanceKlass org/springframework/data/redis/core/ReactiveRedisOperations
instanceKlass org/springframework/security/authentication/ReactiveAuthenticationManager
instanceKlass org/springframework/data/redis/connection/ReactiveRedisConnectionFactory
instanceKlass org/springframework/dao/support/PersistenceExceptionTranslator
instanceKlass org/springframework/security/web/server/WebFilterChainProxy
instanceKlass org/springframework/web/server/WebFilter
instanceKlass org/springframework/data/redis/core/RedisOperations
instanceKlass org/springframework/security/config/annotation/web/reactive/EnableWebFluxSecurity
instanceKlass reactor/core/publisher/Flux
instanceKlass reactor/core/CorePublisher
instanceKlass org/reactivestreams/Publisher
instanceKlass javax/naming/ldap/LdapContext
instanceKlass javax/naming/directory/DirContext
instanceKlass org/springframework/data/jpa/repository/JpaRepository
instanceKlass org/springframework/data/repository/query/QueryByExampleExecutor
instanceKlass org/springframework/data/repository/PagingAndSortingRepository
instanceKlass org/springframework/data/repository/CrudRepository
instanceKlass org/springframework/data/repository/Repository
instanceKlass org/springframework/security/web/context/AbstractSecurityWebApplicationInitializer
instanceKlass org/springframework/web/WebApplicationInitializer
instanceKlass org/springframework/security/authentication/AuthenticationManager
instanceKlass org/springframework/security/authentication/DefaultAuthenticationEventPublisher
instanceKlass org/springframework/security/authentication/AuthenticationEventPublisher
instanceKlass org/springframework/aop/framework/ProxyConfig
instanceKlass io/netty/buffer/AbstractByteBufAllocator
instanceKlass io/netty/buffer/ByteBufAllocator
instanceKlass io/netty/buffer/ByteBufAllocatorMetricProvider
instanceKlass org/springframework/cache/CacheManager
instanceKlass javax/sql/DataSource
instanceKlass java/sql/Wrapper
instanceKlass javax/sql/CommonDataSource
instanceKlass org/springframework/boot/autoconfigure/condition/OnClassCondition$ThreadedOutcomesResolver$$Lambda$264
instanceKlass org/springframework/boot/autoconfigure/condition/OnClassCondition$ThreadedOutcomesResolver
instanceKlass org/springframework/boot/autoconfigure/condition/OnClassCondition$StandardOutcomesResolver
instanceKlass org/springframework/boot/autoconfigure/AutoConfigurationMetadataLoader$PropertiesAutoConfigurationMetadata
instanceKlass org/springframework/boot/autoconfigure/AutoConfigurationMetadata
instanceKlass org/springframework/boot/autoconfigure/AutoConfigurationMetadataLoader
instanceKlass org/springframework/boot/autoconfigure/AutoConfigurationImportSelector$ConfigurationClassFilter
instanceKlass org/springframework/boot/autoconfigure/AutoConfigurationImportSelector$$Lambda$263
instanceKlass org/springframework/boot/autoconfigure/AutoConfigurationImportSelector$$Lambda$262
instanceKlass org/springframework/boot/autoconfigure/AutoConfigurationImportSelector$AutoConfigurationGroup$$Lambda$261
instanceKlass org/springframework/boot/autoconfigure/condition/OnPropertyCondition$Spec
instanceKlass org/springframework/boot/autoconfigure/condition/OnPropertyCondition$$Lambda$260
instanceKlass org/springframework/boot/autoconfigure/AutoConfigurationImportSelector$AutoConfigurationGroup
instanceKlass java/util/function/Predicate$$Lambda$259
instanceKlass org/springframework/boot/autoconfigure/AutoConfigurationImportSelector$$Lambda$258
instanceKlass org/springframework/boot/autoconfigure/AutoConfigurationImportSelector$AutoConfigurationEntry
instanceKlass org/springframework/security/config/annotation/method/configuration/MethodSecurityMetadataSourceAdvisorRegistrar
instanceKlass org/springframework/context/annotation/AutoProxyRegistrar
instanceKlass org/springframework/security/config/annotation/method/configuration/GlobalMethodSecurityConfiguration
instanceKlass org/springframework/security/config/annotation/web/configuration/WebSecurityConfigurerAdapter
instanceKlass org/springframework/security/config/annotation/web/WebSecurityConfigurer
instanceKlass org/springframework/security/config/annotation/SecurityConfigurer
instanceKlass org/springframework/security/config/annotation/method/configuration/GlobalMethodSecuritySelector$$Lambda$257
instanceKlass javax/servlet/GenericServlet
instanceKlass javax/servlet/ServletConfig
instanceKlass javax/servlet/FilterChain
instanceKlass javax/servlet/FilterConfig
instanceKlass javax/servlet/Filter
instanceKlass org/springframework/stereotype/Service
instanceKlass org/springframework/stereotype/Repository
instanceKlass javax/persistence/Index
instanceKlass javax/persistence/UniqueConstraint
instanceKlass javax/persistence/Table
instanceKlass javax/persistence/Entity
instanceKlass org/springframework/web/bind/annotation/DeleteMapping
instanceKlass org/springframework/web/bind/annotation/PutMapping
instanceKlass org/springframework/security/access/prepost/PreAuthorize
instanceKlass org/springframework/web/bind/annotation/GetMapping
instanceKlass org/springframework/web/bind/annotation/PostMapping
instanceKlass org/springframework/web/bind/annotation/Mapping
instanceKlass org/springframework/web/bind/annotation/RequestMapping
instanceKlass org/springframework/web/bind/annotation/ResponseBody
instanceKlass org/springframework/stereotype/Controller
instanceKlass org/springframework/web/bind/annotation/RestController
instanceKlass org/springframework/core/type/AnnotationMetadata$$Lambda$256
instanceKlass org/springframework/security/config/annotation/method/configuration/GlobalMethodSecuritySelector
instanceKlass org/springframework/security/config/annotation/method/configuration/EnableGlobalMethodSecurity
instanceKlass org/springframework/security/config/annotation/authentication/configuration/AuthenticationConfiguration
instanceKlass org/springframework/security/config/annotation/authentication/configuration/EnableGlobalAuthentication
instanceKlass org/springframework/security/config/annotation/web/configuration/OAuth2ImportSelector
instanceKlass org/springframework/security/config/annotation/web/configuration/SpringWebMvcImportSelector
instanceKlass org/springframework/security/config/annotation/web/configuration/WebSecurityConfiguration
instanceKlass org/springframework/security/config/annotation/web/configuration/EnableWebSecurity
instanceKlass sun/nio/ch/IOStatus
instanceKlass java/nio/DirectByteBuffer$Deallocator
instanceKlass sun/nio/ch/Util$BufferCache
instanceKlass sun/nio/ch/Util$2
instanceKlass sun/nio/ch/Util
instanceKlass sun/nio/ch/NativeThread
instanceKlass java/nio/channels/spi/AbstractInterruptibleChannel$1
instanceKlass java/nio/channels/Channels
instanceKlass sun/nio/ch/FileDispatcherImpl$1
instanceKlass sun/nio/ch/NativeDispatcher
instanceKlass sun/nio/ch/NativeThreadSet
instanceKlass sun/nio/ch/IOUtil$1
instanceKlass sun/nio/ch/IOUtil
instanceKlass java/nio/channels/spi/AbstractInterruptibleChannel
instanceKlass java/nio/channels/InterruptibleChannel
instanceKlass java/nio/channels/ScatteringByteChannel
instanceKlass java/nio/channels/GatheringByteChannel
instanceKlass java/nio/channels/SeekableByteChannel
instanceKlass java/nio/channels/ByteChannel
instanceKlass sun/nio/fs/NativeBuffer$Deallocator
instanceKlass sun/nio/fs/NativeBuffer
instanceKlass sun/nio/fs/NativeBuffers
instanceKlass sun/nio/fs/WindowsNativeDispatcher$BackupResult
instanceKlass sun/nio/fs/WindowsNativeDispatcher$CompletionStatus
instanceKlass sun/nio/fs/WindowsNativeDispatcher$AclInformation
instanceKlass sun/nio/fs/WindowsNativeDispatcher$Account
instanceKlass sun/nio/fs/WindowsNativeDispatcher$DiskFreeSpace
instanceKlass sun/nio/fs/WindowsNativeDispatcher$VolumeInformation
instanceKlass sun/nio/fs/WindowsNativeDispatcher$FirstStream
instanceKlass sun/nio/fs/WindowsNativeDispatcher$FirstFile
instanceKlass sun/nio/fs/WindowsNativeDispatcher$1
instanceKlass sun/nio/fs/WindowsNativeDispatcher
instanceKlass sun/nio/fs/WindowsChannelFactory$Flags
instanceKlass sun/nio/fs/WindowsChannelFactory$1
instanceKlass sun/nio/fs/WindowsChannelFactory
instanceKlass sun/nio/fs/WindowsSecurityDescriptor
instanceKlass java/nio/file/attribute/FileAttribute
instanceKlass java/nio/file/Files
instanceKlass java/nio/file/OpenOption
instanceKlass sun/nio/fs/AbstractPath
instanceKlass sun/nio/fs/Util
instanceKlass sun/nio/fs/WindowsPathParser$Result
instanceKlass sun/nio/fs/WindowsPathParser
instanceKlass java/nio/file/FileSystem
instanceKlass java/nio/file/spi/FileSystemProvider
instanceKlass sun/nio/fs/DefaultFileSystemProvider
instanceKlass java/nio/file/FileSystems$DefaultFileSystemHolder$1
instanceKlass java/nio/file/FileSystems$DefaultFileSystemHolder
instanceKlass java/nio/file/FileSystems
instanceKlass org/springframework/util/AntPathMatcher$AntPathStringMatcher
instanceKlass org/springframework/core/io/support/PathMatchingResourcePatternResolver$$Lambda$255
instanceKlass org/springframework/context/annotation/ComponentScanAnnotationParser$2
instanceKlass org/springframework/core/annotation/TypeMappedAnnotation$$Lambda$254
instanceKlass org/springframework/boot/web/servlet/context/ServletWebServerApplicationContext$ExistingWebApplicationScopes$$Lambda$253
instanceKlass org/springframework/web/context/support/WebApplicationContextUtils$WebRequestObjectFactory
instanceKlass org/springframework/web/context/request/WebRequest
instanceKlass org/springframework/web/context/request/RequestAttributes
instanceKlass org/springframework/web/context/support/WebApplicationContextUtils$SessionObjectFactory
instanceKlass javax/servlet/http/HttpSession
instanceKlass org/springframework/web/context/support/WebApplicationContextUtils$ResponseObjectFactory
instanceKlass javax/servlet/ServletResponse
instanceKlass org/springframework/web/context/support/WebApplicationContextUtils$RequestObjectFactory
instanceKlass javax/servlet/ServletRequest
instanceKlass org/springframework/web/context/request/AbstractRequestAttributesScope
instanceKlass org/springframework/boot/web/servlet/context/ServletWebServerApplicationContext$ExistingWebApplicationScopes
instanceKlass org/springframework/web/context/ServletContextAware
instanceKlass org/springframework/web/context/support/ServletContextAwareProcessor
instanceKlass org/springframework/web/context/request/RequestContextHolder
instanceKlass org/springframework/web/context/support/WebApplicationContextUtils
instanceKlass org/springframework/cloud/commons/util/SpringFactoryImportSelector
instanceKlass org/springframework/boot/autoconfigure/AutoConfigurationPackages$Registrar
instanceKlass org/springframework/boot/context/annotation/DeterminableImports
instanceKlass org/springframework/boot/autoconfigure/AutoConfigurationImportSelector
instanceKlass org/springframework/boot/autoconfigure/AutoConfigurationExcludeFilter
instanceKlass org/springframework/boot/context/TypeExcludeFilter
instanceKlass java/lang/annotation/Repeatable
instanceKlass org/springframework/boot/autoconfigure/AutoConfigurationPackage
instanceKlass org/springframework/context/annotation/ComponentScan$Filter
instanceKlass org/springframework/cloud/client/discovery/EnableDiscoveryClient
instanceKlass org/springframework/boot/autoconfigure/EnableAutoConfiguration
instanceKlass org/springframework/boot/SpringBootConfiguration
instanceKlass org/springframework/boot/autoconfigure/SpringBootApplication
instanceKlass ch/qos/logback/core/pattern/SpacePadder
instanceKlass java/text/DontCareFieldPosition$1
instanceKlass java/text/Format$FieldDelegate
instanceKlass ch/qos/logback/classic/util/LogbackMDCAdapter
instanceKlass org/slf4j/impl/StaticMDCBinder
instanceKlass org/slf4j/spi/MDCAdapter
instanceKlass org/slf4j/MDC
instanceKlass ch/qos/logback/classic/spi/EventArgUtil
instanceKlass ch/qos/logback/classic/spi/IThrowableProxy
instanceKlass ch/qos/logback/classic/spi/LoggingEvent
instanceKlass org/springframework/beans/factory/config/NamedBeanHolder
instanceKlass org/springframework/beans/factory/NamedBean
instanceKlass org/springframework/cloud/bootstrap/encrypt/EnvironmentDecryptApplicationInitializer$$Lambda$252
instanceKlass org/springframework/boot/builder/ParentContextApplicationContextInitializer$EventPublisher
instanceKlass org/springframework/beans/factory/config/Scope
instanceKlass org/springframework/ui/context/ThemeSource
instanceKlass org/springframework/boot/web/context/ConfigurableWebServerApplicationContext
instanceKlass org/springframework/boot/web/context/WebServerApplicationContext
instanceKlass org/springframework/boot/SpringApplicationBannerPrinter$PrintedBanner
instanceKlass java/io/Console$2
instanceKlass sun/misc/JavaIOAccess
instanceKlass java/io/Console$1
instanceKlass java/io/Console
instanceKlass org/springframework/boot/SpringBootVersion
instanceKlass org/springframework/boot/SpringApplicationBannerPrinter$Banners
instanceKlass org/springframework/boot/SpringBootBanner
instanceKlass org/springframework/boot/SpringApplicationBannerPrinter
instanceKlass org/springframework/boot/EnvironmentConverter
instanceKlass org/springframework/boot/context/config/ConfigFileApplicationListener$Loader$$Lambda$251
instanceKlass org/springframework/boot/context/config/ConfigFileApplicationListener$Loader$$Lambda$250
instanceKlass org/springframework/boot/context/config/ConfigFileApplicationListener$Loader$$Lambda$249
instanceKlass org/springframework/beans/factory/config/YamlProcessor$$Lambda$248
instanceKlass java/util/Map$Entry$$Lambda$247
instanceKlass org/springframework/core/SortedProperties$$Lambda$246
instanceKlass org/springframework/beans/factory/config/YamlProcessor$$Lambda$245
instanceKlass org/springframework/boot/origin/OriginTrackedValue
instanceKlass org/springframework/boot/origin/TextResourceOrigin
instanceKlass org/springframework/boot/origin/TextResourceOrigin$Location
instanceKlass java/util/TreeMap$NavigableSubMap$SubMapIterator
instanceKlass java/util/Collections$ReverseComparator
instanceKlass org/springframework/boot/env/OriginTrackedYamlLoader$OriginTrackingConstructor$$Lambda$244
instanceKlass org/yaml/snakeyaml/parser/ParserImpl$ParseDocumentStart
instanceKlass org/yaml/snakeyaml/nodes/NodeTuple
instanceKlass org/yaml/snakeyaml/events/ImplicitTuple
instanceKlass org/yaml/snakeyaml/parser/ParserImpl$ParseBlockMappingValue
instanceKlass org/yaml/snakeyaml/parser/ParserImpl$ParseBlockMappingKey
instanceKlass org/yaml/snakeyaml/resolver/Resolver$1
instanceKlass org/yaml/snakeyaml/parser/ParserImpl$ParseBlockMappingFirstKey
instanceKlass org/yaml/snakeyaml/parser/ParserImpl$ParseBlockNode
instanceKlass org/yaml/snakeyaml/parser/ParserImpl$ParseDocumentEnd
instanceKlass org/yaml/snakeyaml/scanner/SimpleKey
instanceKlass org/yaml/snakeyaml/scanner/Constant
instanceKlass org/yaml/snakeyaml/parser/ParserImpl$ParseImplicitDocumentStart
instanceKlass org/yaml/snakeyaml/Yaml$YamlIterable
instanceKlass org/yaml/snakeyaml/Yaml$1
instanceKlass org/yaml/snakeyaml/parser/ParserImpl$ParseStreamStart
instanceKlass org/yaml/snakeyaml/parser/VersionTagsTuple
instanceKlass org/yaml/snakeyaml/error/Mark
instanceKlass org/yaml/snakeyaml/util/ArrayStack
instanceKlass org/yaml/snakeyaml/tokens/Token
instanceKlass org/yaml/snakeyaml/scanner/ScannerImpl
instanceKlass org/yaml/snakeyaml/reader/StreamReader
instanceKlass org/yaml/snakeyaml/events/Event
instanceKlass org/yaml/snakeyaml/parser/Production
instanceKlass org/yaml/snakeyaml/scanner/Scanner
instanceKlass org/yaml/snakeyaml/parser/ParserImpl
instanceKlass org/yaml/snakeyaml/composer/Composer
instanceKlass sun/net/DefaultProgressMeteringPolicy
instanceKlass sun/net/ProgressMeteringPolicy
instanceKlass sun/net/ProgressMonitor
instanceKlass org/yaml/snakeyaml/util/PlatformFeatureDetector
instanceKlass org/yaml/snakeyaml/introspector/Property
instanceKlass org/yaml/snakeyaml/introspector/PropertyUtils
instanceKlass org/yaml/snakeyaml/emitter/Emitable
instanceKlass org/yaml/snakeyaml/parser/Parser
instanceKlass org/yaml/snakeyaml/resolver/ResolverTuple
instanceKlass org/yaml/snakeyaml/representer/Representer$RepresentJavaBean
instanceKlass org/yaml/snakeyaml/representer/SafeRepresenter$RepresentEnum
instanceKlass org/yaml/snakeyaml/representer/SafeRepresenter$RepresentDate
instanceKlass org/yaml/snakeyaml/representer/SafeRepresenter$RepresentArray
instanceKlass org/yaml/snakeyaml/representer/SafeRepresenter$RepresentIterator
instanceKlass org/yaml/snakeyaml/representer/SafeRepresenter$RepresentSet
instanceKlass org/yaml/snakeyaml/representer/SafeRepresenter$RepresentMap
instanceKlass org/yaml/snakeyaml/representer/SafeRepresenter$RepresentList
instanceKlass org/yaml/snakeyaml/representer/SafeRepresenter$RepresentNumber
instanceKlass org/yaml/snakeyaml/representer/SafeRepresenter$RepresentPrimitiveArray
instanceKlass org/yaml/snakeyaml/representer/SafeRepresenter$RepresentByteArray
instanceKlass org/yaml/snakeyaml/representer/SafeRepresenter$RepresentUuid
instanceKlass org/yaml/snakeyaml/representer/SafeRepresenter$RepresentBoolean
instanceKlass org/yaml/snakeyaml/representer/SafeRepresenter$RepresentString
instanceKlass org/yaml/snakeyaml/representer/SafeRepresenter$RepresentNull
instanceKlass org/yaml/snakeyaml/serializer/NumberAnchorGenerator
instanceKlass org/yaml/snakeyaml/serializer/AnchorGenerator
instanceKlass org/yaml/snakeyaml/DumperOptions
instanceKlass org/yaml/snakeyaml/representer/Represent
instanceKlass org/yaml/snakeyaml/representer/BaseRepresenter
instanceKlass org/yaml/snakeyaml/constructor/SafeConstructor$ConstructYamlMap
instanceKlass org/yaml/snakeyaml/constructor/SafeConstructor$ConstructYamlSeq
instanceKlass org/yaml/snakeyaml/constructor/SafeConstructor$ConstructYamlSet
instanceKlass org/yaml/snakeyaml/external/com/google/gdata/util/common/base/UnicodeEscaper
instanceKlass org/yaml/snakeyaml/external/com/google/gdata/util/common/base/Escaper
instanceKlass org/yaml/snakeyaml/util/UriEncoder
instanceKlass org/yaml/snakeyaml/nodes/Tag
instanceKlass org/yaml/snakeyaml/TypeDescription
instanceKlass org/yaml/snakeyaml/constructor/AbstractConstruct
instanceKlass org/yaml/snakeyaml/constructor/Construct
instanceKlass org/yaml/snakeyaml/nodes/Node
instanceKlass org/yaml/snakeyaml/LoaderOptions
instanceKlass org/springframework/boot/env/OriginTrackedYamlLoader$$Lambda$243
instanceKlass org/springframework/beans/factory/config/YamlProcessor$MatchCallback
instanceKlass org/yaml/snakeyaml/resolver/Resolver
instanceKlass org/yaml/snakeyaml/constructor/BaseConstructor
instanceKlass org/springframework/beans/factory/config/YamlProcessor
instanceKlass org/yaml/snakeyaml/Yaml
instanceKlass org/springframework/boot/context/config/ConfigFileApplicationListener$DocumentsCacheKey
instanceKlass org/springframework/cloud/bootstrap/BootstrapApplicationListener$DelegatingEnvironmentDecryptApplicationInitializer
instanceKlass org/springframework/cloud/bootstrap/BootstrapApplicationListener$BootstrapMarkerConfiguration
instanceKlass org/springframework/cloud/bootstrap/BootstrapApplicationListener$CloseContextOnFailureApplicationListener
instanceKlass org/springframework/cloud/bootstrap/BootstrapApplicationListener$AncestorInitializer
instanceKlass org/springframework/boot/autoconfigure/BackgroundPreinitializer$CharsetInitializer
instanceKlass org/springframework/boot/autoconfigure/BackgroundPreinitializer$JacksonInitializer
instanceKlass org/springframework/http/converter/json/Jackson2ObjectMapperBuilder$$Lambda$242
instanceKlass org/springframework/http/converter/json/Jackson2ObjectMapperBuilder$$Lambda$241
instanceKlass org/springframework/http/converter/json/Jackson2ObjectMapperBuilder$$Lambda$240
instanceKlass java/lang/invoke/LambdaForm$DMH
instanceKlass com/fasterxml/jackson/databind/deser/ValueInstantiators$Base
instanceKlass com/fasterxml/jackson/databind/util/ArrayBuilders
instanceKlass com/fasterxml/jackson/databind/ObjectMapper$1
instanceKlass com/fasterxml/jackson/datatype/jdk8/PackageVersion
instanceKlass com/fasterxml/jackson/databind/module/SimpleKeyDeserializers
instanceKlass com/fasterxml/jackson/datatype/jsr310/ser/ZonedDateTimeSerializer$$Lambda$239
instanceKlass com/fasterxml/jackson/datatype/jsr310/ser/ZonedDateTimeSerializer$$Lambda$238
instanceKlass java/lang/invoke/LambdaForm$DMH
instanceKlass com/fasterxml/jackson/datatype/jsr310/ser/ZonedDateTimeSerializer$$Lambda$237
instanceKlass com/fasterxml/jackson/datatype/jsr310/ser/OffsetDateTimeSerializer$$Lambda$236
instanceKlass com/fasterxml/jackson/datatype/jsr310/ser/OffsetDateTimeSerializer$$Lambda$235
instanceKlass com/fasterxml/jackson/datatype/jsr310/ser/OffsetDateTimeSerializer$$Lambda$234
instanceKlass java/lang/invoke/LambdaForm$DMH
instanceKlass com/fasterxml/jackson/datatype/jsr310/ser/InstantSerializer$$Lambda$233
instanceKlass java/util/function/ToIntFunction
instanceKlass com/fasterxml/jackson/datatype/jsr310/ser/InstantSerializer$$Lambda$232
instanceKlass com/fasterxml/jackson/datatype/jsr310/ser/InstantSerializer$$Lambda$231
instanceKlass java/util/function/ToLongFunction
instanceKlass java/lang/invoke/LambdaForm$DMH
instanceKlass com/fasterxml/jackson/databind/ser/Serializers$Base
instanceKlass com/fasterxml/jackson/databind/type/ClassKey
instanceKlass com/fasterxml/jackson/databind/deser/Deserializers$Base
instanceKlass com/fasterxml/jackson/datatype/jsr310/deser/InstantDeserializer$$Lambda$230
instanceKlass com/fasterxml/jackson/datatype/jsr310/deser/InstantDeserializer$$Lambda$229
instanceKlass com/fasterxml/jackson/datatype/jsr310/deser/InstantDeserializer$$Lambda$228
instanceKlass com/fasterxml/jackson/datatype/jsr310/deser/InstantDeserializer$$Lambda$227
instanceKlass com/fasterxml/jackson/datatype/jsr310/deser/InstantDeserializer$$Lambda$226
instanceKlass com/fasterxml/jackson/datatype/jsr310/deser/InstantDeserializer$$Lambda$225
instanceKlass com/fasterxml/jackson/datatype/jsr310/deser/InstantDeserializer$$Lambda$224
instanceKlass com/fasterxml/jackson/datatype/jsr310/deser/InstantDeserializer$$Lambda$223
instanceKlass com/fasterxml/jackson/datatype/jsr310/deser/InstantDeserializer$$Lambda$222
instanceKlass com/fasterxml/jackson/datatype/jsr310/deser/InstantDeserializer$$Lambda$221
instanceKlass com/fasterxml/jackson/datatype/jsr310/deser/InstantDeserializer$FromDecimalArguments
instanceKlass com/fasterxml/jackson/datatype/jsr310/deser/InstantDeserializer$$Lambda$220
instanceKlass com/fasterxml/jackson/datatype/jsr310/deser/InstantDeserializer$FromIntegerArguments
instanceKlass com/fasterxml/jackson/datatype/jsr310/deser/InstantDeserializer$$Lambda$219
instanceKlass com/fasterxml/jackson/core/Version
instanceKlass com/fasterxml/jackson/core/util/VersionUtil
instanceKlass com/fasterxml/jackson/datatype/jsr310/PackageVersion
instanceKlass com/fasterxml/jackson/databind/type/TypeModifier
instanceKlass com/fasterxml/jackson/databind/ser/BeanSerializerModifier
instanceKlass com/fasterxml/jackson/databind/ser/Serializers
instanceKlass com/fasterxml/jackson/databind/cfg/SerializerFactoryConfig
instanceKlass com/fasterxml/jackson/databind/ser/std/StdJdkSerializers
instanceKlass com/fasterxml/jackson/databind/ser/std/NumberSerializers
instanceKlass com/fasterxml/jackson/databind/deser/DeserializerCache
instanceKlass com/fasterxml/jackson/databind/KeyDeserializer
instanceKlass com/fasterxml/jackson/databind/deser/std/StdKeyDeserializers
instanceKlass com/fasterxml/jackson/databind/deser/KeyDeserializers
instanceKlass com/fasterxml/jackson/databind/deser/ValueInstantiators
instanceKlass com/fasterxml/jackson/databind/AbstractTypeResolver
instanceKlass com/fasterxml/jackson/databind/deser/BeanDeserializerModifier
instanceKlass com/fasterxml/jackson/databind/cfg/DeserializerFactoryConfig
instanceKlass com/fasterxml/jackson/databind/PropertyName
instanceKlass com/fasterxml/jackson/databind/deser/Deserializers
instanceKlass com/fasterxml/jackson/annotation/ObjectIdGenerator
instanceKlass com/fasterxml/jackson/databind/deser/ResolvableDeserializer
instanceKlass com/fasterxml/jackson/databind/deser/ValueInstantiator$Gettable
instanceKlass com/fasterxml/jackson/databind/deser/ContextualDeserializer
instanceKlass com/fasterxml/jackson/databind/JsonDeserializer
instanceKlass com/fasterxml/jackson/databind/deser/NullValueProvider
instanceKlass com/fasterxml/jackson/databind/ser/SerializerCache
instanceKlass com/fasterxml/jackson/databind/ser/ResolvableSerializer
instanceKlass com/fasterxml/jackson/databind/ser/ContextualSerializer
instanceKlass com/fasterxml/jackson/databind/jsonschema/SchemaAware
instanceKlass com/fasterxml/jackson/databind/JsonSerializer
instanceKlass com/fasterxml/jackson/databind/jsonFormatVisitors/JsonFormatVisitable
instanceKlass com/fasterxml/jackson/databind/node/JsonNodeFactory
instanceKlass com/fasterxml/jackson/databind/node/JsonNodeCreator
instanceKlass com/fasterxml/jackson/databind/cfg/ContextAttributes
instanceKlass com/fasterxml/jackson/core/util/Separators
instanceKlass com/fasterxml/jackson/core/util/DefaultPrettyPrinter$NopIndenter
instanceKlass com/fasterxml/jackson/databind/cfg/ConfigFeature
instanceKlass com/fasterxml/jackson/databind/cfg/ConfigOverride
instanceKlass com/fasterxml/jackson/annotation/JsonFormat$Features
instanceKlass com/fasterxml/jackson/annotation/JsonFormat$Value
instanceKlass com/fasterxml/jackson/databind/introspect/VisibilityChecker$Std
instanceKlass com/fasterxml/jackson/annotation/JsonSetter$Value
instanceKlass com/fasterxml/jackson/annotation/JsonInclude$Value
instanceKlass com/fasterxml/jackson/annotation/JacksonAnnotationValue
instanceKlass com/fasterxml/jackson/databind/cfg/ConfigOverrides
instanceKlass com/fasterxml/jackson/databind/introspect/AnnotatedClass$Creators
instanceKlass com/fasterxml/jackson/databind/introspect/AnnotationCollector$NoAnnotations
instanceKlass com/fasterxml/jackson/databind/util/Annotations
instanceKlass com/fasterxml/jackson/databind/introspect/AnnotationCollector
instanceKlass com/fasterxml/jackson/databind/introspect/AnnotatedClassResolver
instanceKlass com/fasterxml/jackson/databind/BeanDescription
instanceKlass com/fasterxml/jackson/databind/cfg/MapperConfig
instanceKlass com/fasterxml/jackson/databind/introspect/SimpleMixInResolver
instanceKlass com/fasterxml/jackson/databind/introspect/ClassIntrospector$MixInResolver
instanceKlass com/fasterxml/jackson/databind/util/RootNameLookup
instanceKlass com/fasterxml/jackson/core/sym/ByteQuadsCanonicalizer$TableInfo
instanceKlass com/fasterxml/jackson/core/sym/ByteQuadsCanonicalizer
instanceKlass com/fasterxml/jackson/core/sym/CharsToNameCanonicalizer$Bucket
instanceKlass com/fasterxml/jackson/core/sym/CharsToNameCanonicalizer$TableInfo
instanceKlass com/fasterxml/jackson/core/sym/CharsToNameCanonicalizer
instanceKlass com/fasterxml/jackson/core/io/CharTypes
instanceKlass com/fasterxml/jackson/core/io/JsonStringEncoder
instanceKlass com/fasterxml/jackson/core/io/SerializedString
instanceKlass com/fasterxml/jackson/core/util/DefaultPrettyPrinter
instanceKlass com/fasterxml/jackson/core/util/Instantiatable
instanceKlass com/fasterxml/jackson/core/async/ByteArrayFeeder
instanceKlass com/fasterxml/jackson/core/async/NonBlockingInputFeeder
instanceKlass com/fasterxml/jackson/core/TSFBuilder
instanceKlass com/fasterxml/jackson/core/SerializableString
instanceKlass com/fasterxml/jackson/core/Base64Variant
instanceKlass com/fasterxml/jackson/core/Base64Variants
instanceKlass com/fasterxml/jackson/databind/type/TypeBindings
instanceKlass com/fasterxml/jackson/databind/type/TypeParser
instanceKlass com/fasterxml/jackson/databind/type/TypeFactory
instanceKlass com/fasterxml/jackson/databind/cfg/BaseSettings
instanceKlass com/fasterxml/jackson/databind/util/LRUMap
instanceKlass java/beans/ConstructorProperties
instanceKlass com/fasterxml/jackson/databind/util/ClassUtil$Ctor
instanceKlass com/fasterxml/jackson/databind/util/ClassUtil
instanceKlass com/fasterxml/jackson/databind/ext/Java7Support
instanceKlass com/fasterxml/jackson/annotation/JsonMerge
instanceKlass com/fasterxml/jackson/databind/annotation/JsonDeserialize
instanceKlass com/fasterxml/jackson/annotation/JsonManagedReference
instanceKlass com/fasterxml/jackson/annotation/JsonBackReference
instanceKlass com/fasterxml/jackson/annotation/JsonUnwrapped
instanceKlass com/fasterxml/jackson/annotation/JsonRawValue
instanceKlass com/fasterxml/jackson/annotation/JsonTypeInfo
instanceKlass com/fasterxml/jackson/annotation/JsonFormat
instanceKlass com/fasterxml/jackson/annotation/JsonView
instanceKlass com/fasterxml/jackson/databind/annotation/JsonSerialize
instanceKlass com/fasterxml/jackson/databind/introspect/ConcreteBeanPropertyBase
instanceKlass com/fasterxml/jackson/databind/BeanProperty
instanceKlass com/fasterxml/jackson/databind/introspect/BeanPropertyDefinition
instanceKlass com/fasterxml/jackson/databind/util/Named
instanceKlass com/fasterxml/jackson/databind/introspect/TypeResolutionContext
instanceKlass com/fasterxml/jackson/databind/introspect/Annotated
instanceKlass com/fasterxml/jackson/databind/introspect/VisibilityChecker
instanceKlass com/fasterxml/jackson/databind/introspect/ClassIntrospector
instanceKlass org/springframework/util/StopWatch$TaskInfo
instanceKlass org/springframework/util/ConcurrentReferenceHashMap$EntryIterator
instanceKlass java/util/AbstractMap$1$1
instanceKlass org/springframework/beans/CachedIntrospectionResults$$Lambda$218
instanceKlass org/springframework/beans/CachedIntrospectionResults$$Lambda$217
instanceKlass org/springframework/beans/CachedIntrospectionResults$$Lambda$216
instanceKlass org/springframework/context/support/LiveBeansView
instanceKlass org/springframework/context/support/LiveBeansViewMBean
instanceKlass org/springframework/boot/autoconfigure/condition/ConditionEvaluationReport$$Lambda$215
instanceKlass org/springframework/boot/autoconfigure/condition/ConditionEvaluationReport$$Lambda$214
instanceKlass com/fasterxml/jackson/core/type/ResolvedType
instanceKlass java/lang/invoke/LambdaForm$MH
instanceKlass java/lang/invoke/LambdaForm$DMH
instanceKlass java/lang/invoke/LambdaForm$DMH
instanceKlass org/springframework/context/support/DefaultLifecycleProcessor$$Lambda$213
instanceKlass java/lang/invoke/LambdaForm$DMH
instanceKlass org/springframework/context/support/DefaultLifecycleProcessor
instanceKlass com/fasterxml/jackson/core/JsonParser
instanceKlass org/springframework/core/annotation/AnnotatedElementUtils$$Lambda$212
instanceKlass org/springframework/core/MethodIntrospector$$Lambda$211
instanceKlass com/fasterxml/jackson/databind/JsonSerializable$Base
instanceKlass com/fasterxml/jackson/databind/JsonSerializable
instanceKlass java/lang/invoke/LambdaForm$DMH
instanceKlass org/springframework/core/MethodIntrospector
instanceKlass com/fasterxml/jackson/core/TreeNode
instanceKlass org/springframework/context/event/EventListenerMethodProcessor$$Lambda$210
instanceKlass org/springframework/core/MethodIntrospector$MetadataLookup
instanceKlass org/springframework/context/event/EventListener
instanceKlass com/fasterxml/jackson/databind/Module$SetupContext
instanceKlass org/springframework/aop/scope/ScopedObject
instanceKlass org/springframework/aop/RawTargetAccess
instanceKlass com/fasterxml/jackson/databind/jsontype/TypeResolverBuilder
instanceKlass org/springframework/aop/framework/autoproxy/AutoProxyUtils
instanceKlass org/springframework/beans/factory/annotation/InitDestroyAnnotationBeanPostProcessor$LifecycleElement
instanceKlass com/fasterxml/jackson/databind/jsontype/PolymorphicTypeValidator
instanceKlass sun/misc/ProxyGenerator$1
instanceKlass com/fasterxml/jackson/databind/AnnotationIntrospector
instanceKlass com/fasterxml/jackson/databind/ser/SerializerFactory
instanceKlass org/springframework/jmx/export/annotation/ManagedResource
instanceKlass org/springframework/jmx/export/annotation/ManagedAttribute
instanceKlass org/springframework/core/BridgeMethodResolver$$Lambda$209
instanceKlass org/springframework/core/BridgeMethodResolver$$Lambda$208
instanceKlass com/fasterxml/jackson/databind/deser/DeserializerFactory
instanceKlass com/fasterxml/jackson/databind/DatabindContext
instanceKlass org/springframework/jmx/export/annotation/ManagedOperation
instanceKlass org/springframework/beans/factory/support/ConstructorResolver$ArgumentsHolder
instanceKlass com/fasterxml/jackson/databind/jsontype/SubtypeResolver
instanceKlass com/fasterxml/jackson/core/TokenStreamFactory
instanceKlass org/springframework/cloud/bootstrap/encrypt/EncryptionBootstrapConfiguration$FailsafeTextEncryptor
instanceKlass com/fasterxml/jackson/databind/cfg/HandlerInstantiator
instanceKlass com/fasterxml/jackson/databind/Module
instanceKlass org/springframework/http/converter/json/Jackson2ObjectMapperBuilder
instanceKlass com/fasterxml/jackson/core/PrettyPrinter
instanceKlass com/fasterxml/jackson/core/util/DefaultPrettyPrinter$Indenter
instanceKlass org/springframework/http/converter/GenericHttpMessageConverter
instanceKlass org/springframework/core/SimpleAliasRegistry$$Lambda$207
instanceKlass org/springframework/beans/factory/support/DefaultListableBeanFactory$$Lambda$206
instanceKlass org/springframework/http/converter/xml/Jaxb2RootElementHttpMessageConverter$$Lambda$205
instanceKlass com/sun/org/apache/xalan/internal/utils/XMLSecurityManager
instanceKlass com/sun/org/apache/xalan/internal/utils/SecuritySupport$9
instanceKlass com/sun/org/apache/xalan/internal/utils/SecuritySupport$4
instanceKlass com/sun/org/apache/xalan/internal/utils/SecuritySupport
instanceKlass com/sun/org/apache/xalan/internal/utils/FeaturePropertyBase
instanceKlass jdk/xml/internal/SecuritySupport$2
instanceKlass jdk/xml/internal/SecuritySupport$1
instanceKlass jdk/xml/internal/SecuritySupport
instanceKlass jdk/xml/internal/JdkXmlFeatures
instanceKlass org/springframework/boot/context/properties/ConfigurationPropertiesBinder$$Lambda$204
instanceKlass javax/xml/transform/ErrorListener
instanceKlass com/sun/org/apache/xalan/internal/xsltc/compiler/SourceLoader
instanceKlass java/lang/invoke/LambdaForm$DMH
instanceKlass javax/xml/transform/SecuritySupport$1
instanceKlass javax/xml/transform/FactoryFinder$1
instanceKlass org/springframework/beans/factory/annotation/BeanFactoryAnnotationUtils
instanceKlass javax/xml/transform/SecuritySupport$5
instanceKlass javax/xml/transform/SecuritySupport$2
instanceKlass javax/xml/transform/SecuritySupport
instanceKlass org/springframework/boot/context/properties/ConversionServiceDeducer$Factory
instanceKlass javax/xml/transform/FactoryFinder
instanceKlass javax/xml/transform/TransformerFactory
instanceKlass org/springframework/core/NestedExceptionUtils
instanceKlass javax/xml/transform/stream/StreamSource
instanceKlass javax/xml/transform/stax/StAXSource
instanceKlass javax/xml/transform/sax/SAXSource
instanceKlass javax/xml/transform/dom/DOMSource
instanceKlass org/springframework/http/converter/xml/SourceHttpMessageConverter$$Lambda$203
instanceKlass org/springframework/boot/context/properties/ConversionServiceDeducer
instanceKlass javax/xml/stream/XMLResolver
instanceKlass java/lang/invoke/LambdaForm$DMH
instanceKlass org/springframework/http/converter/xml/SourceHttpMessageConverter$$Lambda$202
instanceKlass org/springframework/beans/factory/support/DefaultListableBeanFactory$1
instanceKlass java/lang/invoke/LambdaForm$DMH
instanceKlass org/springframework/beans/factory/support/DefaultListableBeanFactory$BeanObjectProvider
instanceKlass sun/invoke/util/VerifyAccess$1
instanceKlass org/w3c/dom/Node
instanceKlass org/springframework/boot/context/properties/ConfigurationPropertiesBindHandlerAdvisor
instanceKlass javax/xml/transform/Result
instanceKlass org/springframework/core/annotation/SynthesizedMergedAnnotationInvocationHandler$$Lambda$201
instanceKlass org/springframework/core/annotation/SynthesizedMergedAnnotationInvocationHandler$$Lambda$200
instanceKlass org/springframework/boot/context/properties/ConfigurationPropertiesBinder$$Lambda$199
instanceKlass org/springframework/boot/context/properties/bind/AbstractBindHandler
instanceKlass org/springframework/validation/annotation/Validated
instanceKlass org/springframework/core/log/CompositeLog$$Lambda$198
instanceKlass org/springframework/core/log/CompositeLog$$Lambda$197
instanceKlass org/springframework/core/log/CompositeLog$$Lambda$196
instanceKlass org/springframework/core/log/CompositeLog$$Lambda$195
instanceKlass org/springframework/core/log/CompositeLog$$Lambda$194
instanceKlass org/springframework/core/log/CompositeLog$$Lambda$193
instanceKlass org/springframework/core/annotation/SynthesizedMergedAnnotationInvocationHandler
instanceKlass org/apache/commons/logging/impl/NoOpLog
instanceKlass org/springframework/core/annotation/SynthesizedAnnotation
instanceKlass org/springframework/core/log/CompositeLog
instanceKlass org/springframework/core/log/LogDelegateFactory
instanceKlass org/springframework/http/HttpLogging
instanceKlass org/springframework/http/converter/AbstractHttpMessageConverter
instanceKlass java/util/concurrent/ConcurrentHashMap$MapEntry
instanceKlass com/google/gson/Gson
instanceKlass org/springframework/cloud/bootstrap/config/PropertySourceLocator
instanceKlass org/springframework/core/SerializableTypeWrapper$FieldTypeProvider
instanceKlass com/fasterxml/jackson/core/JsonGenerator
instanceKlass org/springframework/core/annotation/AnnotatedElementUtils$AnnotatedElementForAnnotations
instanceKlass org/springframework/core/annotation/AnnotationUtils$$Lambda$192
instanceKlass com/fasterxml/jackson/core/TreeCodec
instanceKlass org/springframework/beans/factory/annotation/InjectionMetadata$InjectedElement
instanceKlass com/fasterxml/jackson/core/Versioned
instanceKlass org/springframework/beans/factory/annotation/AutowiredAnnotationBeanPostProcessor$$Lambda$191
instanceKlass javax/xml/bind/Binder
instanceKlass org/springframework/beans/factory/SmartFactoryBean
instanceKlass org/springframework/util/MimeType$SpecificityComparator
instanceKlass org/springframework/http/MediaType$$Lambda$190
instanceKlass org/springframework/beans/factory/annotation/AutowiredAnnotationBeanPostProcessor$$Lambda$189
instanceKlass org/springframework/beans/factory/annotation/Lookup
instanceKlass org/springframework/util/MimeType$$Lambda$188
instanceKlass org/springframework/context/weaving/LoadTimeWeaverAware
instanceKlass org/springframework/util/LinkedCaseInsensitiveMap
instanceKlass org/springframework/context/support/MessageSourceSupport
instanceKlass org/springframework/context/HierarchicalMessageSource
instanceKlass org/springframework/util/MimeType
instanceKlass org/springframework/boot/context/properties/ConfigurationPropertiesBean
instanceKlass org/springframework/beans/factory/annotation/AutowiredAnnotationBeanPostProcessor$$Lambda$187
instanceKlass org/springframework/beans/factory/annotation/AutowiredAnnotationBeanPostProcessor$$Lambda$186
instanceKlass org/springframework/context/annotation/CommonAnnotationBeanPostProcessor$$Lambda$185
instanceKlass org/springframework/http/HttpOutputMessage
instanceKlass org/springframework/http/HttpMessage
instanceKlass org/springframework/context/annotation/CommonAnnotationBeanPostProcessor$$Lambda$184
instanceKlass org/springframework/beans/factory/annotation/InitDestroyAnnotationBeanPostProcessor$$Lambda$183
instanceKlass org/springframework/http/converter/FormHttpMessageConverter
instanceKlass org/springframework/http/converter/HttpMessageConverter
instanceKlass org/springframework/lang/Nullable
instanceKlass org/springframework/orm/jpa/support/PersistenceAnnotationBeanPostProcessor$$Lambda$182
instanceKlass org/springframework/boot/autoconfigure/BackgroundPreinitializer$MessageConverterInitializer
instanceKlass org/springframework/orm/jpa/support/PersistenceAnnotationBeanPostProcessor$$Lambda$181
instanceKlass org/hibernate/validator/internal/engine/validationcontext/ValidatorScopedContext
instanceKlass org/springframework/util/ReflectionUtils$FieldCallback
instanceKlass javax/validation/groups/Default
instanceKlass javax/persistence/PersistenceUnit
instanceKlass javax/persistence/PersistenceContext
instanceKlass org/springframework/beans/factory/annotation/InjectionMetadata
instanceKlass org/hibernate/validator/internal/engine/validationcontext/BaseBeanValidationContext
instanceKlass org/springframework/boot/context/properties/ConfigurationPropertiesJsr303Validator
instanceKlass org/hibernate/validator/internal/engine/validationcontext/ValidationContext
instanceKlass org/springframework/boot/context/properties/PropertySourcesDeducer
instanceKlass org/hibernate/validator/internal/engine/valuecontext/ValueContext
instanceKlass org/springframework/util/ReflectionUtils$$Lambda$180
instanceKlass javax/validation/valueextraction/ValueExtractor$ValueReceiver
instanceKlass javax/validation/Path$Node
instanceKlass javax/validation/Path
instanceKlass org/hibernate/validator/internal/engine/ValidatorImpl
instanceKlass javax/annotation/PreDestroy
instanceKlass javax/validation/executable/ExecutableValidator
instanceKlass org/springframework/jndi/JndiTemplate
instanceKlass org/hibernate/validator/group/GroupSequenceProvider
instanceKlass javax/validation/GroupSequence
instanceKlass org/hibernate/validator/internal/metadata/raw/BeanConfiguration
instanceKlass javax/xml/ws/WebServiceRef
instanceKlass org/hibernate/validator/internal/util/privilegedactions/GetDeclaredConstructors
instanceKlass org/springframework/beans/factory/annotation/InitDestroyAnnotationBeanPostProcessor$LifecycleMetadata
instanceKlass org/hibernate/validator/internal/properties/javabean/JavaBeanHelper$JavaBeanPropertyImpl
instanceKlass org/hibernate/validator/spi/nodenameprovider/JavaBeanProperty
instanceKlass javax/inject/Inject
instanceKlass org/springframework/beans/factory/annotation/Autowired
instanceKlass org/hibernate/validator/internal/properties/PropertyAccessor
instanceKlass org/springframework/beans/factory/support/MethodOverride
instanceKlass org/hibernate/validator/internal/metadata/provider/AnnotationMetaDataProvider$TypeArgumentExecutableParameterLocation
instanceKlass org/springframework/context/support/PostProcessorRegistrationDelegate$BeanPostProcessorChecker
instanceKlass org/hibernate/validator/internal/metadata/core/AnnotationProcessingOptionsImpl$ExecutableParameterKey
instanceKlass java/util/concurrent/ConcurrentHashMap$Traverser
instanceKlass org/springframework/beans/factory/support/AbstractBeanFactory$$Lambda$179
instanceKlass org/hibernate/validator/internal/properties/javabean/JavaBeanParameter
instanceKlass org/springframework/context/expression/CachedExpressionEvaluator
instanceKlass org/springframework/core/SimpleAliasRegistry$$Lambda$178
instanceKlass org/hibernate/validator/internal/metadata/raw/AbstractConstrainedElement
instanceKlass org/springframework/beans/factory/config/BeanDefinitionVisitor
instanceKlass org/hibernate/validator/internal/metadata/raw/ConstrainedElement
instanceKlass org/springframework/context/support/PropertySourcesPlaceholderConfigurer$$Lambda$177
instanceKlass org/springframework/context/annotation/ImportAware
instanceKlass org/hibernate/validator/internal/util/TypeVariables
instanceKlass org/springframework/context/annotation/ConfigurationClassEnhancer$EnhancedConfiguration
instanceKlass org/springframework/util/DefaultPropertiesPersister
instanceKlass org/hibernate/validator/internal/metadata/aggregated/CascadingMetaData
instanceKlass org/hibernate/validator/internal/metadata/aggregated/CascadingMetaDataBuilder
instanceKlass javax/validation/groups/ConvertGroup$List
instanceKlass javax/validation/groups/ConvertGroup
instanceKlass javax/validation/Valid
instanceKlass org/springframework/beans/factory/support/ConstructorResolver
instanceKlass org/hibernate/validator/internal/metadata/provider/AnnotationMetaDataProvider$TypeArgumentReturnValueLocation
instanceKlass java/util/stream/Collectors$$Lambda$176
instanceKlass java/lang/invoke/LambdaForm$MH
instanceKlass java/util/stream/Collectors$$Lambda$175
instanceKlass java/lang/invoke/LambdaForm$DMH
instanceKlass java/util/stream/Collectors$$Lambda$174
instanceKlass org/hibernate/validator/internal/metadata/provider/AnnotationMetaDataProvider$$Lambda$173
instanceKlass org/springframework/cloud/util/random/CachedRandomPropertySourceAutoConfiguration
instanceKlass org/hibernate/validator/internal/metadata/descriptor/ConstraintDescriptorImpl
instanceKlass org/springframework/cloud/bootstrap/encrypt/KeyProperties$KeyStore
instanceKlass org/hibernate/validator/internal/metadata/location/ConstraintLocation$1
instanceKlass org/springframework/boot/autoconfigure/context/PropertyPlaceholderAutoConfiguration
instanceKlass org/hibernate/validator/internal/properties/javabean/JavaBeanHelper$JavaBeanConstrainableExecutable
instanceKlass org/springframework/core/io/support/PropertiesLoaderSupport
instanceKlass org/hibernate/validator/internal/util/privilegedactions/GetDeclaredMethods
instanceKlass org/hibernate/validator/internal/util/privilegedactions/GetDeclaredFields
instanceKlass org/hibernate/validator/internal/properties/Field
instanceKlass org/hibernate/validator/internal/metadata/provider/AnnotationMetaDataProvider$TypeArgumentLocation
instanceKlass org/hibernate/validator/internal/metadata/provider/AnnotationMetaDataProvider
instanceKlass org/hibernate/validator/internal/metadata/provider/ProgrammaticMetaDataProvider
instanceKlass org/hibernate/validator/internal/metadata/provider/MetaDataProvider
instanceKlass org/hibernate/validator/internal/metadata/aggregated/BeanMetaData
instanceKlass org/hibernate/validator/internal/metadata/facets/Validatable
instanceKlass org/springframework/cloud/context/properties/ConfigurationPropertiesRebinder
instanceKlass org/hibernate/validator/internal/metadata/BeanMetaDataManagerImpl
instanceKlass org/springframework/cloud/autoconfigure/ConfigurationPropertiesRebinderAutoConfiguration
instanceKlass org/hibernate/validator/internal/engine/ValidatorFactoryImpl$$Lambda$172
instanceKlass org/springframework/cloud/context/properties/ConfigurationPropertiesBeans
instanceKlass org/hibernate/validator/internal/engine/ValidatorFactoryImpl$BeanMetaDataManagerKey
instanceKlass org/hibernate/validator/internal/util/StringHelper
instanceKlass org/springframework/boot/autoconfigure/condition/ConditionalOnSingleCandidate
instanceKlass org/springframework/aop/scope/ScopedProxyUtils
instanceKlass org/hibernate/validator/internal/metadata/core/AnnotationProcessingOptionsImpl
instanceKlass org/hibernate/validator/internal/metadata/core/AnnotationProcessingOptions
instanceKlass org/hibernate/validator/cfg/context/ConstraintDefinitionContext
instanceKlass org/hibernate/validator/cfg/context/TypeConstraintMappingContext
instanceKlass org/hibernate/validator/cfg/context/AnnotationIgnoreOptions
instanceKlass org/hibernate/validator/cfg/context/AnnotationProcessingOptions
instanceKlass org/hibernate/validator/cfg/context/ConstructorTarget
instanceKlass org/hibernate/validator/cfg/context/MethodTarget
instanceKlass org/springframework/core/annotation/AnnotatedElementUtils
instanceKlass org/hibernate/validator/cfg/context/PropertyTarget
instanceKlass org/hibernate/validator/cfg/context/ConstraintMappingTarget
instanceKlass org/hibernate/validator/cfg/context/ConstraintDefinitionTarget
instanceKlass org/hibernate/validator/cfg/context/TypeTarget
instanceKlass org/springframework/context/annotation/BeanAnnotationHelper
instanceKlass org/springframework/cloud/bootstrap/encrypt/EnvironmentDecryptApplicationInitializer
instanceKlass org/hibernate/validator/cfg/context/Constrainable
instanceKlass org/hibernate/validator/internal/cfg/context/DefaultConstraintMapping
instanceKlass org/springframework/cloud/bootstrap/encrypt/EncryptionBootstrapConfiguration
instanceKlass org/springframework/util/ReflectionUtils$$Lambda$171
instanceKlass org/hibernate/validator/internal/engine/ValidatorFactoryConfigurationHelper$DefaultConstraintMappingBuilder
instanceKlass org/springframework/beans/factory/support/AbstractAutowireCapableBeanFactory$$Lambda$170
instanceKlass org/hibernate/validator/internal/engine/ServiceLoaderBasedConstraintMappingContributor
instanceKlass org/springframework/cloud/bootstrap/config/PropertySourceBootstrapConfiguration
instanceKlass org/hibernate/validator/internal/metadata/DefaultBeanMetaDataClassNormalizer
instanceKlass org/hibernate/validator/internal/util/logging/formatter/ClassObjectFormatter
instanceKlass org/springframework/boot/autoconfigure/condition/OnBeanCondition$MatchResult
instanceKlass org/springframework/boot/autoconfigure/condition/OnBeanCondition$Spec$$Lambda$169
instanceKlass org/hibernate/validator/internal/properties/DefaultGetterPropertySelectionStrategy
instanceKlass org/hibernate/validator/internal/properties/Getter
instanceKlass org/hibernate/validator/internal/properties/Property
instanceKlass org/hibernate/validator/spi/nodenameprovider/Property
instanceKlass org/hibernate/validator/spi/properties/ConstrainableExecutable
instanceKlass org/springframework/core/type/StandardMethodMetadata
instanceKlass org/hibernate/validator/internal/properties/javabean/JavaBeanExecutable
instanceKlass org/hibernate/validator/internal/properties/javabean/JavaBeanAnnotatedConstrainable
instanceKlass org/hibernate/validator/internal/properties/javabean/JavaBeanAnnotatedElement
instanceKlass org/springframework/core/annotation/AnnotationAttributes$$Lambda$168
instanceKlass org/hibernate/validator/internal/properties/Callable
instanceKlass org/hibernate/validator/internal/properties/Constrainable
instanceKlass org/springframework/cloud/bootstrap/encrypt/KeyProperties
instanceKlass org/hibernate/validator/internal/properties/javabean/JavaBeanHelper
instanceKlass org/springframework/boot/context/properties/ConstructorBinding
instanceKlass org/springframework/boot/context/properties/ConfigurationPropertiesBindConstructorProvider
instanceKlass org/springframework/boot/context/properties/ConfigurationPropertiesBeanRegistrar$$Lambda$167
instanceKlass com/fasterxml/classmate/Filter
instanceKlass org/hibernate/validator/internal/util/ExecutableHelper
instanceKlass org/hibernate/validator/internal/engine/ConstraintCreationContext
instanceKlass org/springframework/boot/context/properties/ConfigurationProperties
instanceKlass com/fasterxml/classmate/util/ResolvedTypeCache
instanceKlass org/springframework/boot/context/properties/EnableConfigurationPropertiesRegistrar$$Lambda$166
instanceKlass com/fasterxml/classmate/util/ClassKey
instanceKlass org/springframework/boot/context/properties/EnableConfigurationPropertiesRegistrar$$Lambda$165
instanceKlass org/springframework/boot/context/properties/EnableConfigurationPropertiesRegistrar$$Lambda$164
instanceKlass com/fasterxml/classmate/TypeBindings
instanceKlass org/springframework/boot/context/properties/ConfigurationPropertiesBeanRegistrar
instanceKlass org/springframework/boot/context/properties/ConfigurationBeanFactoryMetadata
instanceKlass com/fasterxml/classmate/members/RawMember
instanceKlass org/springframework/boot/context/properties/BoundConfigurationProperties
instanceKlass org/springframework/boot/context/properties/ConfigurationPropertiesBinder$Factory
instanceKlass org/springframework/validation/Validator
instanceKlass org/springframework/boot/context/properties/ConfigurationPropertiesBinder
instanceKlass org/springframework/boot/context/properties/ConfigurationPropertiesBindingPostProcessor
instanceKlass com/fasterxml/classmate/ResolvedType
instanceKlass org/springframework/cloud/bootstrap/config/PropertySourceBootstrapProperties
instanceKlass com/fasterxml/classmate/TypeResolver
instanceKlass org/springframework/context/annotation/ConfigurationClassBeanDefinitionReader$$Lambda$163
instanceKlass org/hibernate/validator/internal/util/TypeResolutionHelper
instanceKlass org/hibernate/validator/internal/constraintvalidators/hv/URLValidator
instanceKlass org/hibernate/validator/constraints/URL
instanceKlass org/hibernate/validator/internal/constraintvalidators/hv/UniqueElementsValidator
instanceKlass org/hibernate/validator/constraints/UniqueElements
instanceKlass org/hibernate/validator/constraints/br/TituloEleitoral
instanceKlass org/hibernate/validator/constraints/ScriptAssert
instanceKlass org/hibernate/validator/constraints/pl/REGON
instanceKlass org/springframework/context/annotation/ConfigurationClassBeanDefinitionReader$$Lambda$162
instanceKlass org/hibernate/validator/constraints/Range
instanceKlass org/springframework/context/annotation/ConfigurationClassBeanDefinitionReader$TrackedConditionEvaluator
instanceKlass org/hibernate/validator/constraints/pl/PESEL
instanceKlass org/hibernate/validator/internal/constraintvalidators/hv/AbstractScriptAssertValidator
instanceKlass org/hibernate/validator/constraints/ParameterScriptAssert
instanceKlass org/hibernate/validator/constraints/NotEmpty
instanceKlass org/hibernate/validator/internal/constraintvalidators/hv/NotBlankValidator
instanceKlass org/hibernate/validator/constraints/NotBlank
instanceKlass org/hibernate/validator/constraints/pl/NIP
instanceKlass org/hibernate/validator/internal/constraintvalidators/hv/NormalizedValidator
instanceKlass org/hibernate/validator/constraints/Normalized
instanceKlass org/springframework/boot/autoconfigure/condition/OnBeanCondition$Spec
instanceKlass org/hibernate/validator/constraints/Mod11Check
instanceKlass org/hibernate/validator/constraints/Mod10Check
instanceKlass org/hibernate/validator/constraints/ModCheck
instanceKlass org/hibernate/validator/internal/constraintvalidators/hv/ModCheckBase
instanceKlass org/hibernate/validator/constraints/LuhnCheck
instanceKlass org/springframework/context/annotation/ConfigurationMethod
instanceKlass org/hibernate/validator/internal/constraintvalidators/hv/CodePointLengthValidator
instanceKlass org/hibernate/validator/constraints/CodePointLength
instanceKlass org/hibernate/validator/internal/constraintvalidators/hv/LengthValidator
instanceKlass org/hibernate/validator/constraints/Length
instanceKlass org/hibernate/validator/internal/constraintvalidators/hv/ISBNValidator
instanceKlass org/hibernate/validator/constraints/ISBN
instanceKlass org/hibernate/validator/constraints/Email
instanceKlass org/springframework/security/rsa/crypto/RsaSecretEncryptor
instanceKlass org/springframework/security/rsa/crypto/RsaKeyHolder
instanceKlass org/hibernate/validator/internal/constraintvalidators/hv/EANValidator
instanceKlass org/springframework/security/crypto/encrypt/BytesEncryptor
instanceKlass org/hibernate/validator/constraints/EAN
instanceKlass org/hibernate/validator/internal/constraintvalidators/hv/time/DurationMinValidator
instanceKlass org/hibernate/validator/constraints/time/DurationMin
instanceKlass org/hibernate/validator/internal/constraintvalidators/hv/time/DurationMaxValidator
instanceKlass org/hibernate/validator/constraints/time/DurationMax
instanceKlass org/hibernate/validator/constraints/CreditCardNumber
instanceKlass org/hibernate/validator/internal/constraintvalidators/hv/br/CPFValidator
instanceKlass org/hibernate/validator/constraints/br/CPF
instanceKlass org/hibernate/validator/internal/constraintvalidators/hv/br/CNPJValidator
instanceKlass org/hibernate/validator/constraints/br/CNPJ
instanceKlass javax/validation/constraints/Size
instanceKlass org/hibernate/validator/internal/constraintvalidators/bv/size/SizeValidatorForArraysOfPrimitives
instanceKlass org/springframework/boot/autoconfigure/condition/ConditionEvaluationReport$ConditionAndOutcome
instanceKlass org/springframework/boot/autoconfigure/condition/ConditionEvaluationReport$ConditionAndOutcomes
instanceKlass org/hibernate/validator/internal/constraintvalidators/bv/size/SizeValidatorForMap
instanceKlass org/hibernate/validator/internal/constraintvalidators/bv/size/SizeValidatorForArray
instanceKlass org/springframework/boot/autoconfigure/condition/ConditionOutcome
instanceKlass org/hibernate/validator/internal/constraintvalidators/bv/size/SizeValidatorForCollection
instanceKlass org/springframework/boot/autoconfigure/condition/ConditionalOnMissingClass
instanceKlass org/hibernate/validator/internal/constraintvalidators/bv/size/SizeValidatorForCharSequence
instanceKlass javax/validation/constraints/PositiveOrZero
instanceKlass org/hibernate/validator/internal/constraintvalidators/bv/number/sign/PositiveOrZeroValidatorForCharSequence
instanceKlass org/springframework/boot/autoconfigure/condition/ConditionMessage$ItemsBuilder
instanceKlass org/hibernate/validator/internal/constraintvalidators/bv/number/sign/PositiveOrZeroValidatorForNumber
instanceKlass org/hibernate/validator/internal/constraintvalidators/bv/number/sign/PositiveOrZeroValidatorForByte
instanceKlass org/springframework/boot/autoconfigure/condition/ConditionMessage$Builder
instanceKlass org/hibernate/validator/internal/constraintvalidators/bv/number/sign/PositiveOrZeroValidatorForShort
instanceKlass org/springframework/security/crypto/encrypt/TextEncryptor
instanceKlass org/hibernate/validator/internal/constraintvalidators/bv/number/sign/PositiveOrZeroValidatorForInteger
instanceKlass org/hibernate/validator/internal/constraintvalidators/bv/number/sign/PositiveOrZeroValidatorForLong
instanceKlass org/hibernate/validator/internal/constraintvalidators/bv/number/sign/PositiveOrZeroValidatorForFloat
instanceKlass org/hibernate/validator/internal/constraintvalidators/bv/number/sign/PositiveOrZeroValidatorForDouble
instanceKlass org/springframework/boot/autoconfigure/condition/ConditionMessage
instanceKlass org/hibernate/validator/internal/constraintvalidators/bv/number/sign/PositiveOrZeroValidatorForBigInteger
instanceKlass org/hibernate/validator/internal/constraintvalidators/bv/number/sign/PositiveOrZeroValidatorForBigDecimal
instanceKlass org/springframework/boot/autoconfigure/condition/OnClassCondition$OutcomesResolver
instanceKlass javax/validation/constraints/Positive
instanceKlass org/springframework/core/annotation/MergedAnnotationCollectors$$Lambda$161
instanceKlass org/hibernate/validator/internal/constraintvalidators/bv/number/sign/PositiveValidatorForCharSequence
instanceKlass java/lang/invoke/LambdaForm$DMH
instanceKlass org/hibernate/validator/internal/constraintvalidators/bv/number/sign/PositiveValidatorForNumber
instanceKlass org/springframework/core/annotation/TypeMappedAnnotation$$Lambda$160
instanceKlass org/hibernate/validator/internal/constraintvalidators/bv/number/sign/PositiveValidatorForByte
instanceKlass org/hibernate/validator/internal/constraintvalidators/bv/number/sign/PositiveValidatorForShort
instanceKlass org/springframework/core/annotation/MergedAnnotationCollectors$$Lambda$159
instanceKlass org/springframework/core/annotation/MergedAnnotationCollectors$$Lambda$158
instanceKlass org/hibernate/validator/internal/constraintvalidators/bv/number/sign/PositiveValidatorForInteger
instanceKlass java/lang/invoke/LambdaForm$DMH
instanceKlass org/hibernate/validator/internal/constraintvalidators/bv/number/sign/PositiveValidatorForLong
instanceKlass org/springframework/core/annotation/MergedAnnotationCollectors$$Lambda$157
instanceKlass org/hibernate/validator/internal/constraintvalidators/bv/number/sign/PositiveValidatorForFloat
instanceKlass java/util/function/Function$$Lambda$156
instanceKlass org/hibernate/validator/internal/constraintvalidators/bv/number/sign/PositiveValidatorForDouble
instanceKlass org/springframework/core/annotation/MergedAnnotationCollectors
instanceKlass org/hibernate/validator/internal/constraintvalidators/bv/number/sign/PositiveValidatorForBigInteger
instanceKlass org/springframework/core/type/AnnotatedTypeMetadata$$Lambda$155
instanceKlass org/hibernate/validator/internal/constraintvalidators/bv/number/sign/PositiveValidatorForBigDecimal
instanceKlass org/springframework/core/type/AnnotatedTypeMetadata$$Lambda$154
instanceKlass org/springframework/core/annotation/MergedAnnotationPredicates$UniquePredicate
instanceKlass org/hibernate/validator/internal/constraintvalidators/bv/PatternValidator
instanceKlass org/springframework/core/annotation/MergedAnnotationPredicates
instanceKlass org/springframework/core/type/AnnotatedTypeMetadata$$Lambda$153
instanceKlass java/lang/invoke/LambdaForm$DMH
instanceKlass javax/validation/constraints/Pattern
instanceKlass javax/validation/constraints/PastOrPresent
instanceKlass org/springframework/core/annotation/MergedAnnotationsCollection$AnnotationsSpliterator
instanceKlass org/springframework/context/annotation/ConfigurationClassParser$DeferredImportSelectorGroupingHandler$$Lambda$152
instanceKlass org/springframework/context/annotation/DeferredImportSelector$Group$Entry
instanceKlass java/util/stream/Nodes$ArrayNode
instanceKlass java/util/stream/Node$Builder
instanceKlass javax/validation/constraints/Past
instanceKlass java/util/stream/Node$OfDouble
instanceKlass java/util/stream/Node$OfLong
instanceKlass java/util/stream/Node$OfInt
instanceKlass java/util/stream/Node$OfPrimitive
instanceKlass java/util/stream/Nodes$EmptyNode
instanceKlass java/util/stream/Node
instanceKlass java/util/stream/Nodes
instanceKlass org/springframework/cloud/bootstrap/BootstrapImportSelector$$Lambda$151
instanceKlass java/util/function/IntFunction
instanceKlass org/springframework/cloud/bootstrap/BootstrapImportSelector$$Lambda$150
instanceKlass java/util/ArrayList$ArrayListSpliterator
instanceKlass org/springframework/boot/autoconfigure/condition/ConditionalOnProperty
instanceKlass javax/annotation/PostConstruct
instanceKlass org/springframework/boot/autoconfigure/AutoConfigureOrder
instanceKlass org/hibernate/validator/internal/constraintvalidators/bv/NullValidator
instanceKlass org/springframework/core/type/classreading/MergedAnnotationReadingVisitor$$Lambda$149
instanceKlass javax/validation/constraints/Null
instanceKlass org/springframework/boot/autoconfigure/condition/ConditionalOnMissingBean
instanceKlass org/hibernate/validator/internal/constraintvalidators/bv/NotNullValidator
instanceKlass javax/validation/constraints/NotNull
instanceKlass org/springframework/context/annotation/ConfigurationCondition
instanceKlass javax/validation/constraints/NotEmpty
instanceKlass org/hibernate/validator/internal/constraintvalidators/bv/notempty/NotEmptyValidatorForArraysOfShort
instanceKlass org/springframework/boot/autoconfigure/condition/ConditionalOnBean
instanceKlass org/hibernate/validator/internal/constraintvalidators/bv/notempty/NotEmptyValidatorForArraysOfLong
instanceKlass org/hibernate/validator/internal/constraintvalidators/bv/notempty/NotEmptyValidatorForArraysOfInt
instanceKlass org/hibernate/validator/internal/constraintvalidators/bv/notempty/NotEmptyValidatorForArraysOfFloat
instanceKlass org/hibernate/validator/internal/constraintvalidators/bv/notempty/NotEmptyValidatorForArraysOfDouble
instanceKlass org/hibernate/validator/internal/constraintvalidators/bv/notempty/NotEmptyValidatorForArraysOfChar
instanceKlass org/hibernate/validator/internal/constraintvalidators/bv/notempty/NotEmptyValidatorForArraysOfByte
instanceKlass org/hibernate/validator/internal/constraintvalidators/bv/notempty/NotEmptyValidatorForArraysOfBoolean
instanceKlass org/hibernate/validator/internal/constraintvalidators/bv/notempty/NotEmptyValidatorForMap
instanceKlass org/hibernate/validator/internal/constraintvalidators/bv/notempty/NotEmptyValidatorForArray
instanceKlass org/hibernate/validator/internal/constraintvalidators/bv/notempty/NotEmptyValidatorForCollection
instanceKlass org/hibernate/validator/internal/constraintvalidators/bv/notempty/NotEmptyValidatorForCharSequence
instanceKlass java/lang/Deprecated
instanceKlass org/hibernate/validator/internal/constraintvalidators/bv/NotBlankValidator
instanceKlass javax/validation/constraints/NotBlank
instanceKlass org/springframework/core/type/classreading/SimpleMethodMetadataReadingVisitor$Source
instanceKlass javax/validation/constraints/NegativeOrZero
instanceKlass org/hibernate/validator/internal/constraintvalidators/bv/number/sign/NegativeOrZeroValidatorForCharSequence
instanceKlass org/springframework/core/type/classreading/SimpleMethodMetadataReadingVisitor$$Lambda$148
instanceKlass org/hibernate/validator/internal/constraintvalidators/bv/number/sign/NegativeOrZeroValidatorForNumber
instanceKlass org/springframework/core/type/classreading/SimpleMethodMetadataReadingVisitor$$Lambda$147
instanceKlass org/hibernate/validator/internal/constraintvalidators/bv/number/sign/NegativeOrZeroValidatorForByte
instanceKlass org/hibernate/validator/internal/constraintvalidators/bv/number/sign/NegativeOrZeroValidatorForShort
instanceKlass org/hibernate/validator/internal/constraintvalidators/bv/number/sign/NegativeOrZeroValidatorForInteger
instanceKlass org/hibernate/validator/internal/constraintvalidators/bv/number/sign/NegativeOrZeroValidatorForLong
instanceKlass org/hibernate/validator/internal/constraintvalidators/bv/number/sign/NegativeOrZeroValidatorForFloat
instanceKlass org/hibernate/validator/internal/constraintvalidators/bv/number/sign/NegativeOrZeroValidatorForDouble
instanceKlass org/springframework/boot/autoconfigure/condition/SpringBootCondition
instanceKlass org/hibernate/validator/internal/constraintvalidators/bv/number/sign/NegativeOrZeroValidatorForBigInteger
instanceKlass org/springframework/boot/autoconfigure/AutoConfigurationImportFilter
instanceKlass org/hibernate/validator/internal/constraintvalidators/bv/number/sign/NegativeOrZeroValidatorForBigDecimal
instanceKlass javax/validation/constraints/Negative
instanceKlass org/hibernate/validator/internal/constraintvalidators/bv/number/sign/NegativeValidatorForCharSequence
instanceKlass org/hibernate/validator/internal/constraintvalidators/bv/number/sign/NegativeValidatorForNumber
instanceKlass org/springframework/boot/autoconfigure/condition/ConditionalOnClass
instanceKlass org/hibernate/validator/internal/constraintvalidators/bv/number/sign/NegativeValidatorForByte
instanceKlass org/hibernate/validator/internal/constraintvalidators/bv/number/sign/NegativeValidatorForShort
instanceKlass org/hibernate/validator/internal/constraintvalidators/bv/number/sign/NegativeValidatorForInteger
instanceKlass org/hibernate/validator/internal/constraintvalidators/bv/number/sign/NegativeValidatorForLong
instanceKlass org/springframework/core/type/classreading/SimpleAnnotationMetadata
instanceKlass org/hibernate/validator/internal/constraintvalidators/bv/number/sign/NegativeValidatorForFloat
instanceKlass org/hibernate/validator/internal/constraintvalidators/bv/number/sign/NegativeValidatorForDouble
instanceKlass org/springframework/core/annotation/MergedAnnotationsCollection
instanceKlass org/hibernate/validator/internal/constraintvalidators/bv/number/sign/NegativeValidatorForBigInteger
instanceKlass org/hibernate/validator/internal/constraintvalidators/bv/number/sign/NegativeValidatorForBigDecimal
instanceKlass javax/validation/constraints/Min
instanceKlass org/springframework/core/type/classreading/SimpleAnnotationMetadataReadingVisitor$$Lambda$146
instanceKlass org/springframework/core/type/classreading/SimpleMethodMetadata
instanceKlass org/springframework/core/type/MethodMetadata
instanceKlass org/springframework/boot/context/properties/EnableConfigurationPropertiesRegistrar
instanceKlass org/springframework/context/annotation/ImportBeanDefinitionRegistrar
instanceKlass org/springframework/core/type/classreading/MergedAnnotationReadingVisitor$$Lambda$145
instanceKlass org/hibernate/validator/internal/constraintvalidators/bv/number/bound/AbstractMinValidator
instanceKlass org/springframework/boot/context/properties/EnableConfigurationProperties
instanceKlass javax/validation/constraints/Max
instanceKlass org/springframework/core/annotation/TypeMappedAnnotation$$Lambda$144
instanceKlass org/springframework/asm/Type
instanceKlass org/springframework/asm/AnnotationVisitor
instanceKlass org/hibernate/validator/internal/constraintvalidators/bv/number/bound/AbstractMaxValidator
instanceKlass org/springframework/core/type/classreading/SimpleAnnotationMetadataReadingVisitor$$Lambda$143
instanceKlass org/springframework/core/type/classreading/SimpleAnnotationMetadataReadingVisitor$$Lambda$142
instanceKlass org/springframework/core/type/classreading/SimpleAnnotationMetadataReadingVisitor$Source
instanceKlass org/springframework/asm/Context
instanceKlass org/springframework/asm/Attribute
instanceKlass javax/validation/constraints/FutureOrPresent
instanceKlass org/springframework/asm/ClassReader
instanceKlass org/springframework/asm/MethodVisitor
instanceKlass org/springframework/core/type/classreading/SimpleMetadataReader
instanceKlass org/springframework/cloud/bootstrap/BootstrapImportSelector$OrderedAnnotatedElement
instanceKlass org/springframework/cloud/bootstrap/BootstrapConfiguration
instanceKlass org/springframework/context/annotation/ConfigurationClassParser$DefaultDeferredImportSelectorGroup
instanceKlass org/springframework/context/annotation/DeferredImportSelector$Group
instanceKlass java/time/chrono/ChronoLocalDateImpl
instanceKlass org/springframework/context/annotation/ConfigurationClassParser$DeferredImportSelectorGroupingHandler$$Lambda$141
instanceKlass org/springframework/context/annotation/ConfigurationClassParser$DeferredImportSelectorGrouping
instanceKlass javax/validation/constraints/Future
instanceKlass org/springframework/context/annotation/ConfigurationClassParser$DeferredImportSelectorHandler$$Lambda$140
instanceKlass org/springframework/context/annotation/ConfigurationClassParser$DeferredImportSelectorGroupingHandler
instanceKlass org/springframework/context/annotation/ParserStrategyUtils
instanceKlass org/springframework/context/annotation/ComponentScans
instanceKlass org/springframework/context/annotation/PropertySource
instanceKlass org/springframework/context/annotation/PropertySources
instanceKlass org/hibernate/validator/internal/constraintvalidators/bv/time/AbstractJavaTimeValidator
instanceKlass org/hibernate/validator/internal/constraintvalidators/bv/time/AbstractEpochBasedTimeValidator
instanceKlass org/springframework/context/annotation/ConfigurationClass
instanceKlass org/springframework/context/annotation/ComponentScanAnnotationParser
instanceKlass org/hibernate/validator/internal/constraintvalidators/bv/time/AbstractInstantBasedTimeValidator
instanceKlass org/hibernate/validator/constraintvalidation/HibernateConstraintValidator
instanceKlass org/springframework/context/annotation/ConfigurationClassParser$SourceClass
instanceKlass org/springframework/context/annotation/ConfigurationClassParser$DeferredImportSelectorHandler
instanceKlass org/hibernate/validator/internal/constraintvalidators/AbstractEmailValidator
instanceKlass org/springframework/context/annotation/ConfigurationClassParser$$Lambda$139
instanceKlass javax/validation/constraints/Email
instanceKlass org/springframework/context/annotation/ConfigurationClassParser$DeferredImportSelectorHolder
instanceKlass javax/validation/constraints/Digits
instanceKlass org/hibernate/validator/internal/constraintvalidators/bv/DigitsValidatorForNumber
instanceKlass org/springframework/context/annotation/ConfigurationClassParser$$Lambda$138
instanceKlass org/hibernate/validator/internal/constraintvalidators/bv/DigitsValidatorForCharSequence
instanceKlass org/springframework/core/io/support/DefaultPropertySourceFactory
instanceKlass javax/validation/constraints/DecimalMin
instanceKlass org/springframework/beans/factory/parsing/Problem
instanceKlass org/springframework/context/annotation/ImportRegistry
instanceKlass org/springframework/core/io/support/PropertySourceFactory
instanceKlass org/springframework/context/annotation/ConfigurationClassParser
instanceKlass org/hibernate/validator/internal/constraintvalidators/bv/number/bound/decimal/AbstractDecimalMinValidator
instanceKlass org/springframework/context/annotation/ConfigurationClassPostProcessor$$Lambda$137
instanceKlass javax/validation/constraints/DecimalMax
instanceKlass org/springframework/core/annotation/AnnotationUtils
instanceKlass org/hibernate/validator/internal/util/privilegedactions/IsClassPresent
instanceKlass org/springframework/context/annotation/Bean
instanceKlass org/springframework/beans/BeanMetadataAttribute
instanceKlass org/springframework/aop/framework/AopInfrastructureBean
instanceKlass org/springframework/context/annotation/ImportResource
instanceKlass org/hibernate/validator/internal/constraintvalidators/bv/number/bound/decimal/AbstractDecimalMaxValidator
instanceKlass org/springframework/core/Conventions
instanceKlass org/springframework/context/annotation/ConfigurationClassUtils
instanceKlass org/hibernate/validator/internal/constraintvalidators/bv/AssertTrueValidator
instanceKlass javax/validation/constraints/AssertTrue
instanceKlass org/springframework/beans/AbstractNestablePropertyAccessor$PropertyTokenHolder
instanceKlass javax/validation/constraintvalidation/SupportedValidationTarget
instanceKlass org/springframework/beans/factory/config/TypedStringValue
instanceKlass org/hibernate/validator/internal/engine/constraintvalidation/ClassBasedValidatorDescriptor
instanceKlass org/springframework/context/annotation/ConfigurationClassBeanDefinitionReader
instanceKlass org/hibernate/validator/internal/engine/constraintvalidation/ConstraintValidatorDescriptor
instanceKlass org/hibernate/validator/internal/constraintvalidators/bv/AssertFalseValidator
instanceKlass javax/validation/constraints/AssertFalse
instanceKlass org/springframework/core/convert/Property
instanceKlass org/hibernate/validator/internal/metadata/core/ConstraintHelper$ValidatorDescriptorMap
instanceKlass org/hibernate/validator/internal/metadata/core/ConstraintHelper
instanceKlass org/hibernate/validator/internal/engine/valueextraction/ValueExtractorResolver
instanceKlass org/springframework/core/BridgeMethodResolver
instanceKlass java/util/stream/Collectors$$Lambda$136
instanceKlass java/util/stream/Collectors$$Lambda$135
instanceKlass java/util/stream/Collectors$$Lambda$134
instanceKlass org/hibernate/validator/internal/engine/AbstractConfigurationImpl$$Lambda$133
instanceKlass java/beans/SimpleBeanInfo
instanceKlass java/beans/Transient
instanceKlass java/util/HashMap$HashMapSpliterator
instanceKlass com/sun/beans/WildcardTypeImpl
instanceKlass java/util/OptionalLong
instanceKlass com/sun/beans/TypeResolver
instanceKlass org/hibernate/validator/internal/engine/valueextraction/OptionalLongValueExtractor
instanceKlass java/beans/MethodRef
instanceKlass com/sun/beans/util/Cache$CacheEntry
instanceKlass java/util/OptionalDouble
instanceKlass com/sun/beans/util/Cache
instanceKlass org/hibernate/validator/internal/engine/valueextraction/OptionalDoubleValueExtractor
instanceKlass com/sun/beans/finder/AbstractFinder
instanceKlass org/hibernate/validator/internal/engine/valueextraction/AnnotatedObject
instanceKlass com/sun/beans/finder/ClassFinder
instanceKlass java/util/OptionalInt
instanceKlass org/hibernate/validator/internal/engine/valueextraction/OptionalIntValueExtractor
instanceKlass org/hibernate/validator/internal/engine/valueextraction/OptionalValueExtractor
instanceKlass org/springframework/beans/ExtendedBeanInfo
instanceKlass org/hibernate/validator/internal/engine/valueextraction/IterableValueExtractor
instanceKlass java/beans/BeanInfo
instanceKlass org/hibernate/validator/internal/engine/valueextraction/MapKeyExtractor
instanceKlass org/springframework/beans/ExtendedBeanInfoFactory
instanceKlass org/springframework/beans/BeanInfoFactory
instanceKlass org/hibernate/validator/internal/engine/valueextraction/MapValueExtractor
instanceKlass org/hibernate/validator/internal/engine/valueextraction/ListValueExtractor
instanceKlass org/springframework/beans/CachedIntrospectionResults
instanceKlass org/hibernate/validator/internal/engine/valueextraction/ObjectArrayValueExtractor
instanceKlass org/springframework/beans/PropertyAccessorUtils
instanceKlass org/springframework/beans/factory/support/DefaultSingletonBeanRegistry$$Lambda$132
instanceKlass java/lang/invoke/LambdaForm$BMH
instanceKlass sun/reflect/generics/tree/BooleanSignature
instanceKlass org/hibernate/validator/internal/engine/valueextraction/BooleanArrayValueExtractor
instanceKlass org/springframework/beans/factory/support/DefaultSingletonBeanRegistry$$Lambda$131
instanceKlass org/hibernate/validator/internal/engine/valueextraction/CharArrayValueExtractor
instanceKlass org/springframework/beans/factory/support/DisposableBeanAdapter
instanceKlass sun/reflect/generics/tree/DoubleSignature
instanceKlass org/hibernate/validator/internal/engine/valueextraction/DoubleArrayValueExtractor
instanceKlass org/springframework/beans/factory/InitializingBean
instanceKlass sun/reflect/generics/tree/FloatSignature
instanceKlass org/hibernate/validator/internal/engine/valueextraction/FloatArrayValueExtractor
instanceKlass org/springframework/expression/spel/support/StandardTypeConverter
instanceKlass sun/reflect/generics/tree/LongSignature
instanceKlass org/springframework/expression/spel/support/StandardTypeLocator
instanceKlass org/hibernate/validator/internal/engine/valueextraction/LongArrayValueExtractor
instanceKlass org/springframework/context/expression/BeanFactoryResolver
instanceKlass sun/reflect/generics/tree/IntSignature
instanceKlass org/springframework/context/expression/EnvironmentAccessor
instanceKlass org/hibernate/validator/internal/engine/valueextraction/IntArrayValueExtractor
instanceKlass sun/reflect/generics/tree/ShortSignature
instanceKlass org/springframework/context/expression/MapAccessor
instanceKlass org/springframework/expression/spel/CompilablePropertyAccessor
instanceKlass org/springframework/asm/Opcodes
instanceKlass org/hibernate/validator/internal/engine/valueextraction/ShortArrayValueExtractor
instanceKlass org/hibernate/validator/internal/engine/valueextraction/ArrayElement
instanceKlass org/springframework/context/expression/BeanFactoryAccessor
instanceKlass java/lang/reflect/AnnotatedArrayType
instanceKlass org/hibernate/validator/internal/engine/valueextraction/ByteArrayValueExtractor
instanceKlass org/springframework/expression/spel/support/ReflectivePropertyAccessor
instanceKlass org/hibernate/validator/internal/engine/valueextraction/ReadOnlySetPropertyValueExtractor
instanceKlass org/springframework/context/expression/BeanExpressionContextAccessor
instanceKlass org/springframework/expression/TypedValue
instanceKlass org/springframework/expression/spel/support/StandardOperatorOverloader
instanceKlass javafx/beans/binding/SetExpression
instanceKlass javafx/beans/value/ObservableSetValue
instanceKlass org/springframework/expression/spel/support/StandardTypeComparator
instanceKlass javafx/beans/value/WritableSetValue
instanceKlass javafx/collections/ObservableSet
instanceKlass org/springframework/expression/OperatorOverloader
instanceKlass org/springframework/expression/TypeComparator
instanceKlass org/hibernate/validator/internal/engine/valueextraction/SetPropertyValueExtractor
instanceKlass org/springframework/expression/spel/support/StandardEvaluationContext
instanceKlass org/hibernate/validator/internal/engine/valueextraction/ReadOnlyMapPropertyKeyExtractor
instanceKlass org/hibernate/validator/internal/engine/valueextraction/MapPropertyKeyExtractor
instanceKlass org/hibernate/validator/internal/engine/valueextraction/ReadOnlyMapPropertyValueExtractor
instanceKlass org/springframework/expression/common/LiteralExpression
instanceKlass javafx/beans/binding/MapExpression
instanceKlass javafx/beans/value/ObservableMapValue
instanceKlass org/springframework/beans/factory/config/AutowiredPropertyMarker
instanceKlass javafx/beans/value/WritableMapValue
instanceKlass javafx/collections/ObservableMap
instanceKlass org/hibernate/validator/internal/engine/valueextraction/MapPropertyValueExtractor
instanceKlass org/springframework/beans/factory/support/BeanDefinitionValueResolver
instanceKlass org/hibernate/validator/internal/engine/valueextraction/ReadOnlyListPropertyValueExtractor
instanceKlass javafx/beans/binding/ListExpression
instanceKlass javafx/beans/value/ObservableListValue
instanceKlass javafx/beans/value/ObservableObjectValue
instanceKlass org/springframework/beans/factory/support/AbstractAutowireCapableBeanFactory$$Lambda$130
instanceKlass javafx/beans/value/WritableListValue
instanceKlass javafx/collections/ObservableList
instanceKlass org/springframework/core/io/ContextResource
instanceKlass javafx/beans/value/WritableObjectValue
instanceKlass javafx/beans/property/Property
instanceKlass javafx/beans/value/WritableValue
instanceKlass javafx/beans/property/ReadOnlyProperty
instanceKlass org/hibernate/validator/internal/engine/valueextraction/ListPropertyValueExtractor
instanceKlass org/springframework/beans/AbstractNestablePropertyAccessor$PropertyHandler
instanceKlass javax/validation/valueextraction/UnwrapByDefault
instanceKlass java/lang/reflect/AnnotatedWildcardType
instanceKlass org/hibernate/validator/internal/util/TypeHelper
instanceKlass org/hibernate/validator/internal/engine/valueextraction/ValueExtractorDescriptor$Key
instanceKlass java/lang/reflect/AnnotatedParameterizedType
instanceKlass org/springframework/beans/factory/parsing/PassThroughSourceExtractor
instanceKlass javax/validation/valueextraction/ExtractedValue
instanceKlass org/springframework/beans/factory/support/AbstractBeanFactory$$Lambda$129
instanceKlass sun/reflect/annotation/TypeAnnotation$TypeAnnotationTargetInfo
instanceKlass sun/reflect/annotation/TypeAnnotation$LocationInfo$Location
instanceKlass sun/reflect/annotation/TypeAnnotation$LocationInfo
instanceKlass sun/reflect/annotation/AnnotatedTypeFactory$AnnotatedTypeBaseImpl
instanceKlass org/springframework/beans/factory/support/NullBean
instanceKlass sun/reflect/annotation/AnnotatedTypeFactory
instanceKlass org/springframework/beans/factory/BeanFactoryUtils$$Lambda$128
instanceKlass sun/reflect/annotation/TypeAnnotation
instanceKlass sun/reflect/annotation/TypeAnnotationParser
instanceKlass org/springframework/context/annotation/ComponentScan
instanceKlass org/hibernate/validator/internal/engine/valueextraction/ValueExtractorDescriptor
instanceKlass org/hibernate/validator/internal/engine/valueextraction/ObservableValueValueExtractor
instanceKlass javafx/beans/value/ObservableValue
instanceKlass javafx/beans/Observable
instanceKlass org/springframework/beans/factory/config/RuntimeBeanReference
instanceKlass org/springframework/beans/factory/config/BeanReference
instanceKlass org/springframework/beans/MutablePropertyValues
instanceKlass org/springframework/beans/factory/support/BeanDefinitionBuilder
instanceKlass org/springframework/boot/autoconfigure/SharedMetadataReaderFactoryContextInitializer$CachingMetadataReaderFactoryPostProcessor$$Lambda$127
instanceKlass org/springframework/boot/autoconfigure/SharedMetadataReaderFactoryContextInitializer$SharedMetadataReaderFactoryBean
instanceKlass org/springframework/beans/factory/FactoryBean
instanceKlass org/hibernate/validator/internal/engine/valueextraction/ValueExtractorManager$1
instanceKlass org/springframework/context/support/PostProcessorRegistrationDelegate
instanceKlass org/hibernate/validator/internal/engine/valueextraction/ValueExtractorManager
instanceKlass org/springframework/context/support/ApplicationListenerDetector
instanceKlass org/springframework/context/MessageSourceAware
instanceKlass org/springframework/context/ApplicationEventPublisherAware
instanceKlass org/hibernate/validator/internal/engine/groups/ValidationOrder
instanceKlass org/springframework/beans/factory/config/BeanExpressionContext
instanceKlass org/hibernate/validator/internal/engine/groups/ValidationOrderGenerator
instanceKlass org/springframework/beans/factory/config/EmbeddedValueResolver
instanceKlass org/hibernate/validator/internal/engine/constraintvalidation/ConstraintValidatorManagerImpl$1
instanceKlass org/springframework/util/StringValueResolver
instanceKlass org/springframework/context/support/ApplicationContextAwareProcessor
instanceKlass org/springframework/beans/support/ResourceEditorRegistrar
instanceKlass javax/validation/ConstraintValidator
instanceKlass javax/validation/metadata/ConstraintDescriptor
instanceKlass org/springframework/expression/spel/SpelParserConfiguration
instanceKlass org/hibernate/validator/internal/engine/constraintvalidation/AbstractConstraintValidatorManagerImpl
instanceKlass org/springframework/expression/Expression
instanceKlass org/hibernate/validator/internal/engine/constraintvalidation/HibernateConstraintValidatorInitializationContextImpl
instanceKlass org/springframework/expression/common/TemplateAwareExpressionParser
instanceKlass org/springframework/context/expression/StandardBeanExpressionResolver$1
instanceKlass org/hibernate/validator/spi/scripting/ScriptEvaluator
instanceKlass org/springframework/expression/EvaluationContext
instanceKlass org/springframework/expression/TypeConverter
instanceKlass org/hibernate/validator/spi/scripting/AbstractCachingScriptEvaluatorFactory
instanceKlass org/springframework/expression/TypeLocator
instanceKlass org/springframework/expression/BeanResolver
instanceKlass org/springframework/expression/PropertyAccessor
instanceKlass org/springframework/expression/ExpressionParser
instanceKlass org/hibernate/validator/internal/util/ExecutableParameterNameProvider
instanceKlass org/springframework/expression/ParserContext
instanceKlass org/springframework/context/expression/StandardBeanExpressionResolver
instanceKlass javax/el/ELUtil
instanceKlass org/springframework/beans/factory/BeanFactoryUtils
instanceKlass org/springframework/boot/context/config/ConfigFileApplicationListener$PropertySourceOrderingPostProcessor
instanceKlass javax/el/ELContext
instanceKlass org/springframework/boot/logging/DeferredLog$1
instanceKlass javax/el/ELManager
instanceKlass org/springframework/beans/factory/support/BeanDefinitionReaderUtils
instanceKlass javax/el/Expression
instanceKlass org/springframework/context/annotation/Description
instanceKlass org/springframework/context/annotation/Role
instanceKlass javax/el/ELResolver
instanceKlass org/springframework/context/annotation/DependsOn
instanceKlass org/springframework/context/annotation/Primary
instanceKlass org/springframework/context/annotation/Lazy
instanceKlass org/springframework/core/type/AnnotationMetadata$$Lambda$126
instanceKlass org/springframework/core/type/AnnotationMetadata$$Lambda$125
instanceKlass javax/el/FactoryFinder
instanceKlass org/springframework/core/type/AnnotationMetadata$$Lambda$124
instanceKlass javax/el/ExpressionFactory
instanceKlass org/springframework/context/annotation/AnnotationBeanNameGenerator$$Lambda$123
instanceKlass org/springframework/core/annotation/AbstractMergedAnnotation$$Lambda$122
instanceKlass org/hibernate/validator/internal/util/ConcurrentReferenceHashMap$HashEntry
instanceKlass org/springframework/core/annotation/TypeMappedAnnotation$$Lambda$121
instanceKlass java/util/stream/Collectors$$Lambda$120
instanceKlass java/util/stream/Collectors$$Lambda$119
instanceKlass org/springframework/core/type/AnnotationMetadata$$Lambda$118
instanceKlass org/springframework/core/type/AnnotationMetadata$$Lambda$117
instanceKlass org/springframework/core/type/AnnotationMetadata$$Lambda$116
instanceKlass java/lang/invoke/LambdaForm$DMH
instanceKlass org/springframework/core/annotation/TypeMappedAnnotations$Aggregate
instanceKlass org/springframework/core/annotation/TypeMappedAnnotations$AggregatesCollector
instanceKlass org/springframework/core/annotation/TypeMappedAnnotations$AggregatesSpliterator
instanceKlass org/hibernate/validator/internal/engine/messageinterpolation/DefaultLocaleResolverContext
instanceKlass org/springframework/core/annotation/AnnotationTypeMappings$$Lambda$115
instanceKlass org/hibernate/validator/internal/util/logging/Messages_$bundle
instanceKlass org/springframework/context/annotation/ScopeMetadata
instanceKlass org/springframework/core/annotation/AnnotationTypeMapping$$Lambda$114
instanceKlass org/jboss/logging/Messages
instanceKlass org/hibernate/validator/internal/util/logging/Messages
instanceKlass org/hibernate/validator/internal/engine/messageinterpolation/DefaultLocaleResolver
instanceKlass org/hibernate/validator/internal/util/Contracts
instanceKlass org/springframework/core/annotation/AnnotationTypeMapping$$Lambda$113
instanceKlass java/lang/reflect/AnnotatedType
instanceKlass org/hibernate/validator/resourceloading/PlatformResourceBundleLocator
instanceKlass org/springframework/core/annotation/TypeMappedAnnotations$IsPresent
instanceKlass org/springframework/context/annotation/Conditional
instanceKlass org/springframework/cloud/bootstrap/BootstrapImportSelector
instanceKlass org/springframework/context/annotation/DeferredImportSelector
instanceKlass org/springframework/context/annotation/ImportSelector
instanceKlass org/springframework/context/annotation/Import
instanceKlass org/hibernate/validator/spi/messageinterpolation/LocaleResolverContext
instanceKlass org/springframework/context/annotation/Configuration
instanceKlass org/hibernate/validator/messageinterpolation/AbstractMessageInterpolator
instanceKlass org/springframework/core/type/StandardClassMetadata
instanceKlass org/springframework/core/type/AnnotationMetadata
instanceKlass org/springframework/core/type/ClassMetadata
instanceKlass org/hibernate/validator/constraintvalidation/HibernateConstraintValidatorInitializationContext
instanceKlass org/hibernate/validator/internal/engine/ValidatorFactoryScopedContext
instanceKlass org/springframework/util/xml/XmlValidationModeDetector
instanceKlass org/hibernate/validator/internal/metadata/aggregated/rule/MethodConfigurationRule
instanceKlass org/springframework/util/xml/SimpleSaxErrorHandler
instanceKlass org/springframework/beans/factory/xml/DefaultDocumentLoader
instanceKlass org/hibernate/validator/internal/engine/MethodValidationConfiguration
instanceKlass org/springframework/beans/factory/parsing/NullSourceExtractor
instanceKlass org/springframework/beans/factory/parsing/EmptyReaderEventListener
instanceKlass sun/reflect/ClassDefiner$1
instanceKlass sun/reflect/ClassDefiner
instanceKlass sun/reflect/MethodAccessorGenerator$1
instanceKlass org/springframework/beans/factory/parsing/FailFastProblemReporter
instanceKlass sun/reflect/Label$PatchInfo
instanceKlass sun/reflect/Label
instanceKlass org/springframework/beans/factory/xml/DefaultBeanDefinitionDocumentReader
instanceKlass org/springframework/beans/factory/xml/BeanDefinitionDocumentReader
instanceKlass sun/reflect/UTF8
instanceKlass org/springframework/beans/factory/support/DefaultBeanNameGenerator
instanceKlass sun/reflect/ClassFileAssembler
instanceKlass sun/reflect/ByteVectorImpl
instanceKlass sun/reflect/ByteVector
instanceKlass sun/reflect/ByteVectorFactory
instanceKlass sun/reflect/AccessorGenerator
instanceKlass sun/reflect/ClassFileConstants
instanceKlass org/springframework/core/Constants
instanceKlass org/hibernate/validator/spi/scripting/ScriptEvaluatorFactory
instanceKlass org/hibernate/validator/spi/cfg/ConstraintMappingContributor
instanceKlass org/xml/sax/EntityResolver
instanceKlass org/hibernate/validator/spi/cfg/ConstraintMappingContributor$ConstraintMappingBuilder
instanceKlass org/springframework/beans/factory/xml/NamespaceHandlerResolver
instanceKlass org/hibernate/validator/metadata/BeanMetaDataClassNormalizer
instanceKlass org/xml/sax/ErrorHandler
instanceKlass org/springframework/beans/factory/xml/DocumentLoader
instanceKlass org/hibernate/validator/spi/messageinterpolation/LocaleResolver
instanceKlass org/springframework/beans/factory/parsing/SourceExtractor
instanceKlass org/springframework/beans/factory/parsing/ReaderEventListener
instanceKlass org/hibernate/validator/internal/engine/ValidatorFactoryConfigurationHelper
instanceKlass org/springframework/beans/factory/parsing/ProblemReporter
instanceKlass org/springframework/beans/factory/support/AbstractBeanDefinitionReader
instanceKlass org/hibernate/validator/internal/metadata/BeanMetaDataManager
instanceKlass org/hibernate/validator/HibernateValidatorContext
instanceKlass org/springframework/beans/factory/support/BeanDefinitionReader
instanceKlass javax/validation/Validator
instanceKlass org/hibernate/validator/internal/engine/constraintvalidation/ConstraintValidatorManager
instanceKlass org/springframework/boot/autoconfigure/condition/ConditionEvaluationReport$AncestorsMatchedCondition
instanceKlass javax/validation/ValidatorContext
instanceKlass org/springframework/context/annotation/Condition
instanceKlass org/hibernate/validator/internal/engine/ValidatorFactoryImpl
instanceKlass org/hibernate/validator/HibernateValidatorFactory
instanceKlass org/springframework/boot/autoconfigure/condition/ConditionEvaluationReport
instanceKlass org/springframework/boot/autoconfigure/logging/ConditionEvaluationReportLoggingListener$ConditionEvaluationReportListener
instanceKlass org/hibernate/validator/internal/engine/resolver/JPATraversableResolver
instanceKlass org/springframework/boot/rsocket/context/RSocketPortInfoApplicationContextInitializer$Listener
instanceKlass javax/persistence/Persistence$PersistenceUtilImpl
instanceKlass org/springframework/boot/context/ConfigurationWarningsApplicationContextInitializer$ComponentScanPackageCheck
instanceKlass org/springframework/boot/context/ConfigurationWarningsApplicationContextInitializer$Check
instanceKlass org/springframework/boot/context/ConfigurationWarningsApplicationContextInitializer$ConfigurationWarningsPostProcessor
instanceKlass org/hibernate/validator/internal/util/ReflectionHelper
instanceKlass org/springframework/beans/factory/support/DefaultListableBeanFactory$$Lambda$112
instanceKlass org/springframework/beans/factory/support/DefaultListableBeanFactory$$Lambda$111
instanceKlass org/springframework/boot/context/ContextIdApplicationContextInitializer$ContextId
instanceKlass org/hibernate/validator/internal/util/privilegedactions/NewInstance
instanceKlass org/springframework/boot/autoconfigure/SharedMetadataReaderFactoryContextInitializer$CachingMetadataReaderFactoryPostProcessor
instanceKlass javax/persistence/PersistenceUtil
instanceKlass org/hibernate/validator/internal/util/privilegedactions/GetMethod
instanceKlass javax/persistence/Persistence
instanceKlass org/springframework/context/index/CandidateComponentsIndexLoader$$Lambda$110
instanceKlass org/springframework/context/index/CandidateComponentsIndex
instanceKlass org/springframework/context/index/CandidateComponentsIndexLoader
instanceKlass org/hibernate/validator/internal/util/privilegedactions/LoadClass
instanceKlass org/springframework/core/io/DefaultResourceLoader$$Lambda$109
instanceKlass org/springframework/core/type/classreading/MetadataReader
instanceKlass org/springframework/core/type/classreading/SimpleMetadataReaderFactory
instanceKlass javax/validation/TraversableResolver
instanceKlass org/hibernate/validator/internal/engine/resolver/TraversableResolvers
instanceKlass org/springframework/core/io/support/ResourcePatternUtils
instanceKlass org/hibernate/validator/internal/xml/config/BootstrapConfigurationImpl
instanceKlass javax/inject/Named
instanceKlass javax/validation/BootstrapConfiguration
instanceKlass javax/annotation/ManagedBean
instanceKlass java/lang/Package$1
instanceKlass org/hibernate/validator/internal/xml/config/ResourceLoaderHelper
instanceKlass org/springframework/stereotype/Indexed
instanceKlass javax/xml/transform/Source
instanceKlass org/springframework/stereotype/Component
instanceKlass org/hibernate/validator/internal/xml/config/ValidationXmlParser
instanceKlass org/springframework/core/type/filter/AbstractTypeHierarchyTraversingFilter
instanceKlass org/springframework/core/type/filter/TypeFilter
instanceKlass org/springframework/beans/factory/support/BeanDefinitionDefaults
instanceKlass org/hibernate/validator/internal/util/privilegedactions/GetInstancesFromServiceLoader
instanceKlass javax/validation/valueextraction/ValueExtractor
instanceKlass org/springframework/core/type/classreading/MetadataReaderFactory
instanceKlass org/hibernate/validator/internal/util/privilegedactions/GetClassLoader
instanceKlass org/springframework/context/annotation/ClassPathScanningCandidateComponentProvider
instanceKlass org/hibernate/validator/internal/engine/DefaultPropertyNodeNameProvider
instanceKlass org/hibernate/validator/internal/engine/DefaultClockProvider
instanceKlass org/hibernate/validator/internal/engine/DefaultParameterNameProvider
instanceKlass org/springframework/context/event/DefaultEventListenerFactory
instanceKlass org/springframework/context/event/EventListenerFactory
instanceKlass org/hibernate/validator/internal/engine/constraintvalidation/ConstraintValidatorFactoryImpl
instanceKlass org/springframework/context/event/EventListenerMethodProcessor
instanceKlass org/springframework/beans/factory/SmartInitializingSingleton
instanceKlass org/hibernate/validator/internal/xml/config/ValidationBootstrapParameters
instanceKlass org/springframework/beans/factory/annotation/InitDestroyAnnotationBeanPostProcessor
instanceKlass org/hibernate/validator/internal/engine/MethodValidationConfiguration$Builder
instanceKlass org/springframework/beans/factory/config/InstantiationAwareBeanPostProcessorAdapter
instanceKlass org/springframework/beans/factory/config/SmartInstantiationAwareBeanPostProcessor
instanceKlass org/hibernate/validator/internal/util/CollectionHelper
instanceKlass org/springframework/beans/factory/config/BeanDefinitionHolder
instanceKlass org/apache/logging/slf4j/SLF4JLogger$1
instanceKlass org/springframework/beans/factory/support/DefaultListableBeanFactory$$Lambda$108
instanceKlass org/springframework/beans/factory/support/DefaultListableBeanFactory$$Lambda$107
instanceKlass org/springframework/beans/factory/support/MethodOverrides
instanceKlass org/springframework/context/annotation/ConfigurationClassPostProcessor
instanceKlass org/springframework/context/EnvironmentAware
instanceKlass org/springframework/context/ResourceLoaderAware
instanceKlass org/springframework/beans/factory/support/BeanDefinitionRegistryPostProcessor
instanceKlass org/jboss/logging/Log4j2LoggerProvider
instanceKlass javax/inject/Qualifier
instanceKlass org/springframework/beans/factory/annotation/Qualifier
instanceKlass org/springframework/aop/TargetSource
instanceKlass org/apache/logging/log4j/spi/LoggerRegistry$ConcurrentMapFactory
instanceKlass org/apache/logging/log4j/spi/LoggerRegistry$MapFactory
instanceKlass org/apache/logging/log4j/spi/LoggerRegistry
instanceKlass org/apache/logging/slf4j/SLF4JLoggerContext
instanceKlass org/apache/logging/log4j/spi/LoggerContext
instanceKlass org/springframework/orm/jpa/support/PersistenceAnnotationBeanPostProcessor
instanceKlass org/springframework/beans/factory/support/MergedBeanDefinitionPostProcessor
instanceKlass org/springframework/beans/factory/config/DestructionAwareBeanPostProcessor
instanceKlass org/springframework/beans/factory/config/InstantiationAwareBeanPostProcessor
instanceKlass org/apache/logging/slf4j/MDCContextMap
instanceKlass org/apache/logging/log4j/spi/CleanableThreadContextMap
instanceKlass org/apache/logging/log4j/spi/ThreadContextMap2
instanceKlass org/apache/logging/log4j/spi/ThreadContextMap
instanceKlass javax/persistence/EntityManagerFactory
instanceKlass org/apache/logging/slf4j/SLF4JLoggerContextFactory
instanceKlass javax/annotation/Resource
instanceKlass org/springframework/context/annotation/AnnotationConfigUtils
instanceKlass org/apache/logging/log4j/util/ProviderUtil
instanceKlass org/springframework/context/annotation/ConditionEvaluator$ConditionContextImpl
instanceKlass org/springframework/context/annotation/ConditionContext
instanceKlass org/springframework/context/annotation/ConditionEvaluator
instanceKlass org/springframework/context/annotation/Scope
instanceKlass org/apache/logging/log4j/Level
instanceKlass org/springframework/context/annotation/AnnotationScopeMetadataResolver
instanceKlass org/springframework/context/annotation/AnnotationBeanNameGenerator
instanceKlass org/springframework/beans/factory/annotation/AnnotatedBeanDefinition
instanceKlass org/springframework/core/type/AnnotatedTypeMetadata
instanceKlass org/springframework/context/annotation/ScopeMetadataResolver
instanceKlass org/springframework/context/annotation/AnnotatedBeanDefinitionReader
instanceKlass org/springframework/beans/factory/support/SimpleAutowireCandidateResolver
instanceKlass org/apache/logging/log4j/util/Strings
instanceKlass org/springframework/beans/factory/BeanNameAware
instanceKlass java/util/concurrent/ConcurrentLinkedQueue$Node
instanceKlass org/springframework/asm/ClassVisitor
instanceKlass org/springframework/core/LocalVariableTableParameterNameDiscoverer
instanceKlass java/util/concurrent/locks/ReentrantReadWriteLock$WriteLock
instanceKlass java/util/concurrent/locks/ReentrantReadWriteLock$ReadLock
instanceKlass org/springframework/core/StandardReflectionParameterNameDiscoverer
instanceKlass java/util/concurrent/locks/ReentrantReadWriteLock
instanceKlass org/springframework/core/PrioritizedParameterNameDiscoverer
instanceKlass org/apache/logging/log4j/message/ExitMessage
instanceKlass org/apache/logging/log4j/message/EntryMessage
instanceKlass org/apache/logging/log4j/message/FlowMessage
instanceKlass org/springframework/beans/factory/support/SimpleInstantiationStrategy
instanceKlass javax/inject/Provider
instanceKlass org/apache/logging/log4j/message/DefaultFlowMessageFactory
instanceKlass org/apache/logging/log4j/message/FlowMessageFactory
instanceKlass org/springframework/core/OrderComparator$OrderSourceProvider
instanceKlass org/springframework/beans/factory/ObjectProvider
instanceKlass org/springframework/beans/factory/ObjectFactory
instanceKlass org/springframework/beans/factory/support/AutowireCandidateResolver
instanceKlass org/apache/logging/log4j/util/PropertySource$Util
instanceKlass org/springframework/core/AttributeAccessorSupport
instanceKlass java/util/Collections$UnmodifiableMap$UnmodifiableEntrySet$1
instanceKlass org/apache/logging/log4j/util/PropertiesUtil$Environment$2
instanceKlass java/util/TreeMap$PrivateEntryIterator
instanceKlass org/apache/logging/log4j/util/SystemPropertiesPropertySource
instanceKlass org/apache/logging/log4j/util/EnvironmentPropertySource
instanceKlass org/springframework/util/ReflectionUtils$MethodCallback
instanceKlass org/apache/logging/log4j/util/PropertiesUtil$Environment$1
instanceKlass org/apache/logging/log4j/util/PropertySource$Comparator
instanceKlass org/springframework/beans/factory/InjectionPoint
instanceKlass org/springframework/beans/PropertyValues
instanceKlass org/springframework/beans/BeanWrapper
instanceKlass org/springframework/beans/ConfigurablePropertyAccessor
instanceKlass org/springframework/beans/PropertyAccessor
instanceKlass org/apache/logging/log4j/util/LoaderUtil$ThreadContextClassLoaderGetter
instanceKlass org/apache/logging/log4j/util/LoaderUtil
instanceKlass org/apache/logging/log4j/util/PropertiesPropertySource
instanceKlass org/springframework/core/ParameterNameDiscoverer
instanceKlass org/apache/logging/log4j/util/BiConsumer
instanceKlass org/springframework/beans/factory/support/InstantiationStrategy
instanceKlass org/apache/logging/log4j/util/PropertiesUtil$Environment
instanceKlass org/apache/logging/log4j/util/PropertySource
instanceKlass org/apache/logging/log4j/util/PropertiesUtil
instanceKlass org/apache/logging/log4j/util/Constants
instanceKlass org/apache/logging/log4j/message/AbstractMessageFactory
instanceKlass org/apache/logging/log4j/message/ReusableMessageFactory
instanceKlass org/springframework/beans/factory/DisposableBean
instanceKlass org/apache/logging/log4j/MarkerManager$Log4jMarker
instanceKlass org/apache/logging/log4j/util/StringBuilderFormattable
instanceKlass org/apache/logging/log4j/Marker
instanceKlass org/apache/logging/log4j/MarkerManager
instanceKlass java/util/concurrent/locks/ReadWriteLock
instanceKlass org/springframework/core/SimpleAliasRegistry
instanceKlass org/apache/logging/log4j/message/MessageFactory2
instanceKlass org/apache/logging/log4j/LogBuilder
instanceKlass org/apache/logging/log4j/message/Message
instanceKlass org/apache/logging/log4j/spi/AbstractLogger
instanceKlass org/springframework/beans/factory/config/BeanDefinition
instanceKlass org/springframework/beans/BeanMetadataElement
instanceKlass org/springframework/core/AttributeAccessor
instanceKlass org/apache/logging/log4j/spi/LocationAwareLogger
instanceKlass org/springframework/beans/factory/config/ConfigurableListableBeanFactory
instanceKlass org/springframework/beans/factory/config/ConfigurableBeanFactory
instanceKlass org/springframework/beans/factory/config/SingletonBeanRegistry
instanceKlass org/springframework/core/SmartClassLoader
instanceKlass org/springframework/beans/factory/config/BeanPostProcessor
instanceKlass org/springframework/beans/PropertyEditorRegistrar
instanceKlass org/springframework/beans/factory/config/BeanExpressionResolver
instanceKlass org/apache/logging/log4j/message/MessageFactory
instanceKlass org/springframework/context/LifecycleProcessor
instanceKlass org/springframework/beans/factory/config/AutowireCapableBeanFactory
instanceKlass org/apache/logging/log4j/spi/LoggerContextFactory
instanceKlass org/apache/logging/log4j/LogManager
instanceKlass org/jboss/logging/LoggerProvider
instanceKlass org/jboss/logging/LoggerProviders
instanceKlass org/springframework/context/annotation/AnnotationConfigRegistry
instanceKlass org/jboss/logging/DelegatingBasicLogger
instanceKlass java/util/RegularEnumSet$EnumSetIterator
instanceKlass java/util/stream/Sink$ChainedInt
instanceKlass org/springframework/boot/convert/LenientObjectToEnumConverterFactory$LenientToEnumConverter$$Lambda$106
instanceKlass org/springframework/boot/convert/LenientObjectToEnumConverterFactory$LenientToEnumConverter$$Lambda$105
instanceKlass java/util/function/IntUnaryOperator
instanceKlass org/springframework/boot/convert/LenientObjectToEnumConverterFactory$LenientToEnumConverter$$Lambda$104
instanceKlass org/springframework/boot/convert/LenientObjectToEnumConverterFactory$LenientToEnumConverter
instanceKlass org/springframework/boot/convert/LenientObjectToEnumConverterFactory$$Lambda$103
instanceKlass org/jboss/logging/SecurityActions
instanceKlass org/jboss/logging/LoggingLocale
instanceKlass org/jboss/logging/Logger
instanceKlass org/springframework/util/AntPathMatcher$PathSeparatorPatternCache
instanceKlass org/hibernate/validator/internal/util/logging/Log
instanceKlass org/jboss/logging/BasicLogger
instanceKlass org/springframework/util/AntPathMatcher
instanceKlass org/hibernate/validator/internal/util/logging/LoggerFactory
instanceKlass org/springframework/util/PathMatcher
instanceKlass org/hibernate/validator/internal/util/Version
instanceKlass org/springframework/core/io/support/PathMatchingResourcePatternResolver
instanceKlass org/hibernate/validator/spi/resourceloading/ResourceBundleLocator
instanceKlass org/hibernate/validator/spi/properties/GetterPropertySelectionStrategy
instanceKlass org/hibernate/validator/cfg/ConstraintMapping
instanceKlass javax/validation/MessageInterpolator
instanceKlass org/hibernate/validator/spi/nodenameprovider/PropertyNodeNameProvider
instanceKlass javax/validation/ClockProvider
instanceKlass javax/validation/ParameterNameProvider
instanceKlass javax/validation/ConstraintValidatorFactory
instanceKlass org/hibernate/validator/internal/engine/AbstractConfigurationImpl
instanceKlass org/xml/sax/InputSource
instanceKlass javax/validation/spi/ConfigurationState
instanceKlass org/hibernate/validator/HibernateValidatorConfiguration
instanceKlass org/hibernate/validator/BaseHibernateValidatorConfiguration
instanceKlass javax/validation/ValidatorFactory
instanceKlass org/springframework/boot/context/properties/bind/PropertySourcesPlaceholdersResolver$$Lambda$102
instanceKlass javax/validation/Configuration
instanceKlass org/hibernate/validator/HibernateValidator
instanceKlass javax/validation/spi/ValidationProvider
instanceKlass javax/validation/Validation$GetValidationProviderListAction
instanceKlass javax/validation/Validation$DefaultValidationProviderResolver
instanceKlass javax/validation/ValidationProviderResolver
instanceKlass javax/validation/Validation$GenericBootstrapImpl
instanceKlass javax/validation/spi/BootstrapState
instanceKlass javax/validation/bootstrap/GenericBootstrap
instanceKlass javax/validation/bootstrap/ProviderSpecificBootstrap
instanceKlass javax/validation/Validation
instanceKlass org/springframework/boot/SpringBootExceptionHandler
instanceKlass org/springframework/boot/autoconfigure/BackgroundPreinitializer$ValidationInitializer
instanceKlass org/springframework/beans/factory/support/BeanNameGenerator
instanceKlass org/springframework/boot/BeanDefinitionLoader
instanceKlass org/springframework/beans/factory/support/BeanDefinitionRegistry
instanceKlass org/springframework/core/AliasRegistry
instanceKlass org/springframework/boot/Banner
instanceKlass org/springframework/boot/CommandLineRunner
instanceKlass org/springframework/boot/ApplicationRunner
instanceKlass org/springframework/boot/ExitCodeGenerator
instanceKlass org/springframework/boot/autoconfigure/BackgroundPreinitializer$ConversionServiceInitializer
instanceKlass org/springframework/boot/autoconfigure/BackgroundPreinitializer$1
instanceKlass org/springframework/boot/context/logging/LoggingApplicationListener$$Lambda$101
instanceKlass org/springframework/boot/context/logging/LoggingApplicationListener$$Lambda$100
instanceKlass org/springframework/boot/context/logging/LoggingApplicationListener$$Lambda$99
instanceKlass java/lang/invoke/LambdaForm$DMH
instanceKlass org/springframework/boot/context/logging/LoggingApplicationListener$$Lambda$98
instanceKlass org/springframework/boot/context/properties/bind/MapBinder$EntryBinder
instanceKlass org/springframework/boot/context/properties/bind/MapBinder$$Lambda$97
instanceKlass java/util/NavigableSet
instanceKlass java/util/SortedSet
instanceKlass org/springframework/core/CollectionFactory
instanceKlass ch/qos/logback/classic/pattern/TargetLengthBasedClassNameAbbreviator
instanceKlass ch/qos/logback/core/pattern/ConverterUtil
instanceKlass ch/qos/logback/classic/pattern/Abbreviator
instanceKlass ch/qos/logback/core/pattern/FormatInfo
instanceKlass ch/qos/logback/core/pattern/util/AsIsEscapeUtil
instanceKlass ch/qos/logback/core/pattern/parser/OptionTokenizer
instanceKlass ch/qos/logback/core/pattern/parser/TokenStream$1
instanceKlass ch/qos/logback/core/pattern/util/RestrictedEscapeUtil
instanceKlass ch/qos/logback/core/pattern/parser/TokenStream
instanceKlass ch/qos/logback/core/pattern/util/RegularEscapeUtil
instanceKlass ch/qos/logback/classic/pattern/EnsureExceptionHandling
instanceKlass ch/qos/logback/core/pattern/parser/Token
instanceKlass ch/qos/logback/core/pattern/parser/Node
instanceKlass ch/qos/logback/core/pattern/util/IEscapeUtil
instanceKlass ch/qos/logback/core/pattern/PostCompileProcessor
instanceKlass java/util/Vector$Itr
instanceKlass ch/qos/logback/core/subst/NodeToStringTransformer$1
instanceKlass ch/qos/logback/core/CoreConstants
instanceKlass ch/qos/logback/core/subst/Node
instanceKlass ch/qos/logback/core/subst/Parser$1
instanceKlass ch/qos/logback/core/subst/Parser
instanceKlass ch/qos/logback/core/subst/Token
instanceKlass ch/qos/logback/core/subst/Tokenizer$1
instanceKlass ch/qos/logback/core/subst/Tokenizer
instanceKlass ch/qos/logback/core/subst/NodeToStringTransformer
instanceKlass ch/qos/logback/classic/jul/JULHelper
instanceKlass ch/qos/logback/core/rolling/RollingPolicy
instanceKlass org/springframework/boot/logging/logback/DefaultLogbackConfiguration
instanceKlass ch/qos/logback/core/LifeCycleManager
instanceKlass org/springframework/boot/logging/LoggingInitializationContext
instanceKlass org/springframework/boot/logging/LoggerGroup
instanceKlass org/springframework/boot/logging/LoggerGroups$$Lambda$96
instanceKlass org/springframework/boot/logging/LoggerGroups
instanceKlass org/springframework/boot/logging/LogFile
instanceKlass java/util/ArrayList$SubList$1
instanceKlass sun/management/RuntimeImpl
instanceKlass java/lang/management/RuntimeMXBean
instanceKlass java/lang/management/PlatformManagedObject
instanceKlass sun/management/VMManagementImpl
instanceKlass sun/management/VMManagement
instanceKlass sun/management/ManagementFactoryHelper$4
instanceKlass sun/management/ManagementFactoryHelper
instanceKlass java/lang/management/ManagementFactory
instanceKlass org/springframework/boot/system/ApplicationPid
instanceKlass org/springframework/boot/logging/LoggingSystemProperties
instanceKlass org/springframework/boot/ansi/AnsiElement
instanceKlass org/springframework/boot/context/config/AnsiOutputApplicationListener$$Lambda$95
instanceKlass java/lang/invoke/LambdaForm$DMH
instanceKlass org/springframework/boot/ansi/AnsiOutput
instanceKlass java/util/stream/ForEachOps$ForEachOp
instanceKlass java/util/stream/ForEachOps
instanceKlass org/springframework/boot/context/config/ConfigFileApplicationListener$Loader$$Lambda$94
instanceKlass org/springframework/boot/context/config/ConfigFileApplicationListener$Loader$$Lambda$93
instanceKlass org/springframework/boot/context/config/ConfigFileApplicationListener$Loader$$Lambda$92
instanceKlass java/util/LinkedList$LLSpliterator
instanceKlass org/springframework/boot/context/config/ConfigFileApplicationListener$Loader$$Lambda$91
instanceKlass org/springframework/boot/context/config/ConfigFileApplicationListener$Loader$$Lambda$90
instanceKlass org/springframework/boot/context/config/ConfigFileApplicationListener$Loader$$Lambda$89
instanceKlass org/springframework/boot/context/config/ConfigFileApplicationListener$Loader$$Lambda$88
instanceKlass java/io/FileFilter
instanceKlass java/lang/invoke/LambdaForm$DMH
instanceKlass org/springframework/boot/logging/DeferredLog$Line
instanceKlass java/nio/channels/WritableByteChannel
instanceKlass org/springframework/core/io/WritableResource
instanceKlass org/springframework/boot/context/config/ConfigFileApplicationListener$Loader$$Lambda$87
instanceKlass org/springframework/boot/context/config/ConfigFileApplicationListener$Loader$$Lambda$86
instanceKlass java/lang/invoke/LambdaForm$DMH
instanceKlass org/springframework/boot/context/config/ConfigFileApplicationListener$Loader$$Lambda$85
instanceKlass org/springframework/boot/context/config/ConfigFileApplicationListener$Loader$$Lambda$84
instanceKlass org/springframework/core/convert/support/ConversionUtils
instanceKlass java/util/concurrent/ConcurrentLinkedDeque$AbstractItr
instanceKlass org/springframework/core/convert/support/GenericConversionService$ConverterCacheKey
instanceKlass org/springframework/boot/context/properties/source/ConfigurationProperty
instanceKlass org/springframework/boot/origin/PropertySourceOrigin
instanceKlass org/springframework/boot/context/config/ConfigFileApplicationListener$Loader$$Lambda$83
instanceKlass java/lang/invoke/LambdaForm$DMH
instanceKlass java/lang/invoke/LambdaForm$MH
instanceKlass java/lang/invoke/LambdaForm$DMH
instanceKlass java/lang/invoke/LambdaForm$DMH
instanceKlass org/springframework/boot/context/config/ConfigFileApplicationListener$Loader$$Lambda$82
instanceKlass org/springframework/boot/context/config/ConfigFileApplicationListener$DocumentConsumer
instanceKlass java/lang/invoke/LambdaForm$DMH
instanceKlass org/springframework/boot/context/config/ConfigFileApplicationListener$Document
instanceKlass org/springframework/boot/context/config/ConfigFileApplicationListener$Loader$$Lambda$81
instanceKlass org/springframework/boot/context/config/ConfigFileApplicationListener$Loader$$Lambda$80
instanceKlass org/springframework/boot/context/config/ConfigFileApplicationListener$DocumentFilterFactory
instanceKlass org/springframework/boot/context/config/ConfigFileApplicationListener$DocumentFilter
instanceKlass java/util/stream/ReduceOps$Box
instanceKlass java/util/stream/ReduceOps$AccumulatingSink
instanceKlass java/util/stream/ReduceOps$ReduceOp
instanceKlass java/util/stream/ReduceOps
instanceKlass java/util/stream/Collectors$$Lambda$79
instanceKlass java/util/stream/Collectors$$Lambda$78
instanceKlass java/util/function/BinaryOperator
instanceKlass java/util/stream/Collectors$$Lambda$77
instanceKlass java/lang/invoke/LambdaForm$DMH
instanceKlass java/util/stream/Collectors$$Lambda$76
instanceKlass java/util/stream/Collectors$CollectorImpl
instanceKlass java/util/stream/Collector
instanceKlass java/util/stream/Collectors
instanceKlass org/springframework/boot/context/config/ConfigFileApplicationListener$Loader$$Lambda$75
instanceKlass org/springframework/boot/context/config/ConfigFileApplicationListener$Loader$$Lambda$74
instanceKlass java/lang/invoke/LambdaForm$DMH
instanceKlass org/springframework/boot/context/config/ConfigFileApplicationListener$Profile
instanceKlass org/springframework/boot/context/config/ConfigFileApplicationListener$Loader$$Lambda$73
instanceKlass java/lang/invoke/LambdaForm$MH
instanceKlass java/lang/invoke/LambdaForm$DMH
instanceKlass java/lang/invoke/LambdaForm$DMH
instanceKlass org/springframework/boot/context/properties/bind/Binder$$Lambda$72
instanceKlass java/lang/invoke/LambdaForm$DMH
instanceKlass java/util/stream/StreamSpliterators$WrappingSpliterator$$Lambda$71
instanceKlass java/util/function/BooleanSupplier
instanceKlass java/util/stream/StreamSpliterators$WrappingSpliterator$$Lambda$70
instanceKlass java/util/stream/AbstractSpinedBuffer
instanceKlass java/util/Spliterators$1Adapter
instanceKlass java/util/stream/StreamSpliterators$AbstractWrappingSpliterator
instanceKlass java/util/stream/AbstractPipeline$$Lambda$69
instanceKlass org/springframework/boot/context/properties/source/SpringIterableConfigurationPropertySource$$Lambda$68
instanceKlass org/springframework/boot/context/properties/source/FilteredConfigurationPropertiesSource
instanceKlass org/springframework/boot/context/properties/bind/IndexedElementsBinder$$Lambda$67
instanceKlass org/springframework/boot/context/properties/bind/ArrayBinder$$Lambda$66
instanceKlass org/springframework/boot/context/properties/bind/AggregateBinder$AggregateSupplier
instanceKlass org/springframework/boot/context/properties/bind/Binder$$Lambda$65
instanceKlass org/springframework/boot/context/properties/bind/Binder$$Lambda$64
instanceKlass org/springframework/boot/context/properties/bind/AggregateElementBinder
instanceKlass org/springframework/boot/context/config/ConfigFileApplicationListener$Loader$$Lambda$63
instanceKlass java/lang/invoke/LambdaForm$DMH
instanceKlass org/springframework/boot/env/YamlPropertySourceLoader
instanceKlass org/springframework/boot/env/PropertiesPropertySourceLoader
instanceKlass org/springframework/boot/env/PropertySourceLoader
instanceKlass org/springframework/boot/context/config/ConfigFileApplicationListener$Loader
instanceKlass java/net/InetAddress$CacheEntry
instanceKlass sun/net/InetAddressCachePolicy$2
instanceKlass sun/net/InetAddressCachePolicy$1
instanceKlass sun/net/InetAddressCachePolicy
instanceKlass java/net/Inet4AddressImpl
instanceKlass sun/nio/ch/Interruptible
instanceKlass java/util/concurrent/locks/LockSupport
instanceKlass java/util/concurrent/FutureTask$WaitNode
instanceKlass java/util/concurrent/FutureTask
instanceKlass java/util/concurrent/RunnableFuture
instanceKlass java/util/concurrent/Future
instanceKlass org/springframework/cloud/commons/util/InetUtils$$Lambda$62
instanceKlass java/util/concurrent/Callable
instanceKlass org/springframework/cloud/commons/util/InetUtils$HostInfo
instanceKlass java/net/NetworkInterface$1checkedAddresses
instanceKlass java/net/NetworkInterface$2
instanceKlass java/net/DefaultInterface
instanceKlass java/net/Inet6Address$Inet6AddressHolder
instanceKlass java/net/InetAddress$2
instanceKlass sun/net/spi/nameservice/NameService
instanceKlass java/net/Inet6AddressImpl
instanceKlass java/net/InetAddressImpl
instanceKlass java/net/InetAddressImplFactory
instanceKlass java/net/InetAddress$Cache
instanceKlass java/net/InetAddress$InetAddressHolder
instanceKlass java/net/InetAddress$1
instanceKlass java/net/InterfaceAddress
instanceKlass java/net/NetworkInterface$1
instanceKlass java/net/NetworkInterface
instanceKlass java/util/concurrent/ThreadPoolExecutor$AbortPolicy
instanceKlass java/util/concurrent/RejectedExecutionHandler
instanceKlass java/util/concurrent/AbstractExecutorService
instanceKlass java/util/concurrent/Executors
instanceKlass org/springframework/cloud/commons/util/InetUtils$$Lambda$61
instanceKlass java/util/concurrent/ThreadFactory
instanceKlass org/springframework/cloud/commons/util/InetUtils
instanceKlass org/springframework/boot/context/properties/bind/BindResult
instanceKlass org/springframework/beans/factory/annotation/Value
instanceKlass org/springframework/core/SerializableTypeWrapper$MethodInvokeTypeProvider
instanceKlass java/lang/reflect/Proxy$1
instanceKlass java/lang/reflect/Proxy$KeyX
instanceKlass org/springframework/core/SerializableTypeWrapper$TypeProxyInvocationHandler
instanceKlass org/springframework/core/GraalDetector
instanceKlass sun/reflect/generics/tree/MethodTypeSignature
instanceKlass sun/reflect/generics/tree/VoidDescriptor
instanceKlass org/springframework/boot/context/properties/bind/JavaBeanBinder$BeanProperty$$Lambda$60
instanceKlass org/springframework/core/SerializableTypeWrapper$MethodParameterTypeProvider
instanceKlass java/lang/invoke/LambdaForm$MH
instanceKlass org/springframework/core/MethodParameter$$Lambda$59
instanceKlass org/springframework/core/MethodParameter
instanceKlass org/springframework/boot/context/properties/bind/JavaBeanBinder$Bean$$Lambda$58
instanceKlass org/springframework/boot/context/properties/bind/JavaBeanBinder$BeanSupplier
instanceKlass org/springframework/boot/context/properties/bind/JavaBeanBinder$Bean$$Lambda$57
instanceKlass org/springframework/boot/context/properties/bind/JavaBeanBinder$Bean$$Lambda$56
instanceKlass org/springframework/boot/context/properties/bind/DataObjectPropertyName
instanceKlass org/springframework/boot/context/properties/bind/JavaBeanBinder$Bean$$Lambda$55
instanceKlass java/beans/FeatureDescriptor
instanceKlass com/sun/beans/WeakCache
instanceKlass java/beans/Introspector
instanceKlass org/springframework/boot/context/properties/bind/JavaBeanBinder$Bean$$Lambda$54
instanceKlass java/util/function/BiConsumer
instanceKlass java/lang/invoke/LambdaForm$DMH
instanceKlass org/springframework/boot/context/properties/bind/JavaBeanBinder$BeanProperty
instanceKlass org/springframework/boot/context/properties/bind/JavaBeanBinder$Bean$$Lambda$53
instanceKlass org/springframework/boot/context/properties/bind/JavaBeanBinder$Bean$$Lambda$52
instanceKlass org/springframework/boot/context/properties/bind/JavaBeanBinder$Bean$$Lambda$51
instanceKlass org/springframework/boot/context/properties/bind/JavaBeanBinder$Bean$$Lambda$50
instanceKlass java/lang/invoke/LambdaForm$BMH
instanceKlass java/lang/invoke/LambdaForm$BMH
instanceKlass java/lang/invoke/LambdaForm$MH
instanceKlass java/lang/invoke/LambdaForm$MH
instanceKlass java/lang/invoke/LambdaForm$BMH
instanceKlass java/lang/invoke/LambdaForm$BMH
instanceKlass java/lang/invoke/LambdaForm$DMH
instanceKlass java/lang/invoke/LambdaForm$BMH
instanceKlass java/lang/invoke/LambdaForm$BMH
instanceKlass java/lang/invoke/LambdaForm$BMH
instanceKlass java/lang/invoke/LambdaForm$DMH
instanceKlass sun/invoke/util/ValueConversions$WrapperCache
instanceKlass java/lang/invoke/LambdaForm$MH
instanceKlass java/lang/invoke/LambdaForm$DMH
instanceKlass java/lang/invoke/LambdaForm$DMH
instanceKlass java/lang/invoke/MethodHandleImpl$BindCaller$T
instanceKlass java/lang/invoke/LambdaForm$BMH
instanceKlass java/lang/invoke/LambdaForm$MH
instanceKlass java/lang/invoke/LambdaForm$DMH
instanceKlass java/lang/invoke/LambdaForm$DMH
instanceKlass java/lang/invoke/LambdaForm$MH
instanceKlass java/lang/invoke/LambdaForm$DMH
instanceKlass java/lang/invoke/LambdaForm$DMH
instanceKlass java/lang/invoke/MethodHandleImpl$ArrayAccessor
instanceKlass java/lang/invoke/LambdaForm$BMH
instanceKlass java/lang/invoke/MethodHandleImpl$BindCaller$T
instanceKlass java/lang/invoke/MethodHandleImpl$BindCaller$2
instanceKlass java/lang/invoke/MethodHandleImpl$BindCaller
instanceKlass org/springframework/boot/context/properties/bind/JavaBeanBinder$Bean
instanceKlass org/springframework/boot/context/properties/bind/ValueObjectBinder$ValueObject
instanceKlass java/lang/invoke/LambdaForm$MH
instanceKlass org/springframework/boot/context/properties/bind/Binder$$Lambda$49
instanceKlass java/lang/invoke/LambdaForm$MH
instanceKlass org/springframework/boot/context/properties/bind/Binder$$Lambda$48
instanceKlass org/springframework/boot/context/properties/bind/DataObjectPropertyBinder
instanceKlass java/util/Random
instanceKlass org/springframework/boot/context/properties/bind/BindConverter$CompositeConversionService
instanceKlass org/springframework/beans/TypeConverterDelegate
instanceKlass org/springframework/beans/PropertyEditorRegistrySupport
instanceKlass org/springframework/beans/PropertyEditorRegistry
instanceKlass org/springframework/beans/TypeConverter
instanceKlass org/springframework/boot/context/properties/bind/BindConverter$TypeConverterConverter
instanceKlass java/beans/PropertyEditorSupport
instanceKlass java/beans/PropertyEditor
instanceKlass org/springframework/boot/context/properties/bind/BindConverter
instanceKlass org/springframework/boot/context/properties/bind/Binder$Context
instanceKlass org/springframework/boot/context/properties/bind/Bindable$$Lambda$47
instanceKlass org/springframework/boot/context/properties/bind/Bindable$$Lambda$46
instanceKlass org/springframework/boot/context/properties/bind/JavaBeanBinder
instanceKlass org/springframework/boot/context/properties/bind/ValueObjectBinder
instanceKlass org/springframework/boot/context/properties/bind/DataObjectBinder
instanceKlass org/springframework/boot/context/properties/bind/DefaultBindConstructorProvider
instanceKlass org/springframework/boot/context/properties/bind/BindConstructorProvider
instanceKlass org/springframework/boot/context/properties/bind/BindHandler$1
instanceKlass org/springframework/boot/context/properties/bind/BindHandler
instanceKlass org/springframework/boot/context/properties/bind/PropertySourcesPlaceholdersResolver
instanceKlass org/springframework/boot/context/properties/bind/AggregateBinder
instanceKlass org/springframework/boot/origin/OriginProvider
instanceKlass org/springframework/boot/context/properties/bind/BindContext
instanceKlass org/springframework/boot/context/properties/bind/PlaceholdersResolver
instanceKlass org/springframework/boot/context/properties/bind/Binder
instanceKlass org/springframework/cloud/commons/util/InetUtilsProperties
instanceKlass org/springframework/boot/env/SpringApplicationJsonEnvironmentPostProcessor$$Lambda$45
instanceKlass java/lang/invoke/LambdaForm$DMH
instanceKlass org/springframework/boot/env/SpringApplicationJsonEnvironmentPostProcessor$$Lambda$44
instanceKlass org/springframework/boot/env/SpringApplicationJsonEnvironmentPostProcessor$$Lambda$43
instanceKlass org/springframework/boot/env/SpringApplicationJsonEnvironmentPostProcessor$JsonPropertyValue
instanceKlass java/util/Spliterators$ArraySpliterator
instanceKlass org/springframework/boot/origin/Origin
instanceKlass org/springframework/cloud/client/HostInfoEnvironmentPostProcessor
instanceKlass org/springframework/boot/reactor/DebugAgentEnvironmentPostProcessor
instanceKlass org/springframework/boot/env/SystemEnvironmentPropertySourceEnvironmentPostProcessor
instanceKlass org/springframework/boot/env/SpringApplicationJsonEnvironmentPostProcessor
instanceKlass org/springframework/cloud/bootstrap/BootstrapImportSelectorConfiguration
instanceKlass org/springframework/boot/builder/SpringApplicationBuilder
instanceKlass org/springframework/boot/context/properties/source/ConfigurationPropertyName$$Lambda$42
instanceKlass org/springframework/boot/context/properties/source/ConfigurationPropertyName$ElementCharPredicate
instanceKlass java/lang/invoke/LambdaForm$DMH
instanceKlass org/springframework/boot/builder/ParentContextApplicationContextInitializer
instanceKlass org/springframework/core/env/AbstractPropertyResolver$$Lambda$41
instanceKlass org/springframework/util/PropertyPlaceholderHelper$PlaceholderResolver
instanceKlass org/springframework/util/PropertyPlaceholderHelper
instanceKlass java/util/stream/Sink$OfInt
instanceKlass java/util/function/IntConsumer
instanceKlass java/util/Spliterators$IntIteratorSpliterator
instanceKlass java/lang/CharSequence$1CharIterator
instanceKlass java/util/PrimitiveIterator$OfInt
instanceKlass java/util/PrimitiveIterator
instanceKlass java/util/stream/MatchOps$$Lambda$40
instanceKlass java/util/stream/MatchOps$BooleanTerminalSink
instanceKlass java/util/stream/MatchOps$MatchOp
instanceKlass java/util/stream/MatchOps
instanceKlass org/springframework/boot/context/properties/source/SystemEnvironmentPropertyMapper$$Lambda$39
instanceKlass java/util/function/IntPredicate
instanceKlass java/lang/invoke/LambdaForm$DMH
instanceKlass java/util/stream/IntStream
instanceKlass java/lang/CharSequence$$Lambda$38
instanceKlass org/springframework/boot/context/properties/source/SystemEnvironmentPropertyMapper$$Lambda$37
instanceKlass java/util/function/BiPredicate$$Lambda$36
instanceKlass java/lang/invoke/LambdaForm$DMH
instanceKlass org/springframework/boot/context/properties/source/SystemEnvironmentPropertyMapper$$Lambda$35
instanceKlass java/lang/invoke/LambdaForm$DMH
instanceKlass org/springframework/boot/context/properties/source/SpringIterableConfigurationPropertySource$Mappings$$Lambda$34
instanceKlass org/springframework/boot/context/properties/source/SpringIterableConfigurationPropertySource$$Lambda$33
instanceKlass org/springframework/boot/context/properties/source/SpringIterableConfigurationPropertySource$$Lambda$32
instanceKlass java/util/function/UnaryOperator
instanceKlass org/springframework/boot/context/properties/source/SpringIterableConfigurationPropertySource$$Lambda$31
instanceKlass org/springframework/boot/context/properties/source/SpringIterableConfigurationPropertySource$Mappings
instanceKlass org/springframework/boot/context/properties/source/DefaultPropertyMapper$LastMapping
instanceKlass java/time/Clock
instanceKlass org/springframework/boot/context/properties/source/SoftReferenceConfigurationPropertyCache
instanceKlass org/springframework/boot/context/properties/source/ConfigurationPropertyCaching
instanceKlass org/springframework/boot/context/properties/source/SystemEnvironmentPropertyMapper
instanceKlass org/springframework/boot/context/properties/source/PropertyMapper$$Lambda$30
instanceKlass java/util/function/BiPredicate
instanceKlass java/lang/invoke/LambdaForm$DMH
instanceKlass org/springframework/boot/context/properties/source/DefaultPropertyMapper
instanceKlass org/springframework/boot/context/properties/source/PropertyMapper
instanceKlass org/springframework/boot/context/properties/source/CachingConfigurationPropertySource
instanceKlass org/springframework/boot/context/properties/source/IterableConfigurationPropertySource
instanceKlass org/springframework/boot/context/properties/source/SpringConfigurationPropertySource
instanceKlass org/springframework/boot/context/properties/source/SpringConfigurationPropertySources$$Lambda$29
instanceKlass org/springframework/boot/context/properties/source/SpringConfigurationPropertySources$SourcesIterator
instanceKlass org/springframework/boot/context/properties/source/ConfigurationPropertySource
instanceKlass org/springframework/boot/context/properties/source/SpringConfigurationPropertySources
instanceKlass org/springframework/boot/context/properties/source/ConfigurationPropertySources
instanceKlass java/util/concurrent/CopyOnWriteArrayList$COWIterator
instanceKlass org/springframework/boot/convert/LenientObjectToEnumConverterFactory
instanceKlass sun/reflect/generics/tree/ByteSignature
instanceKlass org/springframework/boot/convert/InputStreamSourceToByteArrayConverter
instanceKlass org/springframework/core/io/DefaultResourceLoader
instanceKlass org/springframework/boot/convert/StringToFileConverter
instanceKlass org/springframework/boot/convert/NumberToDataSizeConverter
instanceKlass org/springframework/util/unit/DataSize
instanceKlass org/springframework/boot/convert/StringToDataSizeConverter
instanceKlass org/springframework/boot/convert/NumberToPeriodConverter
instanceKlass org/springframework/boot/convert/PeriodToStringConverter
instanceKlass org/springframework/boot/convert/StringToPeriodConverter
instanceKlass org/springframework/boot/convert/DurationToNumberConverter
instanceKlass org/springframework/boot/convert/NumberToDurationConverter
instanceKlass org/springframework/boot/convert/DurationToStringConverter
instanceKlass org/springframework/boot/convert/StringToDurationConverter
instanceKlass org/springframework/boot/convert/DelimitedStringToCollectionConverter
instanceKlass org/springframework/boot/convert/DelimitedStringToArrayConverter
instanceKlass org/springframework/boot/convert/CollectionToDelimitedStringConverter
instanceKlass org/springframework/boot/convert/ArrayToDelimitedStringConverter
instanceKlass org/springframework/boot/convert/IsoOffsetFormatter
instanceKlass java/net/InetAddress
instanceKlass org/springframework/boot/convert/InetAddressFormatter
instanceKlass java/lang/invoke/LambdaForm$MH
instanceKlass org/springframework/format/support/FormattingConversionService$$Lambda$28
instanceKlass sun/reflect/generics/tree/ArrayTypeSignature
instanceKlass sun/reflect/generics/tree/CharSignature
instanceKlass org/springframework/boot/convert/CharArrayFormatter
instanceKlass org/springframework/format/datetime/joda/MonthDayFormatter
instanceKlass org/springframework/format/datetime/joda/YearMonthFormatter
instanceKlass org/springframework/format/datetime/joda/DurationFormatter
instanceKlass org/joda/time/base/AbstractDuration
instanceKlass org/joda/time/ReadableDuration
instanceKlass org/springframework/format/datetime/joda/PeriodFormatter
instanceKlass org/joda/time/base/AbstractPeriod
instanceKlass org/joda/time/ReadablePeriod
instanceKlass org/springframework/format/datetime/joda/DateTimeParser
instanceKlass org/springframework/format/datetime/joda/ReadableInstantPrinter
instanceKlass org/springframework/format/datetime/joda/LocalDateTimeParser
instanceKlass org/springframework/format/datetime/joda/LocalTimeParser
instanceKlass org/springframework/format/datetime/joda/LocalDateParser
instanceKlass org/springframework/format/datetime/joda/ReadablePartialPrinter
instanceKlass org/joda/time/format/DateTimeFormat$StyleFormatter
instanceKlass org/joda/time/format/DateTimeFormatter
instanceKlass org/joda/time/format/DateTimeParser
instanceKlass org/joda/time/format/DateTimePrinter
instanceKlass org/joda/time/format/DateTimeFormat
instanceKlass org/springframework/format/datetime/joda/JodaTimeFormatterRegistrar$1
instanceKlass org/springframework/format/datetime/joda/JodaTimeConverters$LocalDateTimeToLocalTimeConverter
instanceKlass org/springframework/format/datetime/joda/JodaTimeConverters$LocalDateTimeToLocalDateConverter
instanceKlass org/springframework/format/datetime/joda/JodaTimeConverters$LongToReadableInstantConverter
instanceKlass org/springframework/format/datetime/joda/JodaTimeConverters$CalendarToReadableInstantConverter
instanceKlass org/springframework/format/datetime/joda/JodaTimeConverters$DateToReadableInstantConverter
instanceKlass org/springframework/format/datetime/joda/JodaTimeConverters$DateTimeToLongConverter
instanceKlass org/springframework/format/datetime/joda/JodaTimeConverters$DateTimeToCalendarConverter
instanceKlass org/springframework/format/datetime/joda/JodaTimeConverters$DateTimeToDateConverter
instanceKlass org/springframework/format/datetime/joda/JodaTimeConverters$DateTimeToInstantConverter
instanceKlass org/joda/time/ReadWritableDateTime
instanceKlass org/joda/time/ReadWritableInstant
instanceKlass org/springframework/format/datetime/joda/JodaTimeConverters$DateTimeToMutableDateTimeConverter
instanceKlass org/springframework/format/datetime/joda/JodaTimeConverters$DateTimeToDateMidnightConverter
instanceKlass org/springframework/format/datetime/joda/JodaTimeConverters$DateTimeToLocalDateTimeConverter
instanceKlass org/springframework/format/datetime/joda/JodaTimeConverters$DateTimeToLocalTimeConverter
instanceKlass org/joda/time/base/AbstractInstant
instanceKlass org/joda/time/ReadableDateTime
instanceKlass org/joda/time/ReadableInstant
instanceKlass org/springframework/format/datetime/joda/JodaTimeConverters$DateTimeToLocalDateConverter
instanceKlass org/springframework/format/datetime/joda/JodaTimeConverters
instanceKlass org/springframework/format/datetime/joda/DateTimeFormatterFactory
instanceKlass org/springframework/format/datetime/joda/JodaTimeFormatterRegistrar
instanceKlass org/springframework/format/annotation/DateTimeFormat
instanceKlass org/springframework/format/datetime/standard/MonthDayFormatter
instanceKlass java/time/MonthDay
instanceKlass org/springframework/format/datetime/standard/YearMonthFormatter
instanceKlass java/time/YearMonth
instanceKlass org/springframework/format/datetime/standard/MonthFormatter
instanceKlass org/springframework/format/datetime/standard/YearFormatter
instanceKlass java/time/Year
instanceKlass org/springframework/format/datetime/standard/DurationFormatter
instanceKlass org/springframework/format/datetime/standard/PeriodFormatter
instanceKlass org/springframework/format/datetime/standard/InstantFormatter
instanceKlass java/time/OffsetTime
instanceKlass org/springframework/format/support/FormattingConversionService$ParserConverter
instanceKlass org/springframework/format/support/FormattingConversionService$PrinterConverter
instanceKlass org/springframework/format/datetime/standard/TemporalAccessorParser
instanceKlass org/springframework/format/datetime/standard/TemporalAccessorPrinter
instanceKlass java/time/format/DateTimeFormatterBuilder$LocalizedPrinterParser
instanceKlass java/time/format/DateTimeFormatter$$Lambda$27
instanceKlass java/time/format/DateTimeFormatter$$Lambda$26
instanceKlass java/time/Period
instanceKlass java/time/chrono/ChronoPeriod
instanceKlass java/time/format/DateTimeFormatterBuilder$TextPrinterParser
instanceKlass java/time/format/DateTimeTextProvider$1
instanceKlass java/time/format/DateTimeTextProvider
instanceKlass java/util/AbstractMap$SimpleImmutableEntry
instanceKlass java/time/format/DateTimeTextProvider$LocaleStore
instanceKlass java/time/format/DateTimeFormatterBuilder$InstantPrinterParser
instanceKlass java/time/format/DateTimeFormatterBuilder$StringLiteralPrinterParser
instanceKlass java/time/format/DateTimeFormatterBuilder$ZoneIdPrinterParser
instanceKlass java/time/format/DateTimeFormatterBuilder$FractionPrinterParser
instanceKlass java/time/format/DateTimeFormatterBuilder$OffsetIdPrinterParser
instanceKlass java/time/format/DecimalStyle
instanceKlass java/time/format/DateTimeFormatterBuilder$CompositePrinterParser
instanceKlass java/time/chrono/AbstractChronology$$Lambda$25
instanceKlass java/time/chrono/AbstractChronology$$Lambda$24
instanceKlass java/time/chrono/AbstractChronology$$Lambda$23
instanceKlass java/time/chrono/AbstractChronology
instanceKlass java/time/chrono/Chronology
instanceKlass java/time/format/DateTimeFormatterBuilder$CharLiteralPrinterParser
instanceKlass java/time/format/DateTimeFormatterBuilder$NumberPrinterParser
instanceKlass java/time/format/DateTimeFormatterBuilder$DateTimePrinterParser
instanceKlass java/time/format/DateTimeFormatterBuilder$2
instanceKlass java/time/temporal/IsoFields
instanceKlass java/time/temporal/ValueRange
instanceKlass java/time/Duration
instanceKlass java/time/temporal/TemporalAmount
instanceKlass java/time/temporal/TemporalUnit
instanceKlass java/time/temporal/TemporalField
instanceKlass java/time/format/DateTimeFormatterBuilder$$Lambda$22
instanceKlass java/time/temporal/TemporalQuery
instanceKlass java/lang/invoke/LambdaForm$DMH
instanceKlass java/time/format/DateTimeFormatterBuilder
instanceKlass java/time/format/DateTimeFormatter
instanceKlass org/springframework/format/datetime/standard/DateTimeFormatterRegistrar$1
instanceKlass org/springframework/format/datetime/standard/DateTimeConverters$InstantToLongConverter
instanceKlass org/springframework/format/datetime/standard/DateTimeConverters$LongToInstantConverter
instanceKlass org/springframework/format/datetime/standard/DateTimeConverters$CalendarToInstantConverter
instanceKlass org/springframework/format/datetime/standard/DateTimeConverters$CalendarToLocalDateTimeConverter
instanceKlass org/springframework/format/datetime/standard/DateTimeConverters$CalendarToLocalTimeConverter
instanceKlass org/springframework/format/datetime/standard/DateTimeConverters$CalendarToLocalDateConverter
instanceKlass org/springframework/format/datetime/standard/DateTimeConverters$CalendarToOffsetDateTimeConverter
instanceKlass org/springframework/format/datetime/standard/DateTimeConverters$CalendarToZonedDateTimeConverter
instanceKlass org/springframework/format/datetime/standard/DateTimeConverters$OffsetDateTimeToInstantConverter
instanceKlass org/springframework/format/datetime/standard/DateTimeConverters$OffsetDateTimeToZonedDateTimeConverter
instanceKlass org/springframework/format/datetime/standard/DateTimeConverters$OffsetDateTimeToLocalDateTimeConverter
instanceKlass org/springframework/format/datetime/standard/DateTimeConverters$OffsetDateTimeToLocalTimeConverter
instanceKlass org/springframework/format/datetime/standard/DateTimeConverters$OffsetDateTimeToLocalDateConverter
instanceKlass java/time/Instant
instanceKlass org/springframework/format/datetime/standard/DateTimeConverters$ZonedDateTimeToInstantConverter
instanceKlass java/time/OffsetDateTime
instanceKlass org/springframework/format/datetime/standard/DateTimeConverters$ZonedDateTimeToOffsetDateTimeConverter
instanceKlass org/springframework/format/datetime/standard/DateTimeConverters$ZonedDateTimeToLocalDateTimeConverter
instanceKlass org/springframework/format/datetime/standard/DateTimeConverters$ZonedDateTimeToLocalTimeConverter
instanceKlass org/springframework/format/datetime/standard/DateTimeConverters$ZonedDateTimeToLocalDateConverter
instanceKlass java/time/LocalTime
instanceKlass org/springframework/format/datetime/standard/DateTimeConverters$LocalDateTimeToLocalTimeConverter
instanceKlass java/time/LocalDate
instanceKlass java/time/chrono/ChronoLocalDate
instanceKlass java/time/LocalDateTime
instanceKlass java/time/chrono/ChronoLocalDateTime
instanceKlass java/time/temporal/TemporalAdjuster
instanceKlass org/springframework/format/datetime/standard/DateTimeConverters$LocalDateTimeToLocalDateConverter
instanceKlass org/springframework/format/datetime/DateFormatterRegistrar$LongToCalendarConverter
instanceKlass org/springframework/format/datetime/DateFormatterRegistrar$LongToDateConverter
instanceKlass org/springframework/format/datetime/DateFormatterRegistrar$CalendarToLongConverter
instanceKlass org/springframework/format/datetime/DateFormatterRegistrar$CalendarToDateConverter
instanceKlass org/springframework/format/datetime/DateFormatterRegistrar$DateToCalendarConverter
instanceKlass org/springframework/format/datetime/DateFormatterRegistrar$DateToLongConverter
instanceKlass org/springframework/format/datetime/DateFormatterRegistrar
instanceKlass org/springframework/format/datetime/standard/DateTimeConverters
instanceKlass org/springframework/format/datetime/standard/DateTimeFormatterFactory
instanceKlass org/springframework/format/datetime/standard/DateTimeFormatterRegistrar
instanceKlass org/springframework/format/FormatterRegistrar
instanceKlass org/springframework/format/support/FormattingConversionService$AnnotationParserConverter
instanceKlass org/springframework/format/support/FormattingConversionService$AnnotationPrinterConverter
instanceKlass org/springframework/util/NumberUtils
instanceKlass org/springframework/core/GenericTypeResolver$$Lambda$21
instanceKlass org/springframework/format/annotation/NumberFormat
instanceKlass org/springframework/core/GenericTypeResolver
instanceKlass org/springframework/context/support/EmbeddedValueResolutionSupport
instanceKlass org/joda/time/base/AbstractPartial
instanceKlass org/joda/time/ReadablePartial
instanceKlass org/springframework/format/AnnotationFormatterFactory
instanceKlass org/springframework/core/convert/support/ObjectToOptionalConverter
instanceKlass org/springframework/core/convert/support/FallbackObjectToStringConverter
instanceKlass org/springframework/core/convert/support/IdToEntityConverter
instanceKlass org/springframework/core/convert/support/ObjectToObjectConverter
instanceKlass java/time/ZonedDateTime
instanceKlass java/time/chrono/ChronoZonedDateTime
instanceKlass java/time/temporal/Temporal
instanceKlass java/time/temporal/TemporalAccessor
instanceKlass org/springframework/core/convert/support/ZonedDateTimeToCalendarConverter
instanceKlass java/time/ZoneId
instanceKlass org/springframework/core/convert/support/ZoneIdToTimeZoneConverter
instanceKlass org/springframework/core/convert/support/StringToTimeZoneConverter
instanceKlass org/springframework/core/convert/support/ByteBufferConverter
instanceKlass org/springframework/core/convert/TypeDescriptor$AnnotatedElementAdapter
instanceKlass org/springframework/core/convert/TypeDescriptor
instanceKlass org/springframework/core/convert/support/StreamConverter
instanceKlass org/springframework/core/convert/support/ObjectToCollectionConverter
instanceKlass org/springframework/core/convert/support/CollectionToObjectConverter
instanceKlass org/springframework/core/convert/support/StringToCollectionConverter
instanceKlass org/springframework/core/convert/support/ObjectToArrayConverter
instanceKlass org/springframework/core/convert/support/ArrayToObjectConverter
instanceKlass org/springframework/core/convert/support/StringToArrayConverter
instanceKlass org/springframework/core/convert/support/CollectionToStringConverter
instanceKlass org/springframework/core/convert/support/ArrayToStringConverter
instanceKlass org/springframework/core/convert/support/MapToMapConverter
instanceKlass org/springframework/core/convert/support/CollectionToCollectionConverter
instanceKlass org/springframework/core/convert/support/ArrayToArrayConverter
instanceKlass org/springframework/core/convert/support/CollectionToArrayConverter
instanceKlass org/springframework/core/convert/support/ArrayToCollectionConverter
instanceKlass java/util/UUID
instanceKlass org/springframework/core/convert/support/StringToUUIDConverter
instanceKlass org/springframework/core/convert/support/PropertiesToStringConverter
instanceKlass org/springframework/core/convert/support/StringToPropertiesConverter
instanceKlass org/springframework/core/convert/support/StringToCurrencyConverter
instanceKlass org/springframework/core/convert/support/StringToCharsetConverter
instanceKlass org/springframework/core/convert/support/StringToLocaleConverter
instanceKlass org/springframework/core/convert/support/IntegerToEnumConverterFactory
instanceKlass sun/reflect/generics/tree/Wildcard
instanceKlass sun/reflect/generics/tree/BottomSignature
instanceKlass org/springframework/core/convert/support/AbstractConditionalEnumConverter
instanceKlass org/springframework/core/convert/support/StringToEnumConverterFactory
instanceKlass org/springframework/core/convert/support/StringToBooleanConverter
instanceKlass org/springframework/core/convert/support/CharacterToNumberFactory
instanceKlass org/springframework/core/convert/support/NumberToCharacterConverter
instanceKlass org/springframework/core/convert/support/StringToCharacterConverter
instanceKlass org/springframework/core/convert/support/GenericConversionService$ConverterAdapter
instanceKlass org/springframework/core/convert/support/ObjectToStringConverter
instanceKlass org/springframework/core/convert/support/StringToNumberConverterFactory
instanceKlass java/util/concurrent/ConcurrentLinkedDeque$Node
instanceKlass org/springframework/core/convert/support/GenericConversionService$Converters$$Lambda$20
instanceKlass org/springframework/core/convert/support/GenericConversionService$ConvertersForPair
instanceKlass org/springframework/core/convert/converter/GenericConverter$ConvertiblePair
instanceKlass org/springframework/core/convert/support/GenericConversionService$ConverterFactoryAdapter
instanceKlass org/springframework/core/convert/converter/ConditionalGenericConverter
instanceKlass org/springframework/core/convert/support/NumberToNumberConverterFactory
instanceKlass org/springframework/core/convert/converter/ConditionalConverter
instanceKlass org/springframework/core/convert/support/GenericConversionService$Converters
instanceKlass org/springframework/core/convert/support/GenericConversionService$NoOpConverter
instanceKlass org/springframework/core/convert/converter/ConverterFactory
instanceKlass org/springframework/core/convert/converter/Converter
instanceKlass org/springframework/format/Formatter
instanceKlass org/springframework/format/Parser
instanceKlass org/springframework/format/Printer
instanceKlass org/springframework/core/convert/converter/GenericConverter
instanceKlass org/springframework/core/convert/support/GenericConversionService
instanceKlass org/springframework/context/EmbeddedValueResolverAware
instanceKlass org/springframework/format/FormatterRegistry
instanceKlass java/util/TreeMap$Entry
instanceKlass java/lang/ProcessEnvironment$CheckedEntry
instanceKlass java/lang/ProcessEnvironment$CheckedEntrySet$1
instanceKlass java/util/NavigableMap
instanceKlass java/util/SortedMap
instanceKlass java/lang/ProcessEnvironment$EntryComparator
instanceKlass java/lang/ProcessEnvironment$NameComparator
instanceKlass javax/naming/spi/NamingManager
instanceKlass com/sun/naming/internal/VersionHelper12$5
instanceKlass com/sun/naming/internal/VersionHelper12$InputStreamEnumeration$1
instanceKlass com/sun/naming/internal/VersionHelper12$InputStreamEnumeration
instanceKlass javax/naming/NamingEnumeration
instanceKlass com/sun/naming/internal/VersionHelper12$6
instanceKlass com/sun/naming/internal/VersionHelper12$7
instanceKlass com/sun/naming/internal/VersionHelper12$3
instanceKlass com/sun/naming/internal/VersionHelper12$1
instanceKlass com/sun/naming/internal/VersionHelper
instanceKlass com/sun/naming/internal/ResourceManager
instanceKlass javax/naming/InitialContext
instanceKlass javax/naming/Context
instanceKlass org/springframework/core/SpringProperties
instanceKlass org/springframework/jndi/JndiAccessor
instanceKlass org/springframework/core/convert/support/ConfigurableConversionService
instanceKlass org/springframework/core/convert/converter/ConverterRegistry
instanceKlass org/springframework/core/convert/ConversionService
instanceKlass org/springframework/core/env/AbstractPropertyResolver
instanceKlass org/springframework/core/env/MutablePropertySources
instanceKlass java/util/Collections$1
instanceKlass org/springframework/core/env/PropertySources
instanceKlass org/springframework/core/env/AbstractEnvironment
instanceKlass org/springframework/web/context/ConfigurableWebEnvironment
instanceKlass org/springframework/boot/SpringApplication$1
instanceKlass org/springframework/core/env/CommandLineArgs
instanceKlass org/springframework/core/env/SimpleCommandLineArgsParser
instanceKlass org/springframework/boot/DefaultApplicationArguments
instanceKlass sun/util/logging/LoggingSupport$2
instanceKlass java/util/logging/Formatter
instanceKlass java/util/logging/ErrorManager
instanceKlass java/util/logging/LogManager$5
instanceKlass java/util/logging/LoggingProxyImpl
instanceKlass sun/util/logging/LoggingProxy
instanceKlass sun/util/logging/LoggingSupport$1
instanceKlass sun/util/logging/LoggingSupport
instanceKlass sun/util/logging/PlatformLogger$LoggerProxy
instanceKlass sun/util/logging/PlatformLogger$1
instanceKlass sun/util/logging/PlatformLogger
instanceKlass java/util/logging/LogManager$LoggerContext$1
instanceKlass java/util/logging/Logger$LoggerBundle
instanceKlass java/util/logging/Logger
instanceKlass java/util/logging/LogManager$3
instanceKlass java/util/logging/LogManager$2
instanceKlass java/lang/Shutdown$Lock
instanceKlass java/lang/Shutdown
instanceKlass java/lang/ApplicationShutdownHooks$1
instanceKlass java/lang/ApplicationShutdownHooks
instanceKlass java/util/logging/LogManager$LogNode
instanceKlass java/util/logging/LogManager$LoggerContext
instanceKlass java/util/logging/LogManager$1
instanceKlass java/util/logging/Level$KnownLevel
instanceKlass java/util/logging/Level
instanceKlass java/util/logging/LogManager
instanceKlass java/util/logging/Handler
instanceKlass java/util/Formattable
instanceKlass java/util/Formatter$Conversion
instanceKlass java/util/Formatter$Flags
instanceKlass java/util/Formatter$FormatSpecifier
instanceKlass java/util/Formatter$FixedString
instanceKlass java/util/Formatter$FormatString
instanceKlass java/util/regex/ASCII
instanceKlass java/util/regex/Matcher
instanceKlass java/util/regex/MatchResult
instanceKlass java/util/regex/Pattern$TreeInfo
instanceKlass java/util/regex/Pattern$Node
instanceKlass java/util/regex/Pattern
instanceKlass java/util/Formatter
instanceKlass org/springframework/boot/logging/LoggingSystem$$Lambda$19
instanceKlass org/springframework/boot/logging/AbstractLoggingSystem$LogLevels
instanceKlass org/springframework/boot/logging/LoggerConfigurationComparator
instanceKlass org/springframework/boot/logging/logback/LogbackConfigurator
instanceKlass ch/qos/logback/classic/spi/LoggerContextListener
instanceKlass java/util/Collections$UnmodifiableMap$UnmodifiableEntrySet$UnmodifiableEntry
instanceKlass java/util/Collections$UnmodifiableMap$UnmodifiableEntrySet$$Lambda$18
instanceKlass java/util/stream/Sink$ChainedReference
instanceKlass java/util/stream/FindOps$$Lambda$17
instanceKlass java/lang/invoke/LambdaForm$DMH
instanceKlass java/util/stream/FindOps$FindSink
instanceKlass java/util/stream/TerminalSink
instanceKlass java/util/stream/Sink
instanceKlass java/util/stream/FindOps$$Lambda$16
instanceKlass java/lang/invoke/LambdaForm$DMH
instanceKlass java/util/stream/FindOps$FindOp
instanceKlass java/util/stream/TerminalOp
instanceKlass java/util/stream/FindOps
instanceKlass org/springframework/boot/logging/LoggingSystem$$Lambda$15
instanceKlass org/springframework/boot/logging/LoggingSystem$$Lambda$14
instanceKlass java/util/function/Predicate
instanceKlass java/util/EnumMap$1
instanceKlass java/util/stream/StreamOpFlag$MaskBuilder
instanceKlass java/util/stream/PipelineHelper
instanceKlass java/util/stream/Stream
instanceKlass java/util/stream/BaseStream
instanceKlass java/util/stream/StreamSupport
instanceKlass java/util/Spliterators$IteratorSpliterator
instanceKlass java/util/Spliterator$OfDouble
instanceKlass java/util/Spliterator$OfLong
instanceKlass java/util/Spliterator$OfInt
instanceKlass java/util/Spliterator$OfPrimitive
instanceKlass java/util/Spliterators$EmptySpliterator
instanceKlass java/util/Spliterators
instanceKlass java/util/Collections$UnmodifiableMap$UnmodifiableEntrySet$UnmodifiableEntrySetSpliterator
instanceKlass org/springframework/boot/logging/LoggingSystem
instanceKlass org/springframework/aop/SpringProxy
instanceKlass org/springframework/aop/support/AopUtils
instanceKlass org/springframework/core/ResolvableType$WildcardBounds
instanceKlass org/springframework/context/event/GenericApplicationListenerAdapter
instanceKlass org/springframework/context/event/AbstractApplicationEventMulticaster$CachedListenerRetriever
instanceKlass org/springframework/context/event/AbstractApplicationEventMulticaster$ListenerCacheKey
instanceKlass org/springframework/core/ResolvableTypeProvider
instanceKlass org/springframework/aop/framework/Advised
instanceKlass org/springframework/aop/TargetClassAware
instanceKlass org/springframework/aop/framework/AopProxyUtils
instanceKlass org/springframework/context/event/AbstractApplicationEventMulticaster$DefaultListenerRetriever
instanceKlass org/springframework/context/event/AbstractApplicationEventMulticaster
instanceKlass org/springframework/beans/factory/BeanFactoryAware
instanceKlass org/springframework/beans/factory/BeanClassLoaderAware
instanceKlass org/springframework/context/event/ApplicationEventMulticaster
instanceKlass org/springframework/util/ErrorHandler
instanceKlass org/springframework/boot/availability/AvailabilityState
instanceKlass org/springframework/boot/context/event/EventPublishingRunListener
instanceKlass org/springframework/boot/SpringApplicationRunListener
instanceKlass org/springframework/boot/SpringApplicationRunListeners
instanceKlass org/springframework/util/StopWatch
instanceKlass org/springframework/core/annotation/TypeMappedAnnotation$$Lambda$13
instanceKlass org/springframework/core/annotation/ValueExtractor
instanceKlass org/springframework/core/annotation/AnnotationTypeMappings$$Lambda$12
instanceKlass java/util/function/Consumer
instanceKlass java/lang/invoke/LambdaForm$DMH
instanceKlass org/springframework/core/annotation/AliasFor
instanceKlass org/springframework/core/annotation/AnnotationTypeMapping$MirrorSets
instanceKlass org/springframework/core/annotation/AnnotationTypeMapping$MirrorSets$MirrorSet
instanceKlass org/springframework/core/annotation/AnnotationTypeMapping
instanceKlass org/springframework/core/annotation/AnnotationTypeMappings$Cache$$Lambda$11
instanceKlass org/springframework/core/annotation/AnnotationTypeMappings$$Lambda$10
instanceKlass org/springframework/core/annotation/AnnotationTypeMappings$Cache
instanceKlass org/springframework/core/annotation/AnnotationTypeMappings
instanceKlass org/springframework/core/annotation/RepeatableContainers$StandardRepeatableContainers$$Lambda$9
instanceKlass org/springframework/core/annotation/AttributeMethods$$Lambda$8
instanceKlass org/springframework/core/annotation/AttributeMethods$$Lambda$7
instanceKlass java/lang/invoke/LambdaForm$DMH
instanceKlass java/lang/invoke/LambdaForm$DMH
instanceKlass org/springframework/core/annotation/AttributeMethods
instanceKlass org/springframework/cloud/context/restart/RestartListener
instanceKlass org/springframework/cloud/bootstrap/LoggingSystemShutdownListener
instanceKlass org/springframework/boot/origin/OriginLookup
instanceKlass org/springframework/cloud/bootstrap/BootstrapApplicationListener
instanceKlass java/util/concurrent/CountDownLatch
instanceKlass org/springframework/boot/autoconfigure/BackgroundPreinitializer
instanceKlass org/springframework/boot/liquibase/LiquibaseServiceLocatorApplicationListener
instanceKlass org/springframework/core/ResolvableType$DefaultVariableResolver
instanceKlass sun/reflect/generics/reflectiveObjects/ParameterizedTypeImpl
instanceKlass org/springframework/boot/context/properties/source/ConfigurationPropertyName$ElementsParser
instanceKlass org/springframework/boot/context/properties/source/ConfigurationPropertyName$Elements
instanceKlass org/springframework/boot/context/properties/source/ConfigurationPropertyName
instanceKlass org/springframework/boot/context/logging/LoggingApplicationListener
instanceKlass org/springframework/boot/context/logging/ClasspathLoggingApplicationListener
instanceKlass org/springframework/context/event/GenericApplicationListener
instanceKlass org/springframework/boot/context/config/DelegatingApplicationListener
instanceKlass java/lang/invoke/LambdaForm$MH
instanceKlass java/util/Comparator$$Lambda$6
instanceKlass java/lang/invoke/LambdaForm$BMH
instanceKlass java/lang/invoke/LambdaForm$MH
instanceKlass java/lang/invoke/LambdaForm$DMH
instanceKlass java/lang/invoke/LambdaForm$BMH
instanceKlass java/lang/invoke/LambdaForm$BMH
instanceKlass org/springframework/boot/context/config/ConfigFileApplicationListener$$Lambda$5
instanceKlass org/springframework/core/ResolvableType$TypeVariablesVariableResolver
instanceKlass org/springframework/core/ResolvableType$SyntheticParameterizedType
instanceKlass org/springframework/core/SerializableTypeWrapper$SerializableTypeProxy
instanceKlass java/lang/reflect/WildcardType
instanceKlass java/lang/reflect/ParameterizedType
instanceKlass org/springframework/core/SerializableTypeWrapper
instanceKlass sun/reflect/generics/reflectiveObjects/LazyReflectiveObjectGenerator
instanceKlass java/lang/reflect/TypeVariable
instanceKlass sun/reflect/generics/tree/TypeVariableSignature
instanceKlass sun/reflect/generics/tree/ClassSignature
instanceKlass sun/reflect/generics/tree/Signature
instanceKlass sun/reflect/generics/tree/FormalTypeParameter
instanceKlass org/springframework/core/ResolvableType$EmptyType
instanceKlass org/springframework/core/ResolvableType$VariableResolver
instanceKlass org/springframework/core/SerializableTypeWrapper$TypeProvider
instanceKlass org/springframework/core/ResolvableType
instanceKlass org/springframework/boot/context/properties/bind/Bindable
instanceKlass org/springframework/boot/context/config/ConfigFileApplicationListener
instanceKlass org/springframework/context/event/SmartApplicationListener
instanceKlass org/springframework/boot/context/config/AnsiOutputApplicationListener
instanceKlass org/springframework/boot/context/FileEncodingApplicationListener
instanceKlass org/springframework/boot/logging/DeferredLog
instanceKlass org/springframework/boot/cloud/CloudFoundryVcapEnvironmentPostProcessor
instanceKlass org/springframework/boot/env/EnvironmentPostProcessor
instanceKlass org/springframework/boot/builder/ParentContextCloserApplicationListener
instanceKlass org/springframework/context/ApplicationContextAware
instanceKlass org/springframework/beans/factory/Aware
instanceKlass org/springframework/boot/ClearCachesApplicationListener
instanceKlass java/lang/annotation/Target
instanceKlass java/lang/reflect/WeakCache$Value
instanceKlass sun/misc/ProxyGenerator$ExceptionTableEntry
instanceKlass sun/misc/ProxyGenerator$PrimitiveTypeInfo
instanceKlass sun/misc/ProxyGenerator$FieldInfo
instanceKlass java/io/DataOutput
instanceKlass sun/misc/ProxyGenerator$ConstantPool$Entry
instanceKlass sun/misc/ProxyGenerator$MethodInfo
instanceKlass sun/misc/ProxyGenerator$ProxyMethod
instanceKlass sun/misc/ProxyGenerator$ConstantPool
instanceKlass sun/misc/ProxyGenerator
instanceKlass java/lang/reflect/WeakCache$Factory
instanceKlass java/util/function/Supplier
instanceKlass java/lang/reflect/Proxy$ProxyClassFactory
instanceKlass java/lang/reflect/Proxy$KeyFactory
instanceKlass java/util/function/BiFunction
instanceKlass java/lang/reflect/WeakCache
instanceKlass java/lang/reflect/Proxy
instanceKlass sun/reflect/annotation/AnnotationInvocationHandler
instanceKlass java/lang/reflect/InvocationHandler
instanceKlass sun/reflect/annotation/AnnotationParser$1
instanceKlass sun/reflect/annotation/ExceptionProxy
instanceKlass java/lang/annotation/Documented
instanceKlass java/lang/annotation/Inherited
instanceKlass java/lang/annotation/Retention
instanceKlass sun/reflect/annotation/AnnotationType$1
instanceKlass java/lang/reflect/GenericArrayType
instanceKlass java/lang/FunctionalInterface
instanceKlass sun/reflect/generics/visitor/Reifier
instanceKlass sun/reflect/generics/visitor/TypeTreeVisitor
instanceKlass sun/reflect/generics/factory/CoreReflectionFactory
instanceKlass sun/reflect/generics/factory/GenericsFactory
instanceKlass sun/reflect/generics/scope/AbstractScope
instanceKlass sun/reflect/generics/scope/Scope
instanceKlass sun/reflect/generics/tree/ClassTypeSignature
instanceKlass sun/reflect/generics/tree/SimpleClassTypeSignature
instanceKlass sun/reflect/generics/tree/FieldTypeSignature
instanceKlass sun/reflect/generics/tree/BaseType
instanceKlass sun/reflect/generics/tree/TypeSignature
instanceKlass sun/reflect/generics/tree/ReturnType
instanceKlass sun/reflect/generics/tree/TypeArgument
instanceKlass sun/reflect/generics/tree/TypeTree
instanceKlass sun/reflect/generics/tree/Tree
instanceKlass sun/reflect/generics/parser/SignatureParser
instanceKlass org/springframework/util/ObjectUtils
instanceKlass org/springframework/core/DecoratingProxy
instanceKlass org/springframework/core/annotation/AbstractMergedAnnotation
instanceKlass sun/reflect/annotation/AnnotationParser
instanceKlass org/springframework/core/annotation/AnnotationsScanner$1
instanceKlass org/springframework/core/annotation/MergedAnnotationSelectors$FirstDirectlyDeclared
instanceKlass org/springframework/core/annotation/MergedAnnotationSelectors$Nearest
instanceKlass org/springframework/core/annotation/MergedAnnotationSelector
instanceKlass org/springframework/core/annotation/MergedAnnotationSelectors
instanceKlass org/springframework/core/annotation/MergedAnnotation
instanceKlass org/springframework/core/annotation/TypeMappedAnnotations$MergedAnnotationFinder
instanceKlass org/springframework/core/annotation/Order
instanceKlass org/springframework/core/annotation/OrderUtils
instanceKlass org/springframework/core/annotation/AnnotationsScanner
instanceKlass java/util/Spliterator
instanceKlass org/springframework/core/annotation/AnnotationsProcessor
instanceKlass org/springframework/core/annotation/TypeMappedAnnotations
instanceKlass org/springframework/core/annotation/AnnotationFilter$2
instanceKlass org/springframework/core/annotation/AnnotationFilter$1
instanceKlass java/util/ComparableTimSort
instanceKlass org/springframework/core/annotation/PackagesAnnotationFilter
instanceKlass org/springframework/core/annotation/AnnotationFilter
instanceKlass org/springframework/core/annotation/RepeatableContainers
instanceKlass org/springframework/core/annotation/MergedAnnotations
instanceKlass org/springframework/core/PriorityOrdered
instanceKlass java/util/TimSort
instanceKlass java/util/Arrays$LegacyMergeSort
instanceKlass org/springframework/core/OrderComparator
instanceKlass org/springframework/boot/autoconfigure/logging/ConditionEvaluationReportLoggingListener
instanceKlass org/springframework/boot/autoconfigure/SharedMetadataReaderFactoryContextInitializer
instanceKlass org/springframework/boot/web/context/ServerPortInfoApplicationContextInitializer
instanceKlass org/springframework/context/ApplicationListener
instanceKlass java/util/EventListener
instanceKlass org/springframework/boot/rsocket/context/RSocketPortInfoApplicationContextInitializer
instanceKlass org/springframework/boot/context/config/DelegatingApplicationContextInitializer
instanceKlass org/springframework/boot/context/ContextIdApplicationContextInitializer
instanceKlass org/springframework/core/Ordered
instanceKlass org/springframework/core/KotlinDetector
instanceKlass org/springframework/util/ReflectionUtils$$Lambda$4
instanceKlass org/springframework/util/ReflectionUtils$FieldFilter
instanceKlass org/springframework/util/ReflectionUtils$$Lambda$3
instanceKlass org/springframework/util/ReflectionUtils$MethodFilter
instanceKlass java/lang/invoke/LambdaForm$DMH
instanceKlass java/lang/invoke/LambdaForm$DMH
instanceKlass org/springframework/util/ReflectionUtils
instanceKlass java/util/Collections$UnmodifiableMap
instanceKlass org/springframework/beans/BeanUtils
instanceKlass org/springframework/boot/context/ConfigurationWarningsApplicationContextInitializer
instanceKlass java/util/LinkedList$ListItr
instanceKlass org/springframework/util/ConcurrentReferenceHashMap$Entry
instanceKlass java/lang/invoke/LambdaForm$MH
instanceKlass java/lang/invoke/LambdaForm$DMH
instanceKlass java/lang/invoke/LambdaForm$DMH
instanceKlass org/springframework/util/ConcurrentReferenceHashMap$Segment$$Lambda$2
instanceKlass org/springframework/util/ConcurrentReferenceHashMap$Entries
instanceKlass java/lang/invoke/LambdaForm$DMH
instanceKlass java/lang/Class$4
instanceKlass java/util/zip/ZipFile$ZipEntryIterator
instanceKlass java/util/jar/JarFile$JarEntryIterator
instanceKlass java/lang/invoke/LambdaForm$MH
instanceKlass java/lang/invoke/LambdaForm$MH
instanceKlass java/lang/invoke/InnerClassLambdaMetafactory$1
instanceKlass org/springframework/util/LinkedMultiValueMap$$Lambda$1
instanceKlass java/lang/invoke/InfoFromMemberName
instanceKlass java/lang/invoke/MethodHandleInfo
instanceKlass java/security/AccessController$1
instanceKlass java/lang/invoke/AbstractValidatingLambdaMetafactory
instanceKlass java/lang/invoke/LambdaForm$BMH
instanceKlass java/lang/invoke/LambdaForm$BMH
instanceKlass java/lang/invoke/LambdaForm$BMH
instanceKlass java/lang/invoke/LambdaForm$BMH
instanceKlass sun/reflect/UnsafeFieldAccessorFactory
instanceKlass jdk/internal/org/objectweb/asm/FieldVisitor
instanceKlass java/lang/invoke/BoundMethodHandle$Factory$1
instanceKlass java/lang/invoke/BoundMethodHandle$SpeciesData$1
instanceKlass java/lang/invoke/LambdaForm$BMH
instanceKlass java/lang/invoke/LambdaForm$MH
instanceKlass java/lang/invoke/LambdaForm$BMH
instanceKlass java/lang/invoke/LambdaForm$MH
instanceKlass java/lang/invoke/LambdaForm$DMH
instanceKlass java/lang/invoke/LambdaForm$DMH
instanceKlass java/lang/invoke/LambdaForm$BMH
instanceKlass java/lang/invoke/LambdaForm$BMH
instanceKlass java/lang/invoke/LambdaForm$MH
instanceKlass java/lang/invoke/LambdaFormBuffer
instanceKlass java/lang/invoke/LambdaFormEditor
instanceKlass java/lang/invoke/LambdaForm$BMH
instanceKlass java/lang/invoke/LambdaForm$DMH
instanceKlass java/lang/invoke/LambdaForm$DMH
instanceKlass java/lang/invoke/LambdaForm$DMH
instanceKlass java/lang/invoke/LambdaForm$DMH
instanceKlass java/lang/invoke/LambdaForm$MH
instanceKlass java/lang/invoke/LambdaForm$DMH
instanceKlass java/lang/invoke/LambdaForm$DMH
instanceKlass java/lang/invoke/LambdaForm$MH
instanceKlass java/lang/invoke/LambdaForm$DMH
instanceKlass java/lang/invoke/LambdaForm$DMH
instanceKlass java/lang/invoke/LambdaForm$MH
instanceKlass java/lang/invoke/LambdaForm$DMH
instanceKlass java/lang/invoke/LambdaForm$DMH
instanceKlass java/lang/invoke/LambdaForm$MH
instanceKlass java/lang/invoke/LambdaForm$DMH
instanceKlass java/lang/invoke/LambdaForm$DMH
instanceKlass java/lang/invoke/LambdaForm$MH
instanceKlass java/lang/invoke/LambdaForm$DMH
instanceKlass java/lang/invoke/LambdaForm$MH
instanceKlass java/lang/invoke/LambdaForm$DMH
instanceKlass java/lang/invoke/LambdaForm$DMH
instanceKlass java/lang/invoke/LambdaForm$MH
instanceKlass java/lang/invoke/LambdaForm$DMH
instanceKlass java/lang/invoke/LambdaForm$DMH
instanceKlass java/lang/invoke/LambdaForm$MH
instanceKlass java/lang/invoke/LambdaForm$DMH
instanceKlass java/lang/invoke/LambdaForm$MH
instanceKlass java/lang/invoke/LambdaForm$DMH
instanceKlass java/lang/invoke/LambdaForm$MH
instanceKlass java/lang/invoke/LambdaForm$DMH
instanceKlass java/lang/invoke/LambdaForm$DMH
instanceKlass java/lang/invoke/MethodHandleImpl$Lazy
instanceKlass java/lang/invoke/LambdaForm$BMH
instanceKlass java/lang/invoke/LambdaForm$MH
instanceKlass java/lang/invoke/LambdaForm$DMH
instanceKlass java/lang/invoke/LambdaForm$DMH
instanceKlass java/lang/invoke/LambdaForm$DMH
instanceKlass java/lang/invoke/LambdaForm$DMH
instanceKlass java/util/SubList$1
instanceKlass java/util/ListIterator
instanceKlass java/lang/invoke/LambdaForm$MH
instanceKlass java/lang/invoke/LambdaForm$MH
instanceKlass java/lang/invoke/LambdaForm$MH
instanceKlass java/lang/invoke/LambdaForm$MH
instanceKlass java/lang/invoke/LambdaForm$MH
instanceKlass java/lang/invoke/LambdaForm$MH
instanceKlass java/lang/invoke/LambdaForm$MH
instanceKlass java/lang/invoke/LambdaForm$MH
instanceKlass java/lang/invoke/LambdaForm$MH
instanceKlass java/lang/invoke/LambdaForm$MH
instanceKlass java/lang/invoke/LambdaForm$MH
instanceKlass java/lang/invoke/LambdaForm$MH
instanceKlass java/lang/invoke/InvokerBytecodeGenerator$CpPatch
instanceKlass java/lang/invoke/LambdaForm$DMH
instanceKlass java/lang/invoke/LambdaForm$DMH
instanceKlass java/lang/invoke/LambdaForm$DMH
instanceKlass java/lang/invoke/LambdaForm$DMH
instanceKlass java/lang/invoke/LambdaForm$DMH
instanceKlass java/lang/invoke/LambdaForm$DMH
instanceKlass sun/invoke/empty/Empty
instanceKlass sun/invoke/util/VerifyType
instanceKlass java/lang/invoke/InvokerBytecodeGenerator$2
instanceKlass jdk/internal/org/objectweb/asm/AnnotationVisitor
instanceKlass jdk/internal/org/objectweb/asm/Frame
instanceKlass jdk/internal/org/objectweb/asm/Label
instanceKlass jdk/internal/org/objectweb/asm/Type
instanceKlass jdk/internal/org/objectweb/asm/MethodVisitor
instanceKlass jdk/internal/org/objectweb/asm/Item
instanceKlass jdk/internal/org/objectweb/asm/ByteVector
instanceKlass jdk/internal/org/objectweb/asm/ClassVisitor
instanceKlass java/lang/invoke/InvokerBytecodeGenerator
instanceKlass java/lang/invoke/DirectMethodHandle$Lazy
instanceKlass sun/invoke/util/BytecodeDescriptor
instanceKlass java/lang/invoke/BoundMethodHandle$Factory
instanceKlass java/lang/invoke/BoundMethodHandle$SpeciesData
instanceKlass java/lang/invoke/LambdaForm$NamedFunction
instanceKlass java/lang/invoke/LambdaForm$Name
instanceKlass sun/invoke/util/ValueConversions
instanceKlass sun/invoke/util/VerifyAccess
instanceKlass java/lang/Long$LongCache
instanceKlass java/lang/Character$CharacterCache
instanceKlass java/lang/Short$ShortCache
instanceKlass java/lang/Byte$ByteCache
instanceKlass sun/invoke/util/Wrapper$Format
instanceKlass java/lang/invoke/MethodHandles
instanceKlass java/lang/invoke/Invokers
instanceKlass java/lang/invoke/MethodTypeForm
instanceKlass java/lang/invoke/MethodType$ConcurrentWeakInternSet
instanceKlass java/lang/invoke/MethodHandles$Lookup
instanceKlass java/lang/invoke/LambdaMetafactory
instanceKlass org/springframework/util/CollectionUtils
instanceKlass org/springframework/util/StringUtils
instanceKlass org/springframework/util/ResourceUtils
instanceKlass sun/net/www/protocol/jar/JarFileFactory
instanceKlass sun/net/www/protocol/jar/URLJarFile$URLJarFileCloseController
instanceKlass org/springframework/util/PropertiesPersister
instanceKlass org/springframework/core/io/support/PropertiesLoaderUtils
instanceKlass java/nio/channels/ReadableByteChannel
instanceKlass java/nio/channels/Channel
instanceKlass org/springframework/core/io/AbstractResource
instanceKlass org/springframework/util/LinkedMultiValueMap
instanceKlass org/springframework/core/io/Resource
instanceKlass org/springframework/core/io/InputStreamSource
instanceKlass org/springframework/util/MultiValueMap
instanceKlass org/springframework/core/io/support/SpringFactoriesLoader
instanceKlass org/springframework/context/ApplicationContextInitializer
instanceKlass org/springframework/web/context/ConfigurableWebApplicationContext
instanceKlass org/springframework/context/ConfigurableApplicationContext
instanceKlass org/springframework/context/Lifecycle
instanceKlass org/springframework/web/context/WebApplicationContext
instanceKlass javax/servlet/Servlet
instanceKlass java/io/Externalizable
instanceKlass java/util/Optional
instanceKlass java/util/IdentityHashMap$EntryIterator$Entry
instanceKlass java/util/IdentityHashMap$IdentityHashMapIterator
instanceKlass org/springframework/util/ConcurrentReferenceHashMap$Reference
instanceKlass org/springframework/util/ConcurrentReferenceHashMap$ReferenceManager
instanceKlass org/springframework/util/ConcurrentReferenceHashMap$Task
instanceKlass org/springframework/util/ClassUtils
instanceKlass java/util/AbstractList$Itr
instanceKlass org/springframework/util/Assert
instanceKlass org/apache/commons/logging/LogAdapter$Slf4jLog
instanceKlass ch/qos/logback/classic/util/LoggerNameUtil
instanceKlass ch/qos/logback/classic/selector/DefaultContextSelector
instanceKlass ch/qos/logback/core/util/StatusPrinter
instanceKlass ch/qos/logback/core/status/StatusUtil
instanceKlass ch/qos/logback/core/spi/AppenderAttachableImpl
instanceKlass ch/qos/logback/core/util/EnvUtil
instanceKlass ch/qos/logback/core/pattern/Converter
instanceKlass java/util/Date
instanceKlass java/text/DigitList
instanceKlass java/text/FieldPosition
instanceKlass java/util/Currency$CurrencyNameGetter
instanceKlass java/util/Currency$1
instanceKlass java/util/Currency
instanceKlass java/text/DecimalFormatSymbols
instanceKlass java/util/concurrent/atomic/AtomicMarkableReference$Pair
instanceKlass java/util/concurrent/atomic/AtomicMarkableReference
instanceKlass java/text/DateFormatSymbols
instanceKlass sun/util/calendar/CalendarUtils
instanceKlass sun/util/calendar/CalendarDate
instanceKlass java/util/Collections$EmptyIterator
instanceKlass sun/util/locale/LanguageTag
instanceKlass java/util/ResourceBundle$CacheKeyReference
instanceKlass java/util/ResourceBundle$CacheKey
instanceKlass java/util/ResourceBundle$RBClassLoader$1
instanceKlass java/util/spi/ResourceBundleControlProvider
instanceKlass java/util/ResourceBundle
instanceKlass java/util/ResourceBundle$Control
instanceKlass sun/util/resources/LocaleData$1
instanceKlass sun/util/resources/LocaleData
instanceKlass sun/util/locale/provider/LocaleResources
instanceKlass sun/util/locale/provider/CalendarDataUtility$CalendarWeekParameterGetter
instanceKlass sun/util/locale/provider/LocaleServiceProviderPool$LocalizedObjectGetter
instanceKlass sun/util/locale/provider/SPILocaleProviderAdapter$1
instanceKlass sun/util/locale/provider/LocaleServiceProviderPool
instanceKlass sun/util/locale/provider/CalendarDataUtility
instanceKlass java/util/Calendar$Builder
instanceKlass sun/util/locale/provider/JRELocaleProviderAdapter$1
instanceKlass sun/util/locale/provider/LocaleDataMetaInfo
instanceKlass sun/util/locale/provider/AvailableLanguageTags
instanceKlass sun/util/locale/provider/LocaleProviderAdapter$1
instanceKlass java/util/Collections$UnmodifiableCollection$1
instanceKlass sun/util/locale/provider/ResourceBundleBasedAdapter
instanceKlass sun/util/locale/provider/LocaleProviderAdapter
instanceKlass java/util/spi/LocaleServiceProvider
instanceKlass java/util/Calendar
instanceKlass java/util/TimeZone$1
instanceKlass java/util/zip/CRC32
instanceKlass java/util/zip/Checksum
instanceKlass sun/util/calendar/ZoneInfoFile$ZoneOffsetTransitionRule
instanceKlass java/io/DataInput
instanceKlass sun/util/calendar/ZoneInfoFile$1
instanceKlass sun/util/calendar/ZoneInfoFile
instanceKlass sun/util/calendar/CalendarSystem
instanceKlass java/util/TimeZone
instanceKlass java/util/Locale$1
instanceKlass java/text/AttributedCharacterIterator$Attribute
instanceKlass java/text/Format
instanceKlass ch/qos/logback/core/util/CachingDateFormatter
instanceKlass ch/qos/logback/core/util/COWArrayList
instanceKlass ch/qos/logback/core/spi/FilterAttachableImpl
instanceKlass ch/qos/logback/core/Appender
instanceKlass ch/qos/logback/core/spi/FilterAttachable
instanceKlass ch/qos/logback/core/encoder/Encoder
instanceKlass ch/qos/logback/core/Layout
instanceKlass ch/qos/logback/core/spi/ContextAwareBase
instanceKlass java/util/ServiceLoader$1
instanceKlass java/util/ServiceLoader$LazyIterator
instanceKlass java/util/ServiceLoader
instanceKlass ch/qos/logback/classic/util/EnvUtil
instanceKlass ch/qos/logback/classic/spi/Configurator
instanceKlass ch/qos/logback/core/spi/ContextAware
instanceKlass ch/qos/logback/core/status/StatusBase
instanceKlass java/net/URLClassLoader$2
instanceKlass java/util/Collections$3
instanceKlass java/util/HashMap$HashIterator
instanceKlass java/security/PermissionsEnumerator
instanceKlass sun/security/provider/PolicyFile$7
instanceKlass sun/security/provider/PolicyFile$5
instanceKlass sun/security/action/GetBooleanAction
instanceKlass sun/security/util/SecurityConstants
instanceKlass sun/security/provider/PolicyFile$PolicyEntry
instanceKlass java/util/Vector$1
instanceKlass sun/security/provider/PolicyParser$PermissionEntry
instanceKlass sun/security/provider/PolicyParser$GrantEntry
instanceKlass java/io/StreamTokenizer
instanceKlass sun/security/util/PolicyUtil
instanceKlass sun/security/provider/PolicyParser
instanceKlass java/net/URI$Parser
instanceKlass java/net/URI
instanceKlass sun/security/util/PropertyExpander
instanceKlass sun/security/provider/PolicyFile$3
instanceKlass java/security/ProtectionDomain$2$1
instanceKlass sun/misc/JavaSecurityProtectionDomainAccess$ProtectionDomainCache
instanceKlass java/util/Collections$SynchronizedMap
instanceKlass sun/security/provider/PolicyFile$PolicyInfo
instanceKlass sun/security/provider/PolicyFile$1
instanceKlass java/util/Properties$LineReader
instanceKlass java/security/Security$1
instanceKlass java/security/Security
instanceKlass java/security/Policy$1
instanceKlass java/security/Policy$PolicyInfo
instanceKlass java/util/concurrent/atomic/AtomicReference
instanceKlass java/security/Policy
instanceKlass ch/qos/logback/core/util/Loader$1
instanceKlass ch/qos/logback/core/util/Loader
instanceKlass ch/qos/logback/core/util/OptionHelper
instanceKlass ch/qos/logback/core/status/StatusListener
instanceKlass ch/qos/logback/core/util/StatusListenerConfigHelper
instanceKlass ch/qos/logback/classic/util/ContextInitializer
instanceKlass ch/qos/logback/classic/selector/ContextSelector
instanceKlass ch/qos/logback/classic/util/ContextSelectorStaticBinder
instanceKlass java/util/ArrayList$Itr
instanceKlass ch/qos/logback/classic/Level
instanceKlass ch/qos/logback/classic/spi/ILoggingEvent
instanceKlass ch/qos/logback/core/spi/DeferredProcessingAware
instanceKlass ch/qos/logback/classic/Logger
instanceKlass ch/qos/logback/core/spi/AppenderAttachable
instanceKlass ch/qos/logback/classic/spi/LoggerContextVO
instanceKlass java/util/concurrent/CopyOnWriteArrayList
instanceKlass ch/qos/logback/core/spi/LogbackLock
instanceKlass ch/qos/logback/core/helpers/CyclicBuffer
instanceKlass ch/qos/logback/core/BasicStatusManager
instanceKlass ch/qos/logback/core/status/Status
instanceKlass java/util/concurrent/ExecutorService
instanceKlass java/util/concurrent/Executor
instanceKlass ch/qos/logback/core/status/StatusManager
instanceKlass ch/qos/logback/core/ContextBase
instanceKlass ch/qos/logback/core/spi/LifeCycle
instanceKlass ch/qos/logback/core/Context
instanceKlass ch/qos/logback/core/spi/PropertyContainer
instanceKlass org/slf4j/impl/StaticLoggerBinder
instanceKlass org/slf4j/spi/LoggerFactoryBinder
instanceKlass java/net/URLClassLoader$3$1
instanceKlass sun/misc/CompoundEnumeration
instanceKlass java/net/URLClassLoader$3
instanceKlass sun/misc/URLClassPath$1
instanceKlass java/lang/ClassLoader$2
instanceKlass sun/misc/URLClassPath$2
instanceKlass sun/misc/Launcher$BootClassPathHolder$1
instanceKlass sun/misc/Launcher$BootClassPathHolder
instanceKlass org/slf4j/helpers/Util
instanceKlass org/slf4j/helpers/NOPLoggerFactory
instanceKlass java/util/concurrent/LinkedBlockingQueue$Node
instanceKlass java/util/concurrent/locks/AbstractQueuedSynchronizer$ConditionObject
instanceKlass java/util/concurrent/locks/Condition
instanceKlass java/util/concurrent/locks/AbstractQueuedSynchronizer$Node
instanceKlass java/util/concurrent/locks/AbstractOwnableSynchronizer
instanceKlass java/util/concurrent/BlockingQueue
instanceKlass org/slf4j/helpers/SubstituteLoggerFactory
instanceKlass org/slf4j/event/LoggingEvent
instanceKlass org/slf4j/ILoggerFactory
instanceKlass org/slf4j/LoggerFactory
instanceKlass org/apache/commons/logging/Log
instanceKlass org/apache/commons/logging/LogAdapter$Slf4jAdapter
instanceKlass org/apache/commons/logging/LogAdapter$1
instanceKlass org/slf4j/spi/LocationAwareLogger
instanceKlass org/slf4j/Logger
instanceKlass java/util/LinkedList$Node
instanceKlass org/apache/logging/log4j/spi/Provider
instanceKlass org/apache/logging/log4j/spi/ExtendedLogger
instanceKlass org/apache/logging/log4j/Logger
instanceKlass org/apache/commons/logging/LogAdapter
instanceKlass org/apache/commons/logging/LogFactory
instanceKlass org/springframework/core/env/PropertySource
instanceKlass org/springframework/core/env/ConfigurableEnvironment
instanceKlass org/springframework/core/env/ConfigurablePropertyResolver
instanceKlass org/springframework/core/env/Environment
instanceKlass org/springframework/core/env/PropertyResolver
instanceKlass org/springframework/beans/factory/config/BeanFactoryPostProcessor
instanceKlass java/util/EventObject
instanceKlass org/springframework/context/ApplicationContext
instanceKlass org/springframework/core/io/support/ResourcePatternResolver
instanceKlass org/springframework/core/io/ResourceLoader
instanceKlass org/springframework/context/ApplicationEventPublisher
instanceKlass org/springframework/context/MessageSource
instanceKlass org/springframework/beans/factory/HierarchicalBeanFactory
instanceKlass org/springframework/beans/factory/ListableBeanFactory
instanceKlass org/springframework/beans/factory/BeanFactory
instanceKlass org/springframework/core/env/EnvironmentCapable
instanceKlass java/nio/file/attribute/FileTime
instanceKlass java/util/zip/ZipUtils
instanceKlass org/springframework/boot/ApplicationArguments
instanceKlass org/springframework/boot/SpringApplication
instanceKlass sun/misc/ASCIICaseInsensitiveComparator
instanceKlass java/util/jar/Attributes$Name
instanceKlass java/util/jar/Attributes
instanceKlass sun/misc/IOUtils
instanceKlass java/util/zip/ZStreamRef
instanceKlass java/util/zip/Inflater
instanceKlass java/util/zip/ZipEntry
instanceKlass sun/misc/ExtensionDependency
instanceKlass sun/misc/JarIndex
instanceKlass java/util/zip/ZipCoder
instanceKlass java/util/Deque
instanceKlass java/util/Queue
instanceKlass java/nio/charset/StandardCharsets
instanceKlass java/util/jar/JavaUtilJarAccessImpl
instanceKlass sun/misc/JavaUtilJarAccess
instanceKlass sun/misc/FileURLMapper
instanceKlass sun/misc/URLClassPath$JarLoader$1
instanceKlass java/lang/Void
instanceKlass java/lang/Class$MethodArray
instanceKlass sun/launcher/LauncherHelper$FXHelper
instanceKlass com/afm/backend/BackendServiceApplication
instanceKlass java/io/FilePermission$1
instanceKlass sun/net/www/MessageHeader
instanceKlass java/net/URLConnection
instanceKlass java/security/PermissionCollection
instanceKlass sun/nio/ch/DirectBuffer
instanceKlass sun/misc/PerfCounter$CoreCounters
instanceKlass sun/misc/Perf
instanceKlass sun/misc/Perf$GetPerfAction
instanceKlass sun/misc/PerfCounter
instanceKlass sun/nio/ByteBuffered
instanceKlass java/lang/Package
instanceKlass sun/misc/Resource
instanceKlass sun/nio/cs/ThreadLocalCoders$Cache
instanceKlass sun/nio/cs/ThreadLocalCoders
instanceKlass java/util/zip/ZipFile$1
instanceKlass sun/misc/JavaUtilZipFileAccess
instanceKlass java/util/zip/ZipFile
instanceKlass java/util/zip/ZipConstants
instanceKlass sun/misc/URLClassPath$Loader
instanceKlass sun/misc/URLClassPath$3
instanceKlass sun/net/util/URLUtil
instanceKlass java/net/URLClassLoader$1
instanceKlass java/lang/StringCoding$StringDecoder
instanceKlass java/io/FileOutputStream$1
instanceKlass java/lang/StringCoding$StringEncoder
instanceKlass java/lang/ThreadLocal$ThreadLocalMap
instanceKlass java/lang/StringCoding
instanceKlass sun/usagetracker/UsageTrackerClient$3
instanceKlass sun/usagetracker/UsageTrackerClient$2
instanceKlass sun/usagetracker/UsageTrackerClient$4
instanceKlass sun/usagetracker/UsageTrackerClient$1
instanceKlass java/util/concurrent/atomic/AtomicBoolean
instanceKlass sun/usagetracker/UsageTrackerClient
instanceKlass sun/misc/PostVMInitHook$1
instanceKlass jdk/internal/util/EnvUtils
instanceKlass sun/misc/PostVMInitHook$2
instanceKlass sun/misc/PostVMInitHook
instanceKlass java/lang/invoke/MethodHandleStatics$1
instanceKlass java/lang/invoke/MethodHandleStatics
instanceKlass java/lang/invoke/MemberName$Factory
instanceKlass java/lang/ClassValue$Version
instanceKlass java/lang/ClassValue$Identity
instanceKlass java/lang/ClassValue
instanceKlass java/lang/invoke/MethodHandleImpl$3
instanceKlass java/lang/invoke/MethodHandleImpl$2
instanceKlass java/util/function/Function
instanceKlass java/lang/invoke/MethodHandleImpl$1
instanceKlass java/lang/invoke/MethodHandleImpl
instanceKlass java/lang/SystemClassLoaderAction
instanceKlass java/util/LinkedHashMap$LinkedHashIterator
instanceKlass sun/misc/Launcher$AppClassLoader$1
instanceKlass sun/misc/URLClassPath
instanceKlass java/security/Principal
instanceKlass java/security/ProtectionDomain$Key
instanceKlass java/security/ProtectionDomain$2
instanceKlass sun/misc/JavaSecurityProtectionDomainAccess
instanceKlass java/security/ProtectionDomain$JavaSecurityAccessImpl
instanceKlass sun/misc/JavaSecurityAccess
instanceKlass java/net/URLStreamHandler
instanceKlass java/net/Parts
instanceKlass java/util/BitSet
instanceKlass sun/net/www/ParseUtil
instanceKlass java/io/FileInputStream$1
instanceKlass java/lang/CharacterData
instanceKlass sun/util/locale/LocaleUtils
instanceKlass java/util/Locale$LocaleKey
instanceKlass sun/util/locale/BaseLocale$Key
instanceKlass sun/util/locale/BaseLocale
instanceKlass java/util/concurrent/ConcurrentHashMap$CollectionView
instanceKlass java/util/concurrent/ConcurrentHashMap$CounterCell
instanceKlass java/util/concurrent/ConcurrentHashMap$Node
instanceKlass java/util/concurrent/locks/ReentrantLock
instanceKlass java/util/concurrent/locks/Lock
instanceKlass java/util/concurrent/ConcurrentMap
instanceKlass sun/util/locale/LocaleObjectCache
instanceKlass java/util/Locale
instanceKlass java/lang/reflect/Array
instanceKlass java/nio/charset/CoderResult$Cache
instanceKlass java/nio/charset/CoderResult
instanceKlass java/nio/charset/CharsetDecoder
instanceKlass sun/nio/cs/ArrayDecoder
instanceKlass java/io/Reader
instanceKlass java/lang/Readable
instanceKlass sun/misc/MetaIndex
instanceKlass java/util/StringTokenizer
instanceKlass sun/misc/Launcher$ExtClassLoader$1
instanceKlass java/net/URLClassLoader$7
instanceKlass sun/misc/JavaNetAccess
instanceKlass java/lang/ClassLoader$ParallelLoaders
instanceKlass sun/security/util/Debug
instanceKlass sun/misc/Launcher$Factory
instanceKlass java/net/URLStreamHandlerFactory
instanceKlass java/lang/Compiler$1
instanceKlass java/lang/Compiler
instanceKlass java/lang/System$2
instanceKlass sun/misc/JavaLangAccess
instanceKlass sun/io/Win32ErrorMode
instanceKlass sun/misc/OSEnvironment
instanceKlass java/lang/Integer$IntegerCache
instanceKlass sun/misc/NativeSignalHandler
instanceKlass sun/misc/Signal
instanceKlass java/lang/Terminator$1
instanceKlass sun/misc/SignalHandler
instanceKlass java/lang/Terminator
instanceKlass java/lang/ClassLoader$NativeLibrary
instanceKlass java/io/ExpiringCache$Entry
instanceKlass java/lang/ClassLoader$3
instanceKlass java/nio/file/Path
instanceKlass java/nio/file/Watchable
instanceKlass java/lang/Enum
instanceKlass java/io/ExpiringCache
instanceKlass java/io/FileSystem
instanceKlass java/io/DefaultFileSystem
instanceKlass java/nio/Bits$1
instanceKlass sun/misc/JavaNioAccess
instanceKlass java/nio/ByteOrder
instanceKlass java/nio/Bits
instanceKlass java/nio/charset/CodingErrorAction
instanceKlass java/nio/charset/CharsetEncoder
instanceKlass sun/nio/cs/ArrayEncoder
instanceKlass sun/reflect/ReflectionFactory$1
instanceKlass java/lang/Class$1
instanceKlass sun/nio/cs/SingleByte
instanceKlass sun/nio/cs/HistoricallyNamedCharset
instanceKlass sun/security/action/GetPropertyAction
instanceKlass java/lang/ThreadLocal
instanceKlass java/nio/charset/spi/CharsetProvider
instanceKlass java/nio/charset/Charset
instanceKlass java/io/Writer
instanceKlass java/util/Arrays
instanceKlass sun/reflect/misc/ReflectUtil
instanceKlass java/lang/reflect/ReflectAccess
instanceKlass sun/reflect/LangReflectAccess
instanceKlass java/lang/reflect/Modifier
instanceKlass sun/reflect/annotation/AnnotationType
instanceKlass java/lang/Class$AnnotationData
instanceKlass sun/reflect/generics/repository/AbstractRepository
instanceKlass java/lang/Class$Atomic
instanceKlass java/lang/Class$ReflectionData
instanceKlass java/lang/Class$3
instanceKlass java/util/concurrent/atomic/AtomicReferenceFieldUpdater$AtomicReferenceFieldUpdaterImpl$1
instanceKlass java/security/PrivilegedExceptionAction
instanceKlass java/util/concurrent/atomic/AtomicReferenceFieldUpdater
instanceKlass java/io/OutputStream
instanceKlass java/io/Flushable
instanceKlass java/io/FileDescriptor$1
instanceKlass sun/misc/JavaIOFileDescriptorAccess
instanceKlass java/io/FileDescriptor
instanceKlass sun/misc/Version
instanceKlass java/lang/Runtime
instanceKlass java/util/Hashtable$Enumerator
instanceKlass java/util/Iterator
instanceKlass java/util/Enumeration
instanceKlass java/util/Objects
instanceKlass java/util/Collections$SynchronizedCollection
instanceKlass java/lang/Math
instanceKlass java/util/Hashtable$Entry
instanceKlass sun/misc/VM
instanceKlass java/util/HashMap$Node
instanceKlass java/util/Map$Entry
instanceKlass sun/reflect/Reflection
instanceKlass sun/misc/SharedSecrets
instanceKlass java/lang/ref/Reference$1
instanceKlass sun/misc/JavaLangRefAccess
instanceKlass java/lang/ref/ReferenceQueue$Lock
instanceKlass java/util/Collections$UnmodifiableCollection
instanceKlass java/util/AbstractMap
instanceKlass java/util/Set
instanceKlass java/util/Collections
instanceKlass java/lang/ref/Reference$Lock
instanceKlass sun/reflect/ReflectionFactory
instanceKlass java/util/AbstractCollection
instanceKlass java/util/RandomAccess
instanceKlass java/util/List
instanceKlass java/util/Collection
instanceKlass java/lang/Iterable
instanceKlass java/security/cert/Certificate
instanceKlass sun/reflect/ReflectionFactory$GetReflectionFactoryAction
instanceKlass java/security/PrivilegedAction
instanceKlass java/security/AccessController
instanceKlass java/security/Permission
instanceKlass java/security/Guard
instanceKlass java/lang/String$CaseInsensitiveComparator
instanceKlass java/util/Comparator
instanceKlass java/io/ObjectStreamField
instanceKlass java/lang/Number
instanceKlass java/lang/Character
instanceKlass java/lang/Boolean
instanceKlass java/nio/Buffer
instanceKlass java/lang/StackTraceElement
instanceKlass java/security/CodeSource
instanceKlass sun/misc/Launcher
instanceKlass java/util/jar/Manifest
instanceKlass java/net/URL
instanceKlass java/io/File
instanceKlass java/io/InputStream
instanceKlass java/io/Closeable
instanceKlass java/lang/AutoCloseable
instanceKlass sun/misc/Unsafe
instanceKlass java/lang/AbstractStringBuilder
instanceKlass java/lang/Appendable
instanceKlass java/lang/invoke/CallSite
instanceKlass java/lang/invoke/MethodType
instanceKlass java/lang/invoke/LambdaForm
instanceKlass java/lang/invoke/MethodHandleNatives
instanceKlass java/lang/invoke/MemberName
instanceKlass java/lang/invoke/MethodHandle
instanceKlass sun/reflect/CallerSensitive
instanceKlass java/lang/annotation/Annotation
instanceKlass sun/reflect/FieldAccessor
instanceKlass sun/reflect/ConstantPool
instanceKlass sun/reflect/ConstructorAccessor
instanceKlass sun/reflect/MethodAccessor
instanceKlass sun/reflect/MagicAccessorImpl
instanceKlass java/lang/reflect/Parameter
instanceKlass java/lang/reflect/Member
instanceKlass java/lang/reflect/AccessibleObject
instanceKlass java/util/Dictionary
instanceKlass java/util/Map
instanceKlass java/lang/ThreadGroup
instanceKlass java/lang/Thread$UncaughtExceptionHandler
instanceKlass java/lang/Thread
instanceKlass java/lang/Runnable
instanceKlass java/lang/ref/ReferenceQueue
instanceKlass java/lang/ref/Reference
instanceKlass java/security/AccessControlContext
instanceKlass java/security/ProtectionDomain
instanceKlass java/lang/SecurityManager
instanceKlass java/lang/Throwable
instanceKlass java/lang/System
instanceKlass java/lang/ClassLoader
instanceKlass java/lang/Cloneable
instanceKlass java/lang/Class
instanceKlass java/lang/reflect/Type
instanceKlass java/lang/reflect/GenericDeclaration
instanceKlass java/lang/reflect/AnnotatedElement
instanceKlass java/lang/String
instanceKlass java/lang/CharSequence
instanceKlass java/lang/Comparable
instanceKlass java/io/Serializable
ciInstanceKlass java/lang/Object 1 1 78 3 8 8 8 1 1 1 1 1 1 1 1 1 1 1 1 1 1 1 1 1 1 1 1 1 1 1 1 1 1 1 1 1 1 1 1 1 1 1 1 1 1 1 1 1 7 7 100 7 7 7 7 7 1 1 1 12 12 12 12 12 12 12 12 12 12 10 10 10 10 10 10 10 10 10 10 1
ciInstanceKlass java/io/Serializable 1 0 7 1 1 1 100 100 1
ciInstanceKlass java/lang/String 1 1 540 3 3 3 3 8 8 8 8 8 8 8 8 8 8 1 1 1 1 1 1 1 1 1 1 1 1 1 1 1 1 1 1 1 1 1 1 1 1 1 1 1 1 1 1 1 1 1 1 1 1 1 1 1 1 1 1 1 1 1 1 1 1 1 1 1 1 1 1 1 1 1 1 1 1 1 1 1 1 1 1 1 1 1 1 1 1 1 1 1 1 1 1 1 1 1 1 1 1 1 1 1 1 1 1 1 1 1 1 1 1 1 1 1 1 1 1 1 1 1 1 1 1 1 1 1 1 1 1 1 1 1 1 1 1 1 1 1 1 1 1 1 1 1 1 1 1 1 1 1 1 1 1 1 1 1 1 1 1 1 1 1 1 1 1 1 1 1 1 1 1 1 1 1 1 1 1 1 1 1 1 1 1 1 1 1 1 1 1 1 1 1 1 1 1 1 1 1 1 1 1 1 1 1 1 1 1 1 1 1 1 1 1 1 5 0 100 100 100 100 7 7 100 7 100 7 7 100 100 7 100 100 100 7 100 7 7 100 7 7 100 7 100 100 7 100 7 100 100 7 7 7 7 100 7 7 7 7 7 7 1 1 1 1 1 1 1 1 1 1 1 1 1 1 1 1 1 1 1 1 1 1 1 1 1 1 1 1 1 1 1 1 1 1 1 1 1 1 1 1 1 1 1 1 1 1 1 1 1 1 1 1 1 1 1 1 1 1 1 1 1 12 12 12 12 12 12 12 12 12 12 12 12 12 12 12 12 12 12 12 12 12 12 12 12 12 12 12 12 12 12 12 12 12 12 12 12 12 12 12 12 12 12 12 12 12 12 12 12 12 12 12 12 12 12 12 12 12 12 12 12 12 12 12 12 12 12 12 12 12 12 12 12 12 12 12 12 12 12 12 12 12 12 12 12 12 12 12 12 12 12 12 12 12 12 12 12 12 12 12 12 12 9 9 9 9 10 10 10 10 10 10 10 10 10 10 10 10 10 10 10 10 10 10 10 10 10 10 10 10 10 10 10 10 10 10 10 10 10 10 10 10 10 10 10 10 10 10 10 10 10 10 10 10 10 10 10 10 10 10 10 10 10 10 10 10 10 10 10 10 10 10 10 10 10 10 10 10 10 10 10 10 10 10 10 10 10 10 10 10 10 10 10 10 10 10 10 10 10 10 10 10 10 10 10 10 10 10 10 10 11 11 11 11 11 11 11 11 1 1
staticfield java/lang/String serialPersistentFields [Ljava/io/ObjectStreamField; 0 [Ljava/io/ObjectStreamField;
staticfield java/lang/String CASE_INSENSITIVE_ORDER Ljava/util/Comparator; java/lang/String$CaseInsensitiveComparator
ciInstanceKlass java/lang/Class 1 1 1190 8 8 8 8 8 8 8 8 8 8 8 8 8 8 8 8 8 8 7 1 1 1 1 1 1 1 1 1 1 1 1 1 1 1 1 1 1 1 1 1 1 1 1 1 1 1 1 1 1 1 1 1 1 1 1 1 1 1 1 1 1 1 1 1 1 1 1 1 1 1 1 1 1 1 1 1 1 1 1 1 1 1 1 1 1 1 1 1 1 1 1 1 1 1 1 1 1 1 1 1 1 1 1 1 1 1 1 1 1 1 1 1 1 1 1 1 1 1 1 1 1 1 1 1 1 1 1 1 1 1 1 1 1 1 1 1 1 1 1 1 1 1 1 1 1 1 1 1 1 1 1 1 1 1 1 1 1 1 1 1 1 1 1 1 1 1 1 1 1 1 1 1 1 1 1 1 1 1 1 1 1 1 1 1 1 1 1 1 1 1 1 1 1 1 1 1 1 1 1 1 1 1 1 1 1 1 1 1 1 1 1 1 1 1 1 1 1 1 1 1 1 1 1 1 1 1 1 1 1 1 1 1 1 1 1 1 1 1 1 1 1 1 1 1 1 1 1 1 1 1 1 1 1 1 1 1 1 1 1 1 1 1 1 1 1 1 1 1 1 1 1 1 1 1 1 1 1 1 1 1 1 1 1 1 1 1 1 1 1 1 1 1 1 1 1 1 1 1 1 1 1 1 1 1 1 1 1 1 1 1 1 1 1 1 1 1 1 1 1 1 1 1 1 1 1 1 1 1 1 1 1 1 1 1 1 1 1 1 1 1 1 1 1 1 1 1 1 1 1 1 1 1 1 1 1 1 1 1 1 1 1 1 1 1 1 1 1 1 1 1 1 1 1 1 1 1 1 1 1 1 1 1 1 1 1 1 1 1 1 1 1 1 1 1 1 1 1 1 1 1 1 1 1 1 1 1 1 1 1 1 1 1 1 1 1 1 1 1 1 1 1 3 3 3 5 0 8 8 8 8 8 7 7 7 100 100 100 7 7 100 7 100 7 7 7 7 100 7 7 100 7 7 100 100 7 7 100 100 7 100 100 7 7 7 7 100 7 100 7 7 7 100 100 7 7 100 100 7 7 100 7 100 7 7 100 100 7 7 7 7 7 7 7 7 7 7 7 7 7 7 7 100 100 7 7 7 7 100 7 7 7 7 100 100 7 100 7 1 1 1 1 1 1 1 1 1 1 1 1 1 1 1 1 1 1 1 1 1 1 1 1 1 1 1 1 1 1 1 1 1 1 1 1 1 1 1 1 1 1 1 1 1 1 1 1 1 1 1 1 1 1 1 1 1 1 1 1 1 1 1 1 1 1 1 1 1 1 1 1 1 1 1 1 1 1 1 1 1 1 1 1 1 1 1 1 1 1 1 1 1 1 1 1 1 1 1 1 1 1 1 1 1 1 1 1 1 1 1 1 1 1 1 1 1 1 1 1 1 1 1 1 1 1 1 1 1 1 1 1 1 1 1 1 1 1 1 1 1 1 1 1 1 1 1 1 1 1 1 1 1 1 1 1 1 1 1 1 1 1 1 1 1 1 1 12 12 12 12 12 12 12 12 12 12 12 12 12 12 12 12 12 12 12 12 12 12 12 12 12 12 12 12 12 12 12 12 12 12 12 12 12 12 12 12 12 12 12 12 12 12 12 12 12 12 12 12 12 12 12 12 12 12 12 12 12 12 12 12 12 12 12 12 12 12 12 12 12 12 12 12 12 12 12 12 12 12 12 12 12 12 12 12 12 12 12 12 12 12 12 12 12 12 12 12 12 12 12 12 12 12 12 12 12 12 12 12 12 12 12 12 12 12 12 12 12 12 12 12 12 12 12 12 12 12 12 12 12 12 12 12 12 12 12 12 12 12 12 12 12 12 12 12 12 12 12 12 12 12 12 12 12 12 12 12 12 12 12 12 12 12 12 12 12 12 12 12 12 12 12 12 12 12 12 12 12 12 12 12 12 12 12 12 12 12 12 12 12 12 12 12 12 12 12 12 12 12 12 12 12 12 12 12 12 12 12 12 12 12 12 12 12 12 12 12 12 12 12 12 12 12 12 12 12 12 12 12 9 9 9 9 9 9 9 9 9 9 9 9 9 9 9 9 9 9 9 9 9 9 9 9 9 9 9 9 9 9 9 9 9 9 9 9 9 10 10 10 10 10 10 10 10 10 10 10 10 10 10 10 10 10 10 10 10 10 10 10 10 10 10 10 10 10 10 10 10 10 10 10 10 10 10 10 10 10 10 10 10 10 10 10 10 10 10 10 10 10 10 10 10 10 10 10 10 10 10 10 10 10 10 10 10 10 10 10 10 10 10 10 10 10 10 10 10 10 10 10 10 10 10 10 10 10 10 10 10 10 10 10 10 10 10 10 10 10 10 10 10 10 10 10 10 10 10 10 10 10 10 10 10 10 10 10 10 10 10 10 10 10 10 10 10 10 10 10 10 10 10 10 10 10 10 10 10 10 10 10 10 10 10 10 10 10 10 10 10 10 10 10 10 10 10 10 10 10 10 10 10 10 10 10 10 10 10 10 10 10 10 10 10 10 10 10 10 10 10 10 10 10 10 10 10 10 10 10 10 10 10 10 10 10 10 10 10 10 10 10 10 10 10 10 10 10 10 11 11 11 11 11 11 11 11 11 11 11 11 11 11 11 11 11 11 1 1 1 1 1 1 1 1
staticfield java/lang/Class serialPersistentFields [Ljava/io/ObjectStreamField; 0 [Ljava/io/ObjectStreamField;
ciInstanceKlass java/lang/Cloneable 1 0 7 1 1 1 100 100 1
instanceKlass com/thoughtworks/xstream/core/util/ClassLoaderReference
instanceKlass com/thoughtworks/xstream/core/util/CompositeClassLoader
instanceKlass net/bytebuddy/dynamic/loading/InjectionClassLoader
instanceKlass org/hibernate/boot/registry/classloading/internal/AggregatedClassLoader
instanceKlass org/springframework/core/DecoratingClassLoader
instanceKlass java/util/ResourceBundle$RBClassLoader
instanceKlass sun/reflect/DelegatingClassLoader
instanceKlass java/security/SecureClassLoader
ciInstanceKlass java/lang/ClassLoader 1 1 842 8 8 8 8 8 8 8 8 8 8 8 8 8 8 8 8 8 8 7 1 1 1 1 1 1 1 1 1 1 1 1 1 1 1 1 1 1 1 1 1 1 1 1 1 1 1 1 1 1 1 1 1 1 1 1 1 1 1 1 1 1 1 1 1 1 1 1 1 1 1 1 1 1 1 1 1 1 1 1 1 1 1 1 1 1 1 1 1 1 1 1 1 1 1 1 1 1 1 1 1 1 1 1 1 1 1 1 1 1 1 1 1 1 1 1 1 1 1 1 1 1 1 1 1 1 1 1 1 1 1 1 1 1 1 1 1 1 1 1 1 1 1 1 1 1 1 1 1 1 1 1 1 1 1 1 1 1 1 1 1 1 1 1 1 1 1 1 1 1 1 1 1 1 1 1 1 1 1 1 1 1 1 1 1 1 1 1 1 1 1 1 1 1 1 1 1 1 1 1 1 1 1 1 1 1 1 1 1 1 1 1 1 1 1 1 1 1 1 1 1 1 1 1 1 1 1 1 1 1 1 1 1 1 1 1 1 1 1 1 1 1 1 1 1 1 1 1 1 1 1 1 1 1 1 1 1 1 1 1 1 1 1 1 1 1 1 1 1 1 1 1 1 1 1 1 1 1 1 1 1 1 1 1 1 1 1 1 1 1 1 1 1 1 1 1 1 1 1 100 100 100 7 7 7 7 100 100 100 7 7 100 7 7 7 7 7 7 100 7 100 100 7 7 100 100 7 7 7 7 100 7 100 100 7 100 100 7 7 100 7 7 100 7 7 7 7 7 100 7 7 7 7 7 7 7 7 7 7 7 100 100 1 1 1 1 1 1 1 1 1 1 1 1 1 1 1 1 1 1 1 1 1 1 1 1 1 1 1 1 1 1 1 1 1 1 1 1 1 1 1 1 1 1 1 1 1 1 1 1 1 1 1 1 1 1 1 1 1 1 1 1 1 1 1 1 1 1 1 1 1 1 1 1 1 1 1 1 1 1 1 1 1 1 1 1 1 1 1 1 1 1 1 1 1 1 1 1 1 1 1 1 1 1 1 1 1 1 1 1 1 1 1 1 1 1 12 12 12 12 12 12 12 12 12 12 12 12 12 12 12 12 12 12 12 12 12 12 12 12 12 12 12 12 12 12 12 12 12 12 12 12 12 12 12 12 12 12 12 12 12 12 12 12 12 12 12 12 12 12 12 12 12 12 12 12 12 12 12 12 12 12 12 12 12 12 12 12 12 12 12 12 12 12 12 12 12 12 12 12 12 12 12 12 12 12 12 12 12 12 12 12 12 12 12 12 12 12 12 12 12 12 12 12 12 12 12 12 12 12 12 12 12 12 12 12 12 12 12 12 12 12 12 12 12 12 12 12 12 12 12 12 12 12 12 12 12 12 12 12 12 12 12 12 12 12 12 12 12 12 12 12 12 12 12 12 12 12 12 12 12 12 12 12 12 9 9 9 9 9 9 9 9 9 9 9 9 9 9 9 9 9 9 9 9 9 9 9 9 9 9 9 9 9 10 10 10 10 10 10 10 10 10 10 10 10 10 10 10 10 10 10 10 10 10 10 10 10 10 10 10 10 10 10 10 10 10 10 10 10 10 10 10 10 10 10 10 10 10 10 10 10 10 10 10 10 10 10 10 10 10 10 10 10 10 10 10 10 10 10 10 10 10 10 10 10 10 10 10 10 10 10 10 10 10 10 10 10 10 10 10 10 10 10 10 10 10 10 10 10 10 10 10 10 10 10 10 10 10 10 10 10 10 10 10 10 10 10 10 10 10 10 10 10 10 10 10 10 10 10 10 10 10 10 10 10 10 10 10 10 10 10 10 10 10 10 10 10 10 10 10 10 10 10 10 10 10 10 10 10 10 10 10 10 11 11 11 11 11 11 1 1
staticfield java/lang/ClassLoader nocerts [Ljava/security/cert/Certificate; 0 [Ljava/security/cert/Certificate;
ciInstanceKlass java/lang/System 1 1 369 8 8 8 8 8 8 8 8 8 8 8 8 8 7 1 1 1 1 1 1 1 1 1 1 1 1 1 1 1 1 1 1 1 1 1 1 1 1 1 1 1 1 1 1 1 1 1 1 1 1 1 1 1 1 1 1 1 1 1 1 1 1 1 1 1 1 1 1 1 1 1 1 1 1 1 1 1 1 1 1 1 1 1 1 1 1 1 1 1 1 1 1 1 1 1 1 1 1 1 1 1 1 1 1 1 1 1 1 1 1 1 1 1 1 1 1 1 1 1 1 1 1 1 1 1 1 1 1 1 1 1 1 1 1 1 1 1 1 1 1 1 1 1 1 1 1 1 1 1 1 1 7 7 7 7 7 100 7 100 100 100 100 100 100 7 7 100 100 7 100 100 7 7 7 7 100 100 100 7 100 7 7 7 7 7 1 1 1 1 1 1 1 1 1 1 1 1 1 1 1 1 1 1 1 1 1 1 1 1 1 1 1 1 1 1 1 1 1 1 1 1 1 1 1 1 12 12 12 12 12 12 12 12 12 12 12 12 12 12 12 12 12 12 12 12 12 12 12 12 12 12 12 12 12 12 12 12 12 12 12 12 12 12 12 12 12 12 12 12 12 12 12 12 12 12 12 12 12 12 12 12 12 12 12 12 12 12 12 12 12 12 12 12 9 9 9 9 9 9 9 9 9 9 10 10 10 10 10 10 10 10 10 10 10 10 10 10 10 10 10 10 10 10 10 10 10 10 10 10 10 10 10 10 10 10 10 10 10 10 10 10 10 10 10 10 10 10 10 10 10 10 10 10 10 10 10 10 10 10 10 10 10 10 10 10 10 11 1
staticfield java/lang/System in Ljava/io/InputStream; java/io/BufferedInputStream
staticfield java/lang/System out Ljava/io/PrintStream; java/io/PrintStream
staticfield java/lang/System err Ljava/io/PrintStream; java/io/PrintStream
instanceKlass io/netty/util/ResourceLeakDetector$TraceRecord
instanceKlass java/lang/Exception
instanceKlass java/lang/Error
ciInstanceKlass java/lang/Throwable 1 1 327 8 8 8 8 8 8 8 8 8 8 8 8 8 8 8 8 8 7 1 1 1 1 1 1 1 1 1 1 1 1 1 1 1 1 1 1 1 1 1 1 1 1 1 1 1 1 1 1 1 1 1 1 1 1 1 1 1 1 1 1 1 1 1 1 1 1 1 1 1 1 1 1 1 1 1 1 1 1 1 1 1 1 1 1 1 1 1 1 1 1 1 1 1 1 1 1 1 1 1 1 1 1 1 1 1 1 1 1 1 1 1 1 1 1 1 1 1 1 1 1 1 1 1 1 1 1 1 1 1 1 1 1 1 1 1 1 1 1 1 1 1 1 1 1 1 1 5 0 7 100 100 100 100 100 100 7 100 100 100 100 7 7 100 7 100 100 100 100 100 100 100 7 7 100 100 100 100 100 1 1 1 1 1 1 1 1 1 1 1 1 1 1 1 1 1 1 1 1 1 1 1 1 1 1 1 1 12 12 12 12 12 12 12 12 12 12 12 12 12 12 12 12 12 12 12 12 12 12 12 12 12 12 12 12 12 12 12 12 12 12 12 12 12 12 12 12 12 12 12 12 12 12 12 12 12 12 12 12 12 12 9 9 9 9 9 9 9 9 9 9 9 9 10 10 10 10 10 10 10 10 10 10 10 10 10 10 10 10 10 10 10 10 10 10 10 10 10 10 10 10 10 10 10 10 10 10 10 10 10 10 10 10 10 11 11 11 11 11 11 11 11 1 1 1 1 1
staticfield java/lang/Throwable UNASSIGNED_STACK [Ljava/lang/StackTraceElement; 0 [Ljava/lang/StackTraceElement;
staticfield java/lang/Throwable SUPPRESSED_SENTINEL Ljava/util/List; java/util/Collections$UnmodifiableRandomAccessList
staticfield java/lang/Throwable EMPTY_THROWABLE_ARRAY [Ljava/lang/Throwable; 0 [Ljava/lang/Throwable;
staticfield java/lang/Throwable $assertionsDisabled Z 1
instanceKlass com/sun/jersey/spi/service/ServiceConfigurationError
instanceKlass javax/xml/parsers/FactoryConfigurationError
instanceKlass java/lang/AssertionError
instanceKlass java/util/ServiceConfigurationError
instanceKlass java/lang/VirtualMachineError
instanceKlass java/lang/LinkageError
instanceKlass java/lang/ThreadDeath
ciInstanceKlass java/lang/Error 1 1 30 1 1 1 1 1 1 1 1 1 1 1 1 5 0 100 7 1 1 12 12 12 12 12 10 10 10 10 10 1
ciInstanceKlass java/lang/ThreadDeath 0 0 18 1 1 1 1 1 1 1 1 1 1 5 0 100 100 12 10 1
instanceKlass org/apache/http/HttpException
instanceKlass javax/xml/datatype/DatatypeConfigurationException
instanceKlass org/springframework/web/bind/MethodArgumentNotValidException
instanceKlass org/apache/tomcat/websocket/AuthenticationException
instanceKlass javax/websocket/DeploymentException
instanceKlass java/util/concurrent/TimeoutException
instanceKlass antlr/ANTLRException
instanceKlass com/zaxxer/hikari/pool/PoolBase$ConnectionSetupException
instanceKlass javax/transaction/SystemException
instanceKlass java/sql/SQLException
instanceKlass java/lang/instrument/IllegalClassFormatException
instanceKlass org/apache/catalina/connector/CoyoteAdapter$RecycleRequiredException
instanceKlass org/ietf/jgss/GSSException
instanceKlass org/apache/catalina/LifecycleException
instanceKlass javax/management/JMException
instanceKlass org/springframework/validation/BindException
instanceKlass java/util/concurrent/ExecutionException
instanceKlass javax/servlet/ServletException
instanceKlass javax/xml/bind/JAXBException
instanceKlass javax/xml/transform/TransformerException
instanceKlass java/beans/PropertyVetoException
instanceKlass java/beans/IntrospectionException
instanceKlass org/springframework/expression/AccessException
instanceKlass javax/xml/parsers/ParserConfigurationException
instanceKlass org/xml/sax/SAXException
instanceKlass java/lang/CloneNotSupportedException
instanceKlass javax/xml/stream/XMLStreamException
instanceKlass java/text/ParseException
instanceKlass javax/naming/NamingException
instanceKlass java/net/URISyntaxException
instanceKlass ch/qos/logback/core/boolex/EvaluationException
instanceKlass java/security/GeneralSecurityException
instanceKlass ch/qos/logback/core/util/DynamicClassLoadingException
instanceKlass ch/qos/logback/core/util/IncompatibleClassException
instanceKlass ch/qos/logback/core/spi/ScanException
instanceKlass ch/qos/logback/core/joran/spi/JoranException
instanceKlass java/security/PrivilegedActionException
instanceKlass java/io/IOException
instanceKlass java/lang/InterruptedException
instanceKlass java/lang/ReflectiveOperationException
instanceKlass java/lang/RuntimeException
ciInstanceKlass java/lang/Exception 1 1 30 1 1 1 1 1 1 1 1 1 1 1 1 5 0 100 7 1 1 12 12 12 12 12 10 10 10 10 10 1
instanceKlass java/nio/BufferOverflowException
instanceKlass org/apache/http/ParseException
instanceKlass javax/ws/rs/core/UriBuilderException
instanceKlass com/sun/jersey/api/client/UniformInterfaceException
instanceKlass com/netflix/discovery/shared/transport/TransportException
instanceKlass com/sun/jersey/spi/inject/Errors$ErrorMessagesException
instanceKlass com/sun/jersey/api/client/ClientHandlerException
instanceKlass com/thoughtworks/xstream/core/BaseException
instanceKlass com/fasterxml/jackson/databind/RuntimeJsonMappingException
instanceKlass javax/ws/rs/WebApplicationException
instanceKlass org/springframework/cloud/configuration/CompatibilityNotMetException
instanceKlass com/google/gson/JsonParseException
instanceKlass java/lang/reflect/MalformedParametersException
instanceKlass com/netflix/config/validation/ValidationException
instanceKlass org/apache/commons/lang/exception/NestableRuntimeException
instanceKlass org/springframework/security/web/firewall/RequestRejectedException
instanceKlass org/springframework/security/access/AccessDeniedException
instanceKlass org/springframework/expression/spel/InternalParseException
instanceKlass org/apache/tomcat/util/threads/StopPooledThreadException
instanceKlass io/netty/channel/ChannelException
instanceKlass io/lettuce/core/RedisException
instanceKlass org/hibernate/query/criteria/internal/BasicPathUsageException
instanceKlass org/springframework/data/mapping/PropertyReferenceException
instanceKlass org/springframework/data/repository/query/QueryCreationException
instanceKlass org/springframework/data/repository/query/ParameterOutOfBoundsException
instanceKlass java/security/ProviderException
instanceKlass org/hibernate/boot/jaxb/internal/stax/JpaOrmXmlEventReader$BadVersionException
instanceKlass org/hibernate/annotations/common/reflection/ClassLoadingException
instanceKlass org/hibernate/AssertionFailure
instanceKlass org/springframework/boot/context/properties/source/InvalidConfigurationPropertyValueException
instanceKlass com/zaxxer/hikari/pool/HikariPool$PoolInitializationException
instanceKlass org/springframework/security/core/AuthenticationException
instanceKlass io/jsonwebtoken/JwtException
instanceKlass java/nio/BufferUnderflowException
instanceKlass org/apache/coyote/ProtocolException
instanceKlass java/util/concurrent/RejectedExecutionException
instanceKlass javax/management/JMRuntimeException
instanceKlass org/apache/juli/logging/LogConfigurationException
instanceKlass org/springframework/boot/web/server/WebServerException
instanceKlass org/springframework/transaction/interceptor/TransactionAspectSupport$ThrowableHolderException
instanceKlass java/io/UncheckedIOException
instanceKlass org/springframework/cglib/core/ClassNameReader$EarlyExitException
instanceKlass org/springframework/cglib/core/CodeGenerationException
instanceKlass org/springframework/objenesis/ObjenesisException
instanceKlass org/springframework/data/mapping/MappingException
instanceKlass org/springframework/boot/autoconfigure/data/redis/RedisUrlSyntaxException
instanceKlass org/yaml/snakeyaml/error/YAMLException
instanceKlass java/time/DateTimeException
instanceKlass org/springframework/context/NoSuchMessageException
instanceKlass org/springframework/boot/autoconfigure/condition/OnBeanCondition$BeanTypeDeductionException
instanceKlass java/lang/reflect/MalformedParameterizedTypeException
instanceKlass org/springframework/expression/ExpressionException
instanceKlass javax/el/ELException
instanceKlass javax/persistence/PersistenceException
instanceKlass org/apache/logging/log4j/LoggingException
instanceKlass java/nio/file/FileSystemNotFoundException
instanceKlass javax/validation/ValidationException
instanceKlass org/springframework/boot/context/properties/bind/UnboundConfigurationPropertiesException
instanceKlass org/springframework/boot/context/properties/bind/BindException
instanceKlass java/util/ConcurrentModificationException
instanceKlass java/util/MissingResourceException
instanceKlass java/lang/UnsupportedOperationException
instanceKlass org/springframework/boot/context/properties/source/InvalidConfigurationPropertyNameException
instanceKlass java/lang/TypeNotPresentException
instanceKlass java/util/NoSuchElementException
instanceKlass java/lang/reflect/UndeclaredThrowableException
instanceKlass org/springframework/core/NestedRuntimeException
instanceKlass java/lang/invoke/WrongMethodTypeException
instanceKlass ch/qos/logback/core/LogbackException
instanceKlass java/lang/IndexOutOfBoundsException
instanceKlass java/lang/SecurityException
instanceKlass java/lang/IllegalStateException
instanceKlass java/lang/IllegalArgumentException
instanceKlass java/lang/ArithmeticException
instanceKlass java/lang/NullPointerException
instanceKlass java/lang/IllegalMonitorStateException
instanceKlass java/lang/ArrayStoreException
instanceKlass java/lang/ClassCastException
ciInstanceKlass java/lang/RuntimeException 1 1 30 1 1 1 1 1 1 1 1 1 1 1 1 5 0 7 100 1 1 12 12 12 12 12 10 10 10 10 10 1
instanceKlass javax/crypto/JceSecurityManager
ciInstanceKlass java/lang/SecurityManager 1 1 375 8 8 8 8 8 8 8 8 8 8 8 8 8 8 8 8 8 8 8 8 8 8 8 8 8 8 8 8 8 8 8 8 8 8 8 8 7 1 1 1 1 1 1 1 1 1 1 1 1 1 1 1 1 1 1 1 1 1 1 1 1 1 1 1 1 1 1 1 1 1 1 1 1 1 1 1 1 1 1 1 1 1 1 1 1 1 1 1 1 1 1 1 1 1 1 1 1 1 1 1 1 1 1 1 1 1 1 1 1 1 1 1 1 1 1 1 1 1 1 1 1 1 1 1 1 1 1 1 1 1 1 1 1 1 1 1 1 1 1 1 1 1 1 1 1 1 1 1 1 1 1 1 1 1 1 1 1 1 1 1 1 1 1 1 1 1 1 1 1 1 1 1 1 1 1 1 1 1 1 1 1 1 1 1 1 1 1 1 1 1 1 1 1 1 1 1 1 1 1 1 1 100 100 100 100 100 100 100 7 100 100 100 100 100 100 7 7 7 100 100 100 100 100 100 100 100 100 100 100 1 1 1 1 1 1 1 1 1 1 1 1 1 1 1 1 1 1 1 1 1 1 1 1 1 1 1 1 1 1 1 12 12 12 12 12 12 12 12 12 12 12 12 12 12 12 12 12 12 12 12 12 12 12 12 12 12 12 12 12 12 12 12 12 12 12 12 12 12 12 12 12 12 12 12 12 12 12 12 12 12 12 9 9 9 9 9 9 9 9 9 9 9 9 9 9 9 9 9 10 10 10 10 10 10 10 10 10 10 10 10 10 10 10 10 10 10 10 10 10 10 10 10 10 10 10 10 10 10 10 10 10 10 10 10 10 10 10 10 10 10 10 10 10 1
staticfield java/lang/SecurityManager packageAccessLock Ljava/lang/Object; java/lang/Object
staticfield java/lang/SecurityManager packageDefinitionLock Ljava/lang/Object; java/lang/Object
ciInstanceKlass java/security/ProtectionDomain 1 1 272 8 8 8 8 8 8 8 8 8 8 1 1 1 1 1 1 1 1 1 1 1 1 1 1 1 1 1 1 1 1 1 1 1 1 1 1 1 1 1 1 1 1 1 1 1 1 1 1 1 1 1 1 1 1 1 1 1 1 1 1 1 1 1 1 1 1 1 1 1 1 1 1 1 1 1 1 1 1 1 1 1 1 1 1 1 1 1 1 1 1 1 1 1 1 1 1 1 1 1 1 1 1 1 1 1 1 1 1 1 7 100 100 7 100 100 100 100 100 100 100 100 100 7 7 7 7 7 100 7 7 7 100 100 100 7 7 100 1 1 1 1 1 1 1 1 1 1 1 1 1 1 1 1 1 1 1 1 1 1 1 1 1 1 1 1 1 12 12 12 12 12 12 12 12 12 12 12 12 12 12 12 12 12 12 12 12 12 12 12 12 12 12 12 12 12 12 12 12 12 12 12 12 12 12 12 12 12 12 12 12 12 12 12 12 9 9 9 9 9 9 9 9 9 9 9 10 10 10 10 10 10 10 10 10 10 10 10 10 10 10 10 10 10 10 10 10 10 10 10 10 10 10 10 10 10 10 10 10 10 10 10 10 11 11 11 11 11 11 11 1 1
staticfield java/security/ProtectionDomain debug Lsun/security/util/Debug; null
ciInstanceKlass java/security/AccessControlContext 1 1 305 8 8 8 8 8 8 8 8 8 8 8 8 8 7 1 1 1 1 1 1 1 1 1 1 1 1 1 1 1 1 1 1 1 1 1 1 1 1 1 1 1 1 1 1 1 1 1 1 1 1 1 1 1 1 1 1 1 1 1 1 1 1 1 1 1 1 1 1 1 1 1 1 1 1 1 1 1 1 1 1 1 1 1 1 1 1 1 1 1 1 1 1 1 1 1 1 1 1 1 1 1 1 1 1 1 1 1 1 1 1 1 1 1 1 1 1 1 1 1 1 1 1 1 100 100 100 100 7 100 7 7 100 100 7 100 7 7 100 100 7 7 7 100 100 7 100 1 1 1 1 1 1 1 1 1 1 1 1 1 1 1 1 1 1 1 1 1 1 1 1 1 1 1 1 1 1 1 1 1 1 12 12 12 12 12 12 12 12 12 12 12 12 12 12 12 12 12 12 12 12 12 12 12 12 12 12 12 12 12 12 12 12 12 12 12 12 12 12 12 12 12 12 12 12 12 12 12 12 12 12 12 12 12 12 12 12 12 12 9 9 9 9 9 9 9 9 9 9 9 9 9 9 10 10 10 10 10 10 10 10 10 10 10 10 10 10 10 10 10 10 10 10 10 10 10 10 10 10 10 10 10 10 10 10 10 10 10 10 10 10 10 10 10 10 10 10 10 11 11 11 11 11 11 1
instanceKlass java/net/URLClassLoader
ciInstanceKlass java/security/SecureClassLoader 1 1 130 8 8 8 8 1 1 1 1 1 1 1 1 1 1 1 1 1 1 1 1 1 1 1 1 1 1 1 1 1 1 1 1 1 1 1 1 1 1 1 1 1 1 1 1 1 1 1 1 1 1 7 100 100 100 100 7 100 7 7 7 7 7 1 1 1 1 1 1 1 1 1 1 1 1 1 1 1 1 1 1 12 12 12 12 12 12 12 12 12 12 12 12 12 12 12 12 12 12 12 12 12 12 12 9 9 9 10 10 10 10 10 10 10 10 10 10 10 10 10 10 10 10 10 10 10 10 10 10 1
staticfield java/security/SecureClassLoader debug Lsun/security/util/Debug; null
instanceKlass java/lang/reflect/InvocationTargetException
instanceKlass java/lang/NoSuchFieldException
instanceKlass java/lang/InstantiationException
instanceKlass java/lang/NoSuchMethodException
instanceKlass java/lang/IllegalAccessException
instanceKlass java/lang/ClassNotFoundException
ciInstanceKlass java/lang/ReflectiveOperationException 1 1 27 1 1 1 1 1 1 1 1 1 1 1 1 5 0 7 100 1 12 12 12 12 10 10 10 10 1
ciInstanceKlass java/lang/ClassNotFoundException 1 1 32 1 1 1 1 1 1 1 1 1 1 1 1 1 1 1 1 5 0 100 7 100 1 1 1 12 12 12 9 10 10 1
instanceKlass java/lang/ExceptionInInitializerError
instanceKlass java/lang/UnsatisfiedLinkError
instanceKlass java/lang/ClassFormatError
instanceKlass java/lang/IncompatibleClassChangeError
instanceKlass java/lang/BootstrapMethodError
instanceKlass java/lang/NoClassDefFoundError
ciInstanceKlass java/lang/LinkageError 1 1 24 1 1 1 1 1 1 1 1 1 1 1 5 0 7 100 1 12 12 12 10 10 10 1
ciInstanceKlass java/lang/NoClassDefFoundError 1 1 21 1 1 1 1 1 1 1 1 1 1 1 5 0 7 100 12 12 10 10 1
ciInstanceKlass java/lang/ClassCastException 1 1 21 1 1 1 1 1 1 1 1 1 1 1 5 0 100 100 12 12 10 10 1
ciInstanceKlass java/lang/ArrayStoreException 1 1 21 1 1 1 1 1 1 1 1 1 1 1 5 0 100 100 12 12 10 10 1
instanceKlass java/lang/InternalError
instanceKlass java/lang/StackOverflowError
instanceKlass java/lang/OutOfMemoryError
ciInstanceKlass java/lang/VirtualMachineError 1 1 27 1 1 1 1 1 1 1 1 1 1 1 1 5 0 100 100 1 12 12 12 12 10 10 10 10 1
instanceKlass io/netty/util/internal/OutOfDirectMemoryError
ciInstanceKlass java/lang/OutOfMemoryError 1 1 21 1 1 1 1 1 1 1 1 1 1 1 5 0 100 100 12 12 10 10 1
ciInstanceKlass java/lang/StackOverflowError 1 1 21 1 1 1 1 1 1 1 1 1 1 1 5 0 100 100 12 12 10 10 1
ciInstanceKlass java/lang/IllegalMonitorStateException 1 1 21 1 1 1 1 1 1 1 1 1 1 1 5 0 100 100 12 12 10 10 1
instanceKlass java/lang/ref/PhantomReference
instanceKlass java/lang/ref/FinalReference
instanceKlass java/lang/ref/WeakReference
instanceKlass java/lang/ref/SoftReference
ciInstanceKlass java/lang/ref/Reference 1 1 134 8 1 1 1 1 1 1 1 1 1 1 1 1 1 1 1 1 1 1 1 1 1 1 1 1 1 1 1 1 1 1 1 1 1 1 1 1 1 1 1 1 1 1 1 1 1 1 1 1 1 1 1 1 1 1 1 100 7 100 7 7 100 7 7 7 7 7 7 7 1 1 1 1 1 1 1 1 1 1 1 1 1 1 1 1 12 12 12 12 12 12 12 12 12 12 12 12 12 12 12 12 12 12 12 12 12 12 9 9 9 9 9 9 9 10 10 10 10 10 10 10 10 10 10 10 10 10 10 10 10 1 1 1
instanceKlass org/hibernate/validator/internal/util/ConcurrentReferenceHashMap$SoftValueReference
instanceKlass org/hibernate/validator/internal/util/ConcurrentReferenceHashMap$SoftKeyReference
instanceKlass sun/security/util/MemoryCache$SoftCacheEntry
instanceKlass org/springframework/util/ConcurrentReferenceHashMap$SoftEntryReference
instanceKlass java/lang/invoke/LambdaFormEditor$Transform
instanceKlass sun/util/locale/provider/LocaleResources$ResourceReference
instanceKlass java/util/ResourceBundle$BundleReference
instanceKlass sun/util/locale/LocaleObjectCache$CacheEntry
ciInstanceKlass java/lang/ref/SoftReference 1 1 35 1 1 1 1 1 1 1 1 1 1 1 1 1 1 1 1 100 7 7 1 1 1 1 12 12 12 12 12 9 9 10 10 10 1
instanceKlass com/sun/jmx/mbeanserver/WeakIdentityHashMap$IdentityWeakReference
instanceKlass com/google/common/collect/MapMakerInternalMap$AbstractWeakKeyEntry
instanceKlass org/apache/tomcat/util/collections/ManagedConcurrentWeakHashMap$Key
instanceKlass io/netty/util/ResourceLeakDetector$DefaultResourceLeak
instanceKlass net/bytebuddy/TypeCache$StorageKey
instanceKlass org/springframework/cglib/core/WeakCacheKey
instanceKlass org/springframework/util/ConcurrentReferenceHashMap$WeakEntryReference
instanceKlass java/lang/reflect/Proxy$Key2
instanceKlass java/util/logging/LogManager$LoggerWeakRef
instanceKlass java/lang/reflect/WeakCache$CacheValue
instanceKlass java/lang/reflect/Proxy$Key1
instanceKlass java/lang/reflect/WeakCache$CacheKey
instanceKlass java/lang/invoke/MethodType$ConcurrentWeakInternSet$WeakEntry
instanceKlass java/util/ResourceBundle$LoaderReference
instanceKlass java/lang/ThreadLocal$ThreadLocalMap$Entry
instanceKlass java/lang/ClassValue$Entry
instanceKlass java/util/WeakHashMap$Entry
ciInstanceKlass java/lang/ref/WeakReference 1 1 20 1 1 1 1 1 1 1 1 7 100 1 1 1 1 12 12 10 10 1
instanceKlass java/lang/ref/Finalizer
ciInstanceKlass java/lang/ref/FinalReference 1 1 16 1 1 1 1 1 1 1 100 7 1 1 1 12 10 1
instanceKlass sun/misc/Cleaner
ciInstanceKlass java/lang/ref/PhantomReference 1 1 19 1 1 1 1 1 1 1 1 1 1 100 7 1 1 1 12 10 1
ciInstanceKlass sun/misc/Cleaner 1 1 74 1 1 1 1 1 1 1 1 1 1 1 1 1 1 1 1 1 1 1 1 1 1 1 1 1 1 1 7 100 7 7 100 7 100 1 1 1 1 1 1 1 1 1 1 1 1 12 12 12 12 12 12 12 12 12 12 12 12 12 9 9 9 9 9 10 10 10 10 10 10 10 11 1
staticfield sun/misc/Cleaner dummyQueue Ljava/lang/ref/ReferenceQueue; java/lang/ref/ReferenceQueue
ciInstanceKlass java/lang/ref/Finalizer 1 1 150 1 1 1 1 1 1 1 1 1 1 1 1 1 1 1 1 1 1 1 1 1 1 1 1 1 1 1 1 1 1 1 1 1 1 1 1 1 1 1 1 1 1 1 1 1 1 1 1 1 1 1 1 1 1 1 1 1 1 1 1 7 7 7 7 100 7 7 100 100 100 7 7 100 7 100 1 1 1 1 1 1 1 1 1 1 1 1 1 1 1 1 1 12 12 12 12 12 12 12 12 12 12 12 12 12 12 12 12 12 12 12 12 12 12 12 12 12 12 9 9 9 9 9 10 10 10 10 10 10 10 10 10 10 10 10 10 10 10 10 10 10 10 10 10 10 10 11 1 1
staticfield java/lang/ref/Finalizer lock Ljava/lang/Object; java/lang/Object
instanceKlass net/bytebuddy/TypeCache
instanceKlass java/lang/ref/ReferenceQueue$Null
ciInstanceKlass java/lang/ref/ReferenceQueue 1 1 130 8 7 1 1 1 1 1 1 1 1 1 1 1 1 1 1 1 1 1 1 1 1 1 1 1 1 1 1 1 1 1 1 1 1 1 1 1 1 1 1 1 1 1 1 1 1 1 1 1 1 1 1 1 1 1 5 0 100 7 100 100 7 100 100 7 7 100 7 7 100 7 1 1 1 1 1 1 1 1 1 1 1 1 1 1 1 1 12 12 12 12 12 12 12 12 12 12 12 12 12 12 12 12 12 12 12 9 9 9 9 9 9 9 9 10 10 10 10 10 10 10 10 10 10 10 10 11 1 1
staticfield java/lang/ref/ReferenceQueue $assertionsDisabled Z 1
instanceKlass org/apache/tomcat/util/net/NioBlockingSelector$BlockPoller
instanceKlass io/netty/util/concurrent/FastThreadLocalThread
instanceKlass java/util/concurrent/ForkJoinWorkerThread
instanceKlass org/apache/tomcat/util/threads/TaskThread
instanceKlass org/springframework/boot/web/embedded/tomcat/TomcatWebServer$1
instanceKlass org/springframework/context/support/AbstractApplicationContext$1
instanceKlass java/util/logging/LogManager$Cleaner
instanceKlass java/lang/ref/Finalizer$FinalizerThread
instanceKlass java/lang/ref/Reference$ReferenceHandler
ciInstanceKlass java/lang/Thread 1 1 539 3 3 8 8 8 8 8 8 8 8 8 8 8 8 7 1 1 1 1 1 1 1 1 1 1 1 1 1 1 1 1 1 1 1 1 1 1 1 1 1 1 1 1 1 1 1 1 1 1 1 1 1 1 1 1 1 1 1 1 1 1 1 1 1 1 1 1 1 1 1 1 1 1 1 1 1 1 1 1 1 1 1 1 1 1 1 1 1 1 1 1 1 1 1 1 1 1 1 1 1 1 1 1 1 1 1 1 1 1 1 1 1 1 1 1 1 1 1 1 1 1 1 1 1 1 1 1 1 1 1 1 1 1 1 1 1 1 1 1 1 1 1 1 1 1 1 1 1 1 1 1 1 1 1 1 1 1 1 1 1 1 1 1 1 1 1 1 1 1 1 1 1 1 1 1 1 1 1 1 1 1 1 1 1 1 1 1 1 1 1 1 1 1 1 1 1 1 1 1 1 1 1 1 1 1 1 1 1 1 1 1 1 1 1 1 1 1 1 1 1 1 1 1 1 3 3 3 100 100 100 100 100 100 7 100 100 100 100 100 7 7 7 100 7 100 7 7 100 100 100 100 100 100 7 7 100 100 100 100 100 100 7 100 100 100 100 100 100 100 1 1 1 1 1 1 1 1 1 1 1 1 1 1 1 1 1 1 1 1 1 1 1 1 1 1 1 1 1 1 1 1 1 1 1 1 1 1 1 1 1 1 1 1 1 1 1 1 1 1 1 1 1 1 1 1 1 1 12 12 12 12 12 12 12 12 12 12 12 12 12 12 12 12 12 12 12 12 12 12 12 12 12 12 12 12 12 12 12 12 12 12 12 12 12 12 12 12 12 12 12 12 12 12 12 12 12 12 12 12 12 12 12 12 12 12 12 12 12 12 12 12 12 12 12 12 12 12 12 12 12 12 12 12 12 12 12 12 12 12 12 12 12 12 12 12 12 12 12 12 12 12 12 12 9 9 9 9 9 9 9 9 9 9 9 9 9 9 9 9 9 9 9 9 9 9 9 9 9 9 10 10 10 10 10 10 10 10 10 10 10 10 10 10 10 10 10 10 10 10 10 10 10 10 10 10 10 10 10 10 10 10 10 10 10 10 10 10 10 10 10 10 10 10 10 10 10 10 10 10 10 10 10 10 10 10 10 10 10 10 10 10 10 10 10 10 10 10 10 10 10 10 10 10 10 10 10 11 11 11 11 11 11 11 1 1 1 1 1
staticfield java/lang/Thread EMPTY_STACK_TRACE [Ljava/lang/StackTraceElement; 0 [Ljava/lang/StackTraceElement;
staticfield java/lang/Thread SUBCLASS_IMPLEMENTATION_PERMISSION Ljava/lang/RuntimePermission; java/lang/RuntimePermission
ciInstanceKlass java/lang/ThreadGroup 1 1 268 8 8 8 8 8 8 8 1 1 1 1 1 1 1 1 1 1 1 1 1 1 1 1 1 1 1 1 1 1 1 1 1 1 1 1 1 1 1 1 1 1 1 1 1 1 1 1 1 1 1 1 1 1 1 1 1 1 1 1 1 1 1 1 1 1 1 1 1 1 1 1 1 1 1 1 1 1 1 1 1 1 1 1 1 1 1 1 1 1 1 1 1 1 1 1 1 1 1 1 1 1 1 1 1 1 1 1 1 7 100 100 100 100 100 7 100 100 7 7 100 100 7 100 7 100 1 1 1 1 1 1 1 1 1 1 1 1 1 1 1 1 1 1 1 1 1 1 1 1 1 1 1 12 12 12 12 12 12 12 12 12 12 12 12 12 12 12 12 12 12 12 12 12 12 12 12 12 12 12 12 12 12 12 12 12 12 12 12 12 12 12 12 12 12 12 12 12 12 12 12 12 12 12 12 12 9 9 9 9 9 9 9 9 9 9 9 9 9 10 10 10 10 10 10 10 10 10 10 10 10 10 10 10 10 10 10 10 10 10 10 10 10 10 10 10 10 10 10 10 10 10 10 10 10 10 10 10 10 10 10 10 10 10 10 11 1 1
ciInstanceKlass java/util/Map 1 1 132 1 1 1 1 1 1 1 1 1 1 1 1 1 1 1 1 1 1 1 1 1 1 1 1 1 1 1 1 1 1 1 1 1 1 1 1 1 1 1 1 1 1 1 1 1 1 1 1 1 1 1 1 1 1 1 1 1 1 1 1 1 100 100 100 7 7 7 7 7 7 100 7 1 1 1 1 1 1 1 1 1 1 1 1 1 1 1 1 1 1 1 1 1 1 1 1 12 12 12 12 12 12 12 12 12 12 12 12 12 12 12 12 12 10 10 10 11 11 11 11 11 11 11 11 11 11 11 11 11 11 1
instanceKlass java/util/Hashtable
ciInstanceKlass java/util/Dictionary 1 1 31 1 1 1 1 1 1 1 1 1 1 1 1 1 1 1 1 1 1 1 7 100 1 1 1 1 1 1 12 10 1
instanceKlass java/util/Properties
ciInstanceKlass java/util/Hashtable 1 1 416 3 3 4 4 8 8 8 8 8 8 100 1 1 1 1 1 1 1 1 1 1 1 1 1 1 1 1 1 1 1 1 1 1 1 1 1 1 1 1 1 1 1 1 1 1 1 1 1 1 1 1 1 1 1 1 1 1 1 1 1 1 1 1 1 1 1 1 1 1 1 1 1 1 1 1 1 1 1 1 1 1 1 1 1 1 1 1 1 1 1 1 1 1 1 1 1 1 1 1 1 1 1 1 1 1 1 1 1 1 1 1 1 1 1 1 1 1 1 1 1 1 1 1 1 1 1 1 1 1 1 1 1 1 1 1 1 1 1 1 1 1 1 1 1 1 1 1 1 1 1 1 1 1 1 1 1 1 1 1 1 1 1 1 1 1 1 1 3 3 3 5 0 100 7 100 100 100 7 100 7 100 100 7 100 100 7 100 7 100 100 100 7 100 7 7 100 7 7 7 7 100 7 7 7 100 7 100 100 100 100 100 1 1 1 1 1 1 1 1 1 1 1 1 1 1 1 1 1 1 1 1 1 1 1 1 1 1 1 1 1 1 1 1 1 1 1 1 1 1 1 1 1 1 1 1 1 1 1 1 1 1 1 1 1 1 1 1 12 12 12 12 12 12 12 12 12 12 12 12 12 12 12 12 12 12 12 12 12 12 12 12 12 12 12 12 12 12 12 12 12 12 12 12 12 12 12 12 12 12 12 12 12 12 12 12 12 12 12 12 12 12 12 12 12 12 12 12 12 12 12 12 12 9 9 9 9 9 9 9 9 9 9 9 9 10 10 10 10 10 10 10 10 10 10 10 10 10 10 10 10 10 10 10 10 10 10 10 10 10 10 10 10 10 10 10 10 10 10 10 10 10 10 10 10 10 10 10 10 10 10 10 10 10 10 10 10 10 11 11 11 11 11 11 11 11 11 11 11 11 11 1 1 1 1 1
instanceKlass org/postgresql/util/ExpressionProperties
instanceKlass java/security/Provider
instanceKlass org/springframework/beans/factory/support/ManagedProperties
instanceKlass org/springframework/core/SortedProperties
ciInstanceKlass java/util/Properties 1 1 263 3 8 8 8 8 8 8 8 1 1 1 1 1 1 1 1 1 1 1 1 1 1 1 1 1 1 1 1 1 1 1 1 1 1 1 1 1 1 1 1 1 1 1 1 1 1 1 1 1 1 1 1 1 1 1 1 1 1 1 1 1 1 1 1 1 1 1 1 1 1 1 1 1 1 1 1 1 1 1 1 1 1 1 1 1 1 1 1 1 1 1 1 1 1 1 1 1 1 1 1 1 1 1 1 1 5 0 100 100 7 100 100 100 100 100 100 100 100 7 100 100 100 100 7 7 7 100 7 7 100 1 1 1 1 1 1 1 1 1 1 1 1 1 1 1 1 1 1 1 1 1 1 1 1 1 1 1 1 1 1 1 12 12 12 12 12 12 12 12 12 12 12 12 12 12 12 12 12 12 12 12 12 12 12 12 12 12 12 12 12 12 12 12 12 12 12 12 12 12 12 12 12 12 12 12 12 9 9 9 10 10 10 10 10 10 10 10 10 10 10 10 10 10 10 10 10 10 10 10 10 10 10 10 10 10 10 10 10 10 10 10 10 10 10 10 10 10 10 10 10 10 10 10 10 10 10 10 11 11 1 1 1
staticfield java/util/Properties hexDigit [C 16
instanceKlass java/lang/reflect/Executable
instanceKlass java/lang/reflect/Field
ciInstanceKlass java/lang/reflect/AccessibleObject 1 1 144 8 8 8 7 1 1 1 1 1 1 1 1 1 1 1 1 1 1 1 1 1 1 1 1 1 1 1 1 1 1 1 1 1 1 1 1 1 1 1 1 1 1 1 1 1 1 1 1 1 1 1 1 1 1 1 1 1 1 1 1 1 1 1 100 100 100 7 100 100 7 7 7 7 100 7 7 7 7 7 1 1 1 1 1 1 1 1 1 1 1 1 1 1 1 1 1 1 1 1 12 12 12 12 12 12 12 12 12 12 12 12 12 12 12 12 12 12 12 12 9 9 9 9 10 10 10 10 10 10 10 10 10 10 10 10 10 10 10 10 10 11 1 1
staticfield java/lang/reflect/AccessibleObject ACCESS_PERMISSION Ljava/security/Permission; java/lang/reflect/ReflectPermission
staticfield java/lang/reflect/AccessibleObject reflectionFactory Lsun/reflect/ReflectionFactory; sun/reflect/ReflectionFactory
ciInstanceKlass java/lang/reflect/Field 1 1 362 8 8 8 8 1 1 1 1 1 1 1 1 1 1 1 1 1 1 1 1 1 1 1 1 1 1 1 1 1 1 1 1 1 1 1 1 1 1 1 1 1 1 1 1 1 1 1 1 1 1 1 1 1 1 1 1 1 1 1 1 1 1 1 1 1 1 1 1 1 1 1 1 1 1 1 1 1 1 1 1 1 1 1 1 1 1 1 1 1 1 1 1 1 1 1 1 1 1 1 1 1 1 1 1 1 1 1 1 1 1 1 1 1 1 1 1 1 1 1 1 1 1 1 1 1 1 1 1 1 1 1 1 7 7 7 7 7 100 7 7 100 7 100 7 7 7 7 7 7 7 7 100 100 7 7 7 7 7 1 1 1 1 1 1 1 1 1 1 1 1 1 1 1 1 1 1 1 1 1 1 1 1 1 1 1 1 1 1 1 1 1 1 1 1 1 1 1 1 1 1 1 1 1 1 1 1 1 1 1 1 1 1 12 12 12 12 12 12 12 12 12 12 12 12 12 12 12 12 12 12 12 12 12 12 12 12 12 12 12 12 12 12 12 12 12 12 12 12 12 12 12 12 12 12 12 12 12 12 12 12 12 12 12 12 12 12 12 12 12 12 12 12 12 12 12 12 12 12 12 12 12 12 12 9 9 9 9 9 9 9 9 9 9 9 9 9 9 9 10 10 10 10 10 10 10 10 10 10 10 10 10 10 10 10 10 10 10 10 10 10 10 10 10 10 10 10 10 10 10 10 10 10 10 10 10 10 10 10 11 11 11 11 11 11 11 11 11 11 11 11 11 11 11 11 11 11 11 11 11 1 1
ciInstanceKlass java/lang/reflect/Parameter 1 1 210 8 8 8 8 1 1 1 1 1 1 1 1 1 1 1 1 1 1 1 1 1 1 1 1 1 1 1 1 1 1 1 1 1 1 1 1 1 1 1 1 1 1 1 1 1 1 1 1 1 1 1 1 1 1 1 1 1 1 1 1 1 1 1 1 1 1 1 1 1 1 1 1 1 1 1 1 1 1 1 1 1 1 1 100 7 7 7 100 100 100 7 100 7 100 7 7 7 100 1 1 1 1 1 1 1 1 1 1 1 1 1 1 1 1 1 1 1 1 1 1 1 1 1 1 1 1 12 12 12 12 12 12 12 12 12 12 12 12 12 12 12 12 12 12 12 12 12 12 12 12 12 12 12 12 12 12 12 12 12 12 12 12 12 12 12 9 9 9 9 9 9 9 10 10 10 10 10 10 10 10 10 10 10 10 10 10 10 10 10 10 10 10 10 10 10 10 10 10 10 10 10 10 10 10 11 11 11 11 1
instanceKlass java/lang/reflect/Constructor
instanceKlass java/lang/reflect/Method
ciInstanceKlass java/lang/reflect/Executable 1 1 378 3 8 8 8 8 8 8 8 8 8 8 8 8 8 8 1 1 1 1 1 1 1 1 1 1 1 1 1 1 1 1 1 1 1 1 1 1 1 1 1 1 1 1 1 1 1 1 1 1 1 1 1 1 1 1 1 1 1 1 1 1 1 1 1 1 1 1 1 1 1 1 1 1 1 1 1 1 1 1 1 1 1 1 1 1 1 1 1 1 1 1 1 1 1 1 1 1 1 1 1 1 1 1 1 1 1 1 1 1 1 1 1 1 1 1 1 1 1 1 1 1 1 1 1 1 1 1 1 1 1 1 1 1 1 1 1 1 1 1 1 1 1 1 1 1 1 1 1 1 1 1 100 7 100 100 7 100 7 100 100 7 7 7 7 7 7 100 100 100 7 7 7 100 7 7 7 7 7 100 100 7 7 7 1 1 1 1 1 1 1 1 1 1 1 1 1 1 1 1 1 1 1 1 1 1 1 1 1 1 1 1 1 1 1 1 1 1 1 1 1 1 1 1 1 1 1 1 1 1 1 1 1 1 1 12 12 12 12 12 12 12 12 12 12 12 12 12 12 12 12 12 12 12 12 12 12 12 12 12 12 12 12 12 12 12 12 12 12 12 12 12 12 12 12 12 12 12 12 12 12 12 12 12 12 12 12 12 12 12 12 12 12 12 12 12 12 12 12 12 12 12 12 9 9 9 9 9 9 9 10 10 10 10 10 10 10 10 10 10 10 10 10 10 10 10 10 10 10 10 10 10 10 10 10 10 10 10 10 10 10 10 10 10 10 10 10 10 10 10 10 10 10 10 10 10 10 10 10 10 10 10 10 10 10 10 10 10 10 10 10 10 10 11 11 11 1 1
ciInstanceKlass java/lang/reflect/Method 1 1 346 8 8 8 1 1 1 1 1 1 1 1 1 1 1 1 1 1 1 1 1 1 1 1 1 1 1 1 1 1 1 1 1 1 1 1 1 1 1 1 1 1 1 1 1 1 1 1 1 1 1 1 1 1 1 1 1 1 1 1 1 1 1 1 1 1 1 1 1 1 1 1 1 1 1 1 1 1 1 1 1 1 1 1 1 1 1 1 1 1 1 1 1 1 1 1 1 1 1 1 1 1 1 1 1 1 1 1 1 1 1 1 1 1 1 1 1 1 1 1 1 1 1 1 1 1 1 1 1 1 1 1 7 7 7 7 7 7 7 7 100 7 7 7 7 7 7 7 7 7 7 7 7 7 7 7 7 7 7 1 1 1 1 1 1 1 1 1 1 1 1 1 1 1 1 1 1 1 1 1 1 1 1 1 1 1 1 1 1 1 1 1 1 1 1 1 1 1 1 1 1 1 1 1 1 1 1 12 12 12 12 12 12 12 12 12 12 12 12 12 12 12 12 12 12 12 12 12 12 12 12 12 12 12 12 12 12 12 12 12 12 12 12 12 12 12 12 12 12 12 12 12 12 12 12 12 12 12 12 12 12 12 12 12 12 12 12 12 12 12 12 12 12 12 9 9 9 9 9 9 9 9 9 9 9 9 9 9 9 9 10 10 10 10 10 10 10 10 10 10 10 10 10 10 10 10 10 10 10 10 10 10 10 10 10 10 10 10 10 10 10 10 10 10 10 10 10 10 10 10 10 10 10 10 10 10 10 10 10 10 10 10 11 11 11 1
ciInstanceKlass java/lang/reflect/Constructor 1 1 330 8 8 8 1 1 1 1 1 1 1 1 1 1 1 1 1 1 1 1 1 1 1 1 1 1 1 1 1 1 1 1 1 1 1 1 1 1 1 1 1 1 1 1 1 1 1 1 1 1 1 1 1 1 1 1 1 1 1 1 1 1 1 1 1 1 1 1 1 1 1 1 1 1 1 1 1 1 1 1 1 1 1 1 1 1 1 1 1 1 1 1 1 1 1 1 1 1 1 1 1 1 1 1 1 1 1 1 1 1 1 1 1 1 1 1 1 1 1 1 1 1 1 1 1 1 1 1 1 1 7 7 7 100 100 100 7 100 100 7 7 100 100 7 100 100 7 7 7 100 100 100 7 7 7 1 1 1 1 1 1 1 1 1 1 1 1 1 1 1 1 1 1 1 1 1 1 1 1 1 1 1 1 1 1 1 1 1 1 1 1 1 1 1 1 1 1 1 1 1 1 1 1 12 12 12 12 12 12 12 12 12 12 12 12 12 12 12 12 12 12 12 12 12 12 12 12 12 12 12 12 12 12 12 12 12 12 12 12 12 12 12 12 12 12 12 12 12 12 12 12 12 12 12 12 12 12 12 12 12 12 12 12 12 12 9 9 9 9 9 9 9 9 9 9 9 9 9 9 10 10 10 10 10 10 10 10 10 10 10 10 10 10 10 10 10 10 10 10 10 10 10 10 10 10 10 10 10 10 10 10 10 10 10 10 10 10 10 10 10 10 10 10 10 10 10 11 11 1 1
instanceKlass sun/reflect/FieldAccessorImpl
instanceKlass sun/reflect/ConstructorAccessorImpl
instanceKlass sun/reflect/MethodAccessorImpl
ciInstanceKlass sun/reflect/MagicAccessorImpl 1 1 13 1 1 1 1 1 1 1 7 100 12 10 1
instanceKlass sun/reflect/GeneratedMethodAccessor65
instanceKlass sun/reflect/GeneratedMethodAccessor64
instanceKlass sun/reflect/GeneratedMethodAccessor63
instanceKlass sun/reflect/GeneratedMethodAccessor62
instanceKlass sun/reflect/GeneratedMethodAccessor61
instanceKlass sun/reflect/GeneratedMethodAccessor60
instanceKlass sun/reflect/GeneratedMethodAccessor59
instanceKlass sun/reflect/GeneratedMethodAccessor58
instanceKlass sun/reflect/GeneratedMethodAccessor57
instanceKlass sun/reflect/GeneratedMethodAccessor56
instanceKlass sun/reflect/GeneratedMethodAccessor55
instanceKlass sun/reflect/GeneratedMethodAccessor54
instanceKlass sun/reflect/GeneratedMethodAccessor53
instanceKlass sun/reflect/GeneratedMethodAccessor52
instanceKlass sun/reflect/GeneratedMethodAccessor51
instanceKlass sun/reflect/GeneratedMethodAccessor50
instanceKlass sun/reflect/GeneratedMethodAccessor49
instanceKlass sun/reflect/GeneratedMethodAccessor48
instanceKlass sun/reflect/GeneratedMethodAccessor47
instanceKlass sun/reflect/GeneratedMethodAccessor46
instanceKlass sun/reflect/GeneratedMethodAccessor45
instanceKlass sun/reflect/GeneratedMethodAccessor44
instanceKlass sun/reflect/GeneratedMethodAccessor43
instanceKlass sun/reflect/GeneratedMethodAccessor42
instanceKlass sun/reflect/GeneratedMethodAccessor41
instanceKlass sun/reflect/GeneratedMethodAccessor40
instanceKlass sun/reflect/GeneratedMethodAccessor39
instanceKlass sun/reflect/GeneratedMethodAccessor38
instanceKlass sun/reflect/GeneratedMethodAccessor37
instanceKlass sun/reflect/GeneratedMethodAccessor36
instanceKlass sun/reflect/GeneratedMethodAccessor35
instanceKlass sun/reflect/GeneratedMethodAccessor34
instanceKlass sun/reflect/GeneratedMethodAccessor33
instanceKlass sun/reflect/GeneratedMethodAccessor32
instanceKlass sun/reflect/GeneratedMethodAccessor31
instanceKlass sun/reflect/GeneratedMethodAccessor30
instanceKlass sun/reflect/GeneratedMethodAccessor29
instanceKlass sun/reflect/GeneratedMethodAccessor28
instanceKlass sun/reflect/GeneratedMethodAccessor27
instanceKlass sun/reflect/GeneratedMethodAccessor26
instanceKlass sun/reflect/GeneratedMethodAccessor25
instanceKlass sun/reflect/GeneratedMethodAccessor24
instanceKlass sun/reflect/GeneratedMethodAccessor23
instanceKlass sun/reflect/GeneratedMethodAccessor22
instanceKlass sun/reflect/GeneratedMethodAccessor21
instanceKlass sun/reflect/GeneratedMethodAccessor20
instanceKlass sun/reflect/GeneratedMethodAccessor19
instanceKlass sun/reflect/GeneratedMethodAccessor18
instanceKlass sun/reflect/GeneratedMethodAccessor17
instanceKlass sun/reflect/GeneratedMethodAccessor16
instanceKlass sun/reflect/GeneratedMethodAccessor15
instanceKlass sun/reflect/GeneratedMethodAccessor14
instanceKlass sun/reflect/GeneratedMethodAccessor13
instanceKlass sun/reflect/GeneratedMethodAccessor12
instanceKlass sun/reflect/GeneratedMethodAccessor11
instanceKlass sun/reflect/GeneratedMethodAccessor10
instanceKlass sun/reflect/GeneratedMethodAccessor9
instanceKlass sun/reflect/GeneratedMethodAccessor8
instanceKlass sun/reflect/GeneratedMethodAccessor7
instanceKlass sun/reflect/GeneratedMethodAccessor6
instanceKlass sun/reflect/GeneratedMethodAccessor5
instanceKlass sun/reflect/GeneratedMethodAccessor4
instanceKlass sun/reflect/GeneratedMethodAccessor3
instanceKlass sun/reflect/GeneratedMethodAccessor2
instanceKlass sun/reflect/GeneratedMethodAccessor1
instanceKlass sun/reflect/DelegatingMethodAccessorImpl
instanceKlass sun/reflect/NativeMethodAccessorImpl
ciInstanceKlass sun/reflect/MethodAccessorImpl 1 1 22 1 1 1 1 1 1 1 1 1 1 1 1 1 100 100 7 100 100 12 10 1
instanceKlass sun/reflect/GeneratedConstructorAccessor54
instanceKlass sun/reflect/GeneratedConstructorAccessor53
instanceKlass sun/reflect/GeneratedConstructorAccessor52
instanceKlass sun/reflect/GeneratedConstructorAccessor51
instanceKlass sun/reflect/GeneratedConstructorAccessor50
instanceKlass sun/reflect/GeneratedConstructorAccessor49
instanceKlass sun/reflect/SerializationConstructorAccessorImpl
instanceKlass sun/reflect/GeneratedConstructorAccessor48
instanceKlass sun/reflect/GeneratedConstructorAccessor47
instanceKlass sun/reflect/GeneratedConstructorAccessor46
instanceKlass sun/reflect/GeneratedConstructorAccessor45
instanceKlass sun/reflect/GeneratedConstructorAccessor44
instanceKlass sun/reflect/GeneratedConstructorAccessor43
instanceKlass sun/reflect/GeneratedConstructorAccessor42
instanceKlass sun/reflect/GeneratedConstructorAccessor41
instanceKlass sun/reflect/GeneratedConstructorAccessor40
instanceKlass sun/reflect/GeneratedConstructorAccessor39
instanceKlass sun/reflect/GeneratedConstructorAccessor38
instanceKlass sun/reflect/GeneratedConstructorAccessor37
instanceKlass sun/reflect/GeneratedConstructorAccessor36
instanceKlass sun/reflect/GeneratedConstructorAccessor35
instanceKlass sun/reflect/GeneratedConstructorAccessor34
instanceKlass sun/reflect/GeneratedConstructorAccessor33
instanceKlass sun/reflect/GeneratedConstructorAccessor32
instanceKlass sun/reflect/GeneratedConstructorAccessor31
instanceKlass sun/reflect/GeneratedConstructorAccessor30
instanceKlass sun/reflect/GeneratedConstructorAccessor29
instanceKlass sun/reflect/GeneratedConstructorAccessor28
instanceKlass sun/reflect/GeneratedConstructorAccessor27
instanceKlass sun/reflect/GeneratedConstructorAccessor26
instanceKlass sun/reflect/GeneratedConstructorAccessor25
instanceKlass sun/reflect/GeneratedConstructorAccessor24
instanceKlass sun/reflect/GeneratedConstructorAccessor23
instanceKlass sun/reflect/GeneratedConstructorAccessor22
instanceKlass sun/reflect/GeneratedConstructorAccessor21
instanceKlass sun/reflect/GeneratedConstructorAccessor20
instanceKlass sun/reflect/GeneratedConstructorAccessor19
instanceKlass sun/reflect/GeneratedConstructorAccessor18
instanceKlass sun/reflect/GeneratedConstructorAccessor17
instanceKlass sun/reflect/GeneratedConstructorAccessor16
instanceKlass sun/reflect/GeneratedConstructorAccessor15
instanceKlass sun/reflect/GeneratedConstructorAccessor14
instanceKlass sun/reflect/GeneratedConstructorAccessor13
instanceKlass sun/reflect/GeneratedConstructorAccessor12
instanceKlass sun/reflect/GeneratedConstructorAccessor11
instanceKlass sun/reflect/GeneratedConstructorAccessor10
instanceKlass sun/reflect/GeneratedConstructorAccessor9
instanceKlass sun/reflect/GeneratedConstructorAccessor8
instanceKlass sun/reflect/GeneratedConstructorAccessor7
instanceKlass sun/reflect/GeneratedConstructorAccessor6
instanceKlass sun/reflect/GeneratedConstructorAccessor5
instanceKlass sun/reflect/GeneratedConstructorAccessor4
instanceKlass sun/reflect/GeneratedConstructorAccessor3
instanceKlass sun/reflect/GeneratedConstructorAccessor2
instanceKlass sun/reflect/BootstrapConstructorAccessorImpl
instanceKlass sun/reflect/GeneratedConstructorAccessor1
instanceKlass sun/reflect/DelegatingConstructorAccessorImpl
instanceKlass sun/reflect/NativeConstructorAccessorImpl
ciInstanceKlass sun/reflect/ConstructorAccessorImpl 1 1 24 1 1 1 1 1 1 1 1 1 1 1 1 1 1 100 100 100 100 100 7 12 10 1
ciInstanceKlass sun/reflect/DelegatingClassLoader 1 1 13 1 1 1 1 1 1 1 7 100 1 12 10
ciInstanceKlass sun/reflect/ConstantPool 1 1 106 8 7 1 1 1 1 1 1 1 1 1 1 1 1 1 1 1 1 1 1 1 1 1 1 1 1 1 1 1 1 1 1 1 1 1 1 1 1 1 1 1 1 1 1 1 1 1 1 1 1 100 7 7 1 1 1 1 1 1 1 1 1 1 1 1 1 1 1 1 1 12 12 12 12 12 12 12 12 12 12 12 12 12 12 12 12 12 9 10 10 10 10 10 10 10 10 10 10 10 10 10 10 10 10 1
instanceKlass sun/reflect/UnsafeFieldAccessorImpl
ciInstanceKlass sun/reflect/FieldAccessorImpl 1 1 56 1 1 1 1 1 1 1 1 1 1 1 1 1 1 1 1 1 1 1 1 1 1 1 1 1 1 1 1 1 1 1 1 1 1 100 100 100 100 7 1 1 1 1 1 1 1 1 1 1 1 1 1 12 10 1
instanceKlass sun/reflect/UnsafeQualifiedFieldAccessorImpl
instanceKlass sun/reflect/UnsafeIntegerFieldAccessorImpl
instanceKlass sun/reflect/UnsafeObjectFieldAccessorImpl
instanceKlass sun/reflect/UnsafeStaticFieldAccessorImpl
ciInstanceKlass sun/reflect/UnsafeFieldAccessorImpl 1 1 229 8 8 8 8 8 8 8 8 8 8 8 8 8 8 8 8 8 8 8 8 8 8 1 1 1 1 1 1 1 1 1 1 1 1 1 1 1 1 1 1 1 1 1 1 1 1 1 1 1 1 1 1 1 1 1 1 1 1 1 1 1 1 1 1 1 1 1 1 1 1 1 1 1 1 1 1 1 1 1 1 1 1 1 1 1 1 1 1 1 1 1 1 1 1 1 1 1 1 1 1 1 1 1 1 1 1 1 1 1 1 1 1 1 1 1 1 1 1 1 100 100 100 7 100 100 100 100 100 100 7 100 100 100 7 7 7 7 7 1 1 1 1 1 1 1 1 1 1 1 1 1 1 1 1 1 1 12 12 12 12 12 12 12 12 12 12 12 12 12 12 12 12 12 12 12 12 12 12 12 12 12 12 12 12 12 12 12 12 12 12 9 9 9 9 10 10 10 10 10 10 10 10 10 10 10 10 10 10 10 10 10 10 10 10 10 10 10 10 10 10 10 10 10 10 10 10 10 1
staticfield sun/reflect/UnsafeFieldAccessorImpl unsafe Lsun/misc/Unsafe; sun/misc/Unsafe
instanceKlass sun/reflect/UnsafeQualifiedStaticFieldAccessorImpl
instanceKlass sun/reflect/UnsafeStaticObjectFieldAccessorImpl
ciInstanceKlass sun/reflect/UnsafeStaticFieldAccessorImpl 1 1 38 8 7 1 1 1 1 1 1 1 1 1 1 1 1 1 1 1 1 7 7 7 7 1 1 1 1 12 12 12 12 12 9 9 10 10 10 1
ciInstanceKlass sun/reflect/CallerSensitive 1 1 17 1 1 1 1 1 1 1 1 100 100 100 1 1 1 1 1
instanceKlass java/lang/invoke/DelegatingMethodHandle
instanceKlass java/lang/invoke/BoundMethodHandle
instanceKlass java/lang/invoke/DirectMethodHandle
ciInstanceKlass java/lang/invoke/MethodHandle 1 1 438 8 8 8 8 8 8 8 8 8 8 8 8 8 7 1 1 1 1 1 1 1 1 1 1 1 1 1 1 1 1 1 1 1 1 1 1 1 1 1 1 1 1 1 1 1 1 1 1 1 1 1 1 1 1 1 1 1 1 1 1 1 1 1 1 1 1 1 1 1 1 1 1 1 1 1 1 1 1 1 1 1 1 1 1 1 1 1 1 1 1 1 1 1 1 1 1 1 1 1 1 1 1 1 1 1 1 1 1 1 1 1 1 1 1 1 1 1 1 1 1 1 1 1 1 1 1 1 1 1 1 1 1 1 1 1 1 1 1 1 1 1 1 1 1 1 1 1 1 1 1 1 1 1 1 1 1 1 1 1 1 1 1 1 1 1 1 1 1 1 1 1 100 7 100 100 100 100 7 100 100 100 7 100 100 7 7 7 100 7 7 7 7 100 100 100 7 1 1 1 1 1 1 1 1 1 1 1 1 1 1 1 1 1 1 1 1 1 1 1 1 1 1 1 1 1 1 1 1 1 1 1 1 1 1 1 1 1 1 1 1 1 1 1 1 1 1 1 1 1 1 1 1 1 1 1 1 1 1 1 1 1 1 1 12 12 12 12 12 12 12 12 12 12 12 12 12 12 12 12 12 12 12 12 12 12 12 12 12 12 12 12 12 12 12 12 12 12 12 12 12 12 12 12 12 12 12 12 12 12 12 12 12 12 12 12 12 12 12 12 12 12 12 12 12 12 12 12 12 12 12 12 12 12 12 12 12 12 12 12 12 12 12 12 12 12 12 9 9 9 9 9 9 9 9 9 9 9 9 10 10 10 10 10 10 10 10 10 10 10 10 10 10 10 10 10 10 10 10 10 10 10 10 10 10 10 10 10 10 10 10 10 10 10 10 10 10 10 10 10 10 10 10 10 10 10 10 10 10 10 10 10 10 10 10 10 10 10 10 10 10 10 10 10 10 10 10 10 10 10 10 10 10 10 11 1 1 1
staticfield java/lang/invoke/MethodHandle FORM_OFFSET J 20
staticfield java/lang/invoke/MethodHandle $assertionsDisabled Z 1
instanceKlass java/lang/invoke/DirectMethodHandle$Constructor
instanceKlass java/lang/invoke/DirectMethodHandle$Special
instanceKlass java/lang/invoke/DirectMethodHandle$Accessor
instanceKlass java/lang/invoke/DirectMethodHandle$Interface
ciInstanceKlass java/lang/invoke/DirectMethodHandle 1 1 701 8 8 8 8 8 8 8 8 8 8 8 8 8 8 8 8 8 8 8 8 8 7 7 7 7 7 7 7 7 7 7 7 1 1 1 1 1 1 1 1 1 1 1 1 1 1 1 1 1 1 1 1 1 1 1 1 1 1 1 1 1 1 1 1 1 1 1 1 1 1 1 1 1 1 1 1 1 1 1 1 1 1 1 1 1 1 1 1 1 1 1 1 1 1 1 1 1 1 1 1 1 1 1 1 1 1 1 1 1 1 1 1 1 1 1 1 1 1 1 1 1 1 1 1 1 1 1 1 1 1 1 1 1 1 1 1 1 1 1 1 1 1 1 1 1 1 1 1 1 1 1 1 1 1 1 1 1 1 1 1 1 1 1 1 1 1 1 1 1 1 1 1 1 1 1 1 1 1 1 1 1 1 1 1 1 1 1 1 1 1 1 1 1 1 1 1 1 1 1 1 1 1 1 1 1 1 1 1 1 1 1 1 1 1 1 1 1 1 1 1 1 1 1 1 1 1 1 1 1 1 1 1 1 1 1 1 1 1 1 1 1 1 1 1 1 1 1 1 1 1 1 1 1 1 1 1 1 1 1 1 1 1 1 100 100 7 7 7 100 7 100 7 7 100 7 7 100 7 7 7 7 7 7 100 7 7 100 7 7 100 7 7 7 100 100 100 7 7 7 7 1 1 1 1 1 1 1 1 1 1 1 1 1 1 1 1 1 1 1 1 1 1 1 1 1 1 1 1 1 1 1 1 1 1 1 1 1 1 1 1 1 1 1 1 1 1 1 1 1 1 1 1 1 1 1 1 1 1 1 1 1 1 1 1 1 1 1 1 1 1 1 1 1 1 1 1 1 1 1 12 12 12 12 12 12 12 12 12 12 12 12 12 12 12 12 12 12 12 12 12 12 12 12 12 12 12 12 12 12 12 12 12 12 12 12 12 12 12 12 12 12 12 12 12 12 12 12 12 12 12 12 12 12 12 12 12 12 12 12 12 12 12 12 12 12 12 12 12 12 12 12 12 12 12 12 12 12 12 12 12 12 12 12 12 12 12 12 12 12 12 12 12 12 12 12 12 12 12 12 12 12 12 12 12 12 12 12 12 12 12 12 12 12 12 12 12 12 12 12 12 12 12 12 12 12 12 12 12 12 12 12 12 12 12 12 12 12 12 12 12 12 12 12 12 12 12 12 12 12 12 12 9 9 9 9 9 9 9 9 9 9 9 9 9 9 9 9 9 9 9 9 9 9 9 9 9 9 9 9 9 9 9 9 9 9 9 9 10 10 10 10 10 10 10 10 10 10 10 10 10 10 10 10 10 10 10 10 10 10 10 10 10 10 10 10 10 10 10 10 10 10 10 10 10 10 10 10 10 10 10 10 10 10 10 10 10 10 10 10 10 10 10 10 10 10 10 10 10 10 10 10 10 10 10 10 10 10 10 10 10 10 10 10 10 10 10 10 10 10 10 10 10 10 10 10 10 10 10 10 10 10 10 10 10 10 10 10 10 10 10 10 10 10 10 10 10 10 10 10 10 10 10 10 10 10 10 10 10 10 10 1 1 1 1 1 1 1 1 1 1
staticfield java/lang/invoke/DirectMethodHandle IMPL_NAMES Ljava/lang/invoke/MemberName$Factory; java/lang/invoke/MemberName$Factory
staticfield java/lang/invoke/DirectMethodHandle ACCESSOR_FORMS [Ljava/lang/invoke/LambdaForm; 132 [Ljava/lang/invoke/LambdaForm;
staticfield java/lang/invoke/DirectMethodHandle $assertionsDisabled Z 1
ciInstanceKlass java/lang/invoke/MemberName 1 1 642 3 3 3 3 3 3 3 3 3 3 3 8 8 8 8 8 8 8 8 8 8 8 8 8 8 8 8 8 8 8 8 8 8 8 8 8 8 8 8 8 8 8 7 7 7 100 1 1 1 1 1 1 1 1 1 1 1 1 1 1 1 1 1 1 1 1 1 1 1 1 1 1 1 1 1 1 1 1 1 1 1 1 1 1 1 1 1 1 1 1 1 1 1 1 1 1 1 1 1 1 1 1 1 1 1 1 1 1 1 1 1 1 1 1 1 1 1 1 1 1 1 1 1 1 1 1 1 1 1 1 1 1 1 1 1 1 1 1 1 1 1 1 1 1 1 1 1 1 1 1 1 1 1 1 1 1 1 1 1 1 1 1 1 1 1 1 1 1 1 1 1 1 1 1 1 1 1 1 1 1 1 1 1 1 1 1 1 1 1 1 1 1 1 1 1 1 1 1 1 1 1 1 1 1 1 1 1 1 1 1 1 1 1 1 1 1 1 1 1 1 1 1 1 1 1 1 1 1 1 1 1 1 1 1 1 1 1 1 1 1 1 1 1 1 1 1 1 1 1 1 1 1 1 1 1 1 1 1 1 1 1 1 1 1 1 1 1 1 1 1 1 1 1 1 1 1 1 3 3 3 3 3 3 3 3 7 7 100 100 100 7 7 100 100 100 100 100 100 100 100 100 7 100 7 7 7 7 7 100 7 7 100 100 100 100 7 100 100 100 7 7 7 100 7 1 1 1 1 1 1 1 1 1 1 1 1 1 1 1 1 1 1 1 1 1 1 1 1 1 1 1 1 1 1 1 1 1 1 1 1 1 1 1 1 1 1 1 1 1 1 1 1 1 1 1 1 1 1 1 1 1 1 1 1 1 1 1 1 12 12 12 12 12 12 12 12 12 12 12 12 12 12 12 12 12 12 12 12 12 12 12 12 12 12 12 12 12 12 12 12 12 12 12 12 12 12 12 12 12 12 12 12 12 12 12 12 12 12 12 12 12 12 12 12 12 12 12 12 12 12 12 12 12 12 12 12 12 12 12 12 12 12 12 12 12 12 12 12 12 12 12 12 12 12 12 12 12 12 12 12 12 12 12 12 12 12 12 12 12 12 12 12 12 12 12 12 12 12 12 12 12 9 9 9 9 9 9 9 9 9 9 10 10 10 10 10 10 10 10 10 10 10 10 10 10 10 10 10 10 10 10 10 10 10 10 10 10 10 10 10 10 10 10 10 10 10 10 10 10 10 10 10 10 10 10 10 10 10 10 10 10 10 10 10 10 10 10 10 10 10 10 10 10 10 10 10 10 10 10 10 10 10 10 10 10 10 10 10 10 10 10 10 10 10 10 10 10 10 10 10 10 10 10 10 10 10 10 10 10 10 10 10 10 10 10 10 10 10 10 10 10 10 10 10 10 10 10 10 10 10 10 10 10 10 10 10 10 1 1 1 1
staticfield java/lang/invoke/MemberName $assertionsDisabled Z 1
ciInstanceKlass java/lang/invoke/MethodHandleNatives 1 1 427 8 8 8 8 8 8 8 8 8 8 8 8 8 8 8 8 8 8 8 8 8 8 8 8 8 8 8 8 100 100 7 7 100 1 1 1 1 1 1 1 1 1 1 1 1 1 1 1 1 1 1 1 1 1 1 1 1 1 1 1 1 1 1 1 1 1 1 1 1 1 1 1 1 1 1 1 1 1 1 1 1 1 1 1 1 1 1 1 1 1 1 1 1 1 1 1 1 1 1 1 1 1 1 1 1 1 1 1 1 1 1 1 1 1 1 1 1 1 1 1 1 1 1 1 1 1 1 1 1 1 1 1 1 1 1 1 1 1 1 1 1 1 1 1 1 1 1 1 1 1 1 1 1 1 1 1 1 1 1 1 1 1 1 1 1 1 1 1 1 1 1 1 1 1 1 1 1 1 1 1 1 1 1 1 1 1 1 1 1 1 1 1 1 1 1 1 1 1 1 1 100 100 100 100 7 100 100 100 100 100 100 100 100 100 100 100 100 100 7 100 7 100 100 100 7 7 7 7 7 7 100 7 7 100 100 1 1 1 1 1 1 1 1 1 1 1 1 1 1 1 1 1 1 1 1 1 1 1 1 1 1 1 1 1 1 1 1 1 1 1 1 1 1 1 1 1 1 1 1 1 1 1 12 12 12 12 12 12 12 12 12 12 12 12 12 12 12 12 12 12 12 12 12 12 12 12 12 12 12 12 12 12 12 12 12 12 12 12 12 12 12 12 12 12 12 12 12 12 12 12 12 12 12 12 12 12 12 12 12 12 12 12 12 12 12 12 9 9 9 9 9 9 10 10 10 10 10 10 10 10 10 10 10 10 10 10 10 10 10 10 10 10 10 10 10 10 10 10 10 10 10 10 10 10 10 10 10 10 10 10 10 10 10 10 10 10 10 10 10 10 10 10 10 10 10 10 10 10 10 10 10 10 10 10 10 10 10 10 10 10 10 10 10 1 1 1
staticfield java/lang/invoke/MethodHandleNatives COUNT_GWT Z 1
staticfield java/lang/invoke/MethodHandleNatives $assertionsDisabled Z 1
ciInstanceKlass java/lang/invoke/LambdaForm 1 1 967 8 8 8 8 8 8 8 8 8 8 8 8 8 8 8 8 8 8 8 8 8 8 8 8 8 8 8 8 8 8 8 8 8 8 8 8 8 8 8 8 8 8 8 8 8 8 8 8 8 8 8 8 8 8 100 7 7 1 1 1 1 1 1 1 1 1 1 1 1 1 1 1 1 1 1 1 1 1 1 1 1 1 1 1 1 1 1 1 1 1 1 1 1 1 1 1 1 1 1 1 1 1 1 1 1 1 1 1 1 1 1 1 1 1 1 1 1 1 1 1 1 1 1 1 1 1 1 1 1 1 1 1 1 1 1 1 1 1 1 1 1 1 1 1 1 1 1 1 1 1 1 1 1 1 1 1 1 1 1 1 1 1 1 1 1 1 1 1 1 1 1 1 1 1 1 1 1 1 1 1 1 1 1 1 1 1 1 1 1 1 1 1 1 1 1 1 1 1 1 1 1 1 1 1 1 1 1 1 1 1 1 1 1 1 1 1 1 1 1 1 1 1 1 1 1 1 1 1 1 1 1 1 1 1 1 1 1 1 1 1 1 1 1 1 1 1 1 1 1 1 1 1 1 1 1 1 1 1 1 1 1 1 1 1 1 1 1 1 1 1 1 1 1 1 1 1 1 1 1 1 1 1 1 1 1 1 1 1 1 1 1 1 1 1 1 1 1 1 1 1 1 1 1 1 1 1 1 1 1 1 1 1 1 1 1 1 1 1 1 1 1 1 1 1 1 1 1 1 1 1 1 1 1 1 1 1 1 1 1 1 1 1 1 1 1 1 1 1 1 1 1 1 1 1 1 1 1 1 1 1 1 1 1 1 1 1 1 1 1 1 1 1 1 1 1 1 1 1 1 1 1 1 1 1 1 1 1 1 1 1 1 1 1 1 1 1 1 3 3 3 3 8 100 100 100 100 7 7 100 100 100 7 100 100 100 100 100 100 100 100 7 7 7 100 7 7 100 100 100 7 100 7 100 100 7 7 7 7 7 100 100 7 7 7 7 100 100 7 7 7 1 1 1 1 1 1 1 1 1 1 1 1 1 1 1 1 1 1 1 1 1 1 1 1 1 1 1 1 1 1 1 1 1 1 1 1 1 1 1 1 1 1 1 1 1 1 1 1 1 1 1 1 1 1 1 1 1 1 1 1 1 1 1 1 1 1 1 1 1 1 1 1 1 1 1 1 1 1 1 1 1 1 1 1 1 1 1 1 1 1 1 1 1 1 1 1 1 1 1 1 1 1 1 1 1 1 1 1 1 1 1 1 1 1 12 12 12 12 12 12 12 12 12 12 12 12 12 12 12 12 12 12 12 12 12 12 12 12 12 12 12 12 12 12 12 12 12 12 12 12 12 12 12 12 12 12 12 12 12 12 12 12 12 12 12 12 12 12 12 12 12 12 12 12 12 12 12 12 12 12 12 12 12 12 12 12 12 12 12 12 12 12 12 12 12 12 12 12 12 12 12 12 12 12 12 12 12 12 12 12 12 12 12 12 12 12 12 12 12 12 12 12 12 12 12 12 12 12 12 12 12 12 12 12 12 12 12 12 12 12 12 12 12 12 12 12 12 12 12 12 12 12 12 12 12 12 12 12 12 12 12 12 12 12 12 12 12 12 12 12 12 12 12 12 12 12 12 12 12 12 12 12 12 12 12 12 12 12 12 12 12 12 12 12 12 12 12 12 12 12 12 12 12 12 12 9 9 9 9 9 9 9 9 9 9 9 9 9 9 9 9 9 9 9 9 9 9 9 9 9 9 9 9 9 9 9 9 9 9 9 9 9 9 9 9 10 10 10 10 10 10 10 10 10 10 10 10 10 10 10 10 10 10 10 10 10 10 10 10 10 10 10 10 10 10 10 10 10 10 10 10 10 10 10 10 10 10 10 10 10 10 10 10 10 10 10 10 10 10 10 10 10 10 10 10 10 10 10 10 10 10 10 10 10 10 10 10 10 10 10 10 10 10 10 10 10 10 10 10 10 10 10 10 10 10 10 10 10 10 10 10 10 10 10 10 10 10 10 10 10 10 10 10 10 10 10 10 10 10 10 10 10 10 10 10 10 10 10 10 10 10 10 10 10 10 10 10 10 10 10 10 10 10 10 10 10 10 10 10 10 10 10 10 10 10 10 10 10 10 10 10 10 10 10 10 11 11 11 11 11 1 1 1 1 1 1
staticfield java/lang/invoke/LambdaForm COMPILE_THRESHOLD I 0
staticfield java/lang/invoke/LambdaForm INTERNED_ARGUMENTS [[Ljava/lang/invoke/LambdaForm$Name; 5 [[Ljava/lang/invoke/LambdaForm$Name;
staticfield java/lang/invoke/LambdaForm IMPL_NAMES Ljava/lang/invoke/MemberName$Factory; java/lang/invoke/MemberName$Factory
staticfield java/lang/invoke/LambdaForm LF_identityForm [Ljava/lang/invoke/LambdaForm; 6 [Ljava/lang/invoke/LambdaForm;
staticfield java/lang/invoke/LambdaForm LF_zeroForm [Ljava/lang/invoke/LambdaForm; 6 [Ljava/lang/invoke/LambdaForm;
staticfield java/lang/invoke/LambdaForm NF_identity [Ljava/lang/invoke/LambdaForm$NamedFunction; 6 [Ljava/lang/invoke/LambdaForm$NamedFunction;
staticfield java/lang/invoke/LambdaForm NF_zero [Ljava/lang/invoke/LambdaForm$NamedFunction; 6 [Ljava/lang/invoke/LambdaForm$NamedFunction;
staticfield java/lang/invoke/LambdaForm DEBUG_NAME_COUNTERS Ljava/util/HashMap; null
staticfield java/lang/invoke/LambdaForm TRACE_INTERPRETER Z 0
staticfield java/lang/invoke/LambdaForm $assertionsDisabled Z 1
ciInstanceKlass java/lang/invoke/MethodType 1 1 593 8 8 8 8 8 8 8 8 8 8 8 8 7 7 7 7 1 1 1 1 1 1 1 1 1 1 1 1 1 1 1 1 1 1 1 1 1 1 1 1 1 1 1 1 1 1 1 1 1 1 1 1 1 1 1 1 1 1 1 1 1 1 1 1 1 1 1 1 1 1 1 1 1 1 1 1 1 1 1 1 1 1 1 1 1 1 1 1 1 1 1 1 1 1 1 1 1 1 1 1 1 1 1 1 1 1 1 1 1 1 1 1 1 1 1 1 1 1 1 1 1 1 1 1 1 1 1 1 1 1 1 1 1 1 1 1 1 1 1 1 1 1 1 1 1 1 1 1 1 1 1 1 1 1 1 1 1 1 1 1 1 1 1 1 1 1 1 1 1 1 1 1 1 1 1 1 1 1 1 1 1 1 1 1 1 1 1 1 1 1 1 1 1 1 1 1 1 1 1 1 1 1 1 1 1 1 1 1 1 1 1 1 1 1 1 3 3 3 5 0 7 100 100 100 7 100 100 7 100 7 100 100 100 100 100 7 7 7 7 100 100 7 7 7 7 7 7 7 7 7 7 100 100 7 1 1 1 1 1 1 1 1 1 1 1 1 1 1 1 1 1 1 1 1 1 1 1 1 1 1 1 1 1 1 1 1 1 1 1 1 1 1 1 1 1 1 1 1 1 1 1 1 1 1 1 1 1 1 1 1 1 1 1 1 1 1 1 1 1 1 1 1 1 1 1 1 1 1 1 1 1 1 1 1 1 1 1 1 1 1 1 1 1 1 1 1 1 1 1 1 1 1 1 1 1 1 1 1 12 12 12 12 12 12 12 12 12 12 12 12 12 12 12 12 12 12 12 12 12 12 12 12 12 12 12 12 12 12 12 12 12 12 12 12 12 12 12 12 12 12 12 12 12 12 12 12 12 12 12 12 12 12 12 12 12 12 12 12 12 12 12 12 12 12 12 12 12 12 12 12 12 12 12 12 12 12 12 12 12 12 12 12 12 12 12 12 12 12 12 12 12 12 12 12 12 12 12 12 12 12 12 12 12 12 12 12 12 12 12 12 9 9 9 9 9 9 9 9 9 9 9 9 9 9 9 9 9 9 10 10 10 10 10 10 10 10 10 10 10 10 10 10 10 10 10 10 10 10 10 10 10 10 10 10 10 10 10 10 10 10 10 10 10 10 10 10 10 10 10 10 10 10 10 10 10 10 10 10 10 10 10 10 10 10 10 10 10 10 10 10 10 10 10 10 10 10 10 10 10 10 10 10 10 10 10 10 10 10 10 10 10 10 10 10 10 10 10 10 10 10 10 10 10 10 10 10 11 11 11 11 1 1
staticfield java/lang/invoke/MethodType internTable Ljava/lang/invoke/MethodType$ConcurrentWeakInternSet; java/lang/invoke/MethodType$ConcurrentWeakInternSet
staticfield java/lang/invoke/MethodType NO_PTYPES [Ljava/lang/Class; 0 [Ljava/lang/Class;
staticfield java/lang/invoke/MethodType objectOnlyTypes [Ljava/lang/invoke/MethodType; 20 [Ljava/lang/invoke/MethodType;
staticfield java/lang/invoke/MethodType serialPersistentFields [Ljava/io/ObjectStreamField; 0 [Ljava/io/ObjectStreamField;
staticfield java/lang/invoke/MethodType rtypeOffset J 12
staticfield java/lang/invoke/MethodType ptypesOffset J 16
staticfield java/lang/invoke/MethodType $assertionsDisabled Z 1
ciInstanceKlass java/lang/BootstrapMethodError 0 0 38 1 1 1 1 1 1 1 1 1 1 1 1 1 1 1 1 1 1 5 0 100 100 100 100 1 1 12 12 12 12 12 10 10 10 10 10 1
instanceKlass java/lang/invoke/VolatileCallSite
instanceKlass java/lang/invoke/MutableCallSite
instanceKlass java/lang/invoke/ConstantCallSite
ciInstanceKlass java/lang/invoke/CallSite 1 1 311 8 8 8 8 8 8 8 8 7 7 7 7 1 1 1 1 1 1 1 1 1 1 1 1 1 1 1 1 1 1 1 1 1 1 1 1 1 1 1 1 1 1 1 1 1 1 1 1 1 1 1 1 1 1 1 1 1 1 1 1 1 1 1 1 1 1 1 1 1 1 1 1 1 1 1 1 1 1 1 1 1 1 1 1 1 1 1 1 1 1 1 1 1 1 1 1 1 1 1 1 1 1 1 1 1 1 1 1 1 1 1 1 1 1 1 1 1 1 100 7 100 100 100 100 7 100 100 100 100 100 100 7 100 7 100 7 7 100 100 7 1 1 1 1 1 1 1 1 1 1 1 1 1 1 1 1 1 1 1 1 1 1 1 1 1 1 1 1 1 1 1 1 1 1 1 1 1 1 1 1 1 1 1 12 12 12 12 12 12 12 12 12 12 12 12 12 12 12 12 12 12 12 12 12 12 12 12 12 12 12 12 12 12 12 12 12 12 12 12 12 12 12 12 12 12 12 12 12 12 12 12 12 12 12 12 12 12 12 12 12 12 12 12 9 9 9 9 9 9 10 10 10 10 10 10 10 10 10 10 10 10 10 10 10 10 10 10 10 10 10 10 10 10 10 10 10 10 10 10 10 10 10 10 10 10 10 10 10 10 10 10 10 10 10 10 10 10 10 10 10 10 10 10 10 10 10 10 10 1 1
staticfield java/lang/invoke/CallSite GET_TARGET Ljava/lang/invoke/MethodHandle; java/lang/invoke/DirectMethodHandle
staticfield java/lang/invoke/CallSite THROW_UCS Ljava/lang/invoke/MethodHandle; java/lang/invoke/MethodHandleImpl$AsVarargsCollector
staticfield java/lang/invoke/CallSite TARGET_OFFSET J 12
ciInstanceKlass java/lang/invoke/ConstantCallSite 1 1 42 1 1 1 1 1 1 1 1 1 1 1 1 1 1 1 1 1 1 1 1 100 100 100 7 7 1 1 12 12 12 12 12 12 9 9 10 10 10 10 10 1
ciInstanceKlass java/lang/invoke/MutableCallSite 0 0 57 1 1 1 1 1 1 1 1 1 1 1 1 1 1 1 1 1 1 1 1 1 1 1 1 1 100 100 100 100 1 1 1 1 1 1 12 12 12 12 12 12 12 12 12 12 9 9 10 10 10 10 10 10 10 10 1
ciInstanceKlass java/lang/invoke/VolatileCallSite 0 0 33 1 1 1 1 1 1 1 1 1 1 1 1 1 1 100 100 1 1 1 12 12 12 12 12 12 10 10 10 10 10 10 1
instanceKlass java/lang/StringBuilder
instanceKlass java/lang/StringBuffer
ciInstanceKlass java/lang/AbstractStringBuilder 1 1 318 3 3 3 8 8 8 8 8 8 8 8 8 8 8 8 8 1 1 1 1 1 1 1 1 1 1 1 1 1 1 1 1 1 1 1 1 1 1 1 1 1 1 1 1 1 1 1 1 1 1 1 1 1 1 1 1 1 1 1 1 1 1 1 1 1 1 1 1 1 1 1 1 1 1 1 1 1 1 1 1 1 1 1 1 1 1 1 1 1 1 1 1 1 1 1 1 1 1 1 1 1 1 1 1 1 1 1 1 1 1 1 1 1 1 1 1 1 1 1 1 1 1 1 1 1 1 1 1 1 1 1 1 5 0 100 7 100 7 7 100 100 7 7 7 100 7 7 100 100 7 7 7 1 1 1 1 1 1 1 1 1 1 1 1 1 1 1 1 1 1 1 1 1 1 1 1 1 1 1 1 1 1 1 1 1 1 1 1 1 1 1 1 1 1 1 12 12 12 12 12 12 12 12 12 12 12 12 12 12 12 12 12 12 12 12 12 12 12 12 12 12 12 12 12 12 12 12 12 12 12 12 12 12 12 12 12 12 12 12 12 12 12 12 12 12 12 12 12 12 12 9 9 10 10 10 10 10 10 10 10 10 10 10 10 10 10 10 10 10 10 10 10 10 10 10 10 10 10 10 10 10 10 10 10 10 10 10 10 10 10 10 10 10 10 10 10 10 10 10 10 10 10 10 10 10 10 10 10 10 10 10 10 10 10 11 11 1
ciInstanceKlass java/lang/StringBuffer 1 1 371 8 8 8 7 1 1 1 1 1 1 1 1 1 1 1 1 1 1 1 1 1 1 1 1 1 1 1 1 1 1 1 1 1 1 1 1 1 1 1 1 1 1 1 1 1 1 1 1 1 1 1 1 1 1 1 1 1 1 1 1 1 1 1 1 1 1 1 1 1 1 1 1 1 1 1 1 1 1 1 1 1 1 1 1 1 1 1 1 1 1 1 1 1 5 0 100 100 100 100 100 7 100 7 7 100 100 7 7 7 100 7 1 1 1 1 1 1 1 1 1 1 1 1 1 1 1 1 1 1 1 1 1 1 1 1 1 1 1 1 1 1 1 1 1 1 1 1 1 1 1 1 1 1 1 1 1 1 1 1 1 1 1 1 1 1 1 1 1 1 1 1 1 1 1 1 1 1 1 1 12 12 12 12 12 12 12 12 12 12 12 12 12 12 12 12 12 12 12 12 12 12 12 12 12 12 12 12 12 12 12 12 12 12 12 12 12 12 12 12 12 12 12 12 12 12 12 12 12 12 12 12 12 12 12 12 12 12 12 12 12 12 12 12 12 12 12 12 12 12 12 12 12 12 12 12 12 12 12 12 12 12 12 12 12 12 12 12 12 12 12 9 9 9 9 9 9 10 10 10 10 10 10 10 10 10 10 10 10 10 10 10 10 10 10 10 10 10 10 10 10 10 10 10 10 10 10 10 10 10 10 10 10 10 10 10 10 10 10 10 10 10 10 10 10 10 10 10 10 10 10 10 10 10 10 10 10 10 10 10 10 10 10 10 10 10 10 10 10 10 10 10 10 10 10 10 10 10 10 10 10 10 10 10 10 10 10 11 1 1 1
staticfield java/lang/StringBuffer serialPersistentFields [Ljava/io/ObjectStreamField; 3 [Ljava/io/ObjectStreamField;
ciInstanceKlass java/lang/StringBuilder 1 1 326 1 1 1 1 1 1 1 1 1 1 1 1 1 1 1 1 1 1 1 1 1 1 1 1 1 1 1 1 1 1 1 1 1 1 1 1 1 1 1 1 1 1 1 1 1 1 1 1 1 1 1 1 1 1 1 1 1 1 1 1 1 1 1 1 1 1 1 1 1 5 0 100 100 100 100 100 7 100 100 7 7 1 1 1 1 1 1 1 1 1 1 1 1 1 1 1 1 1 1 1 1 1 1 1 1 1 1 1 1 1 1 1 1 1 1 1 1 1 1 1 1 1 1 1 1 1 1 1 1 1 1 1 1 1 1 1 1 1 1 1 1 1 1 12 12 12 12 12 12 12 12 12 12 12 12 12 12 12 12 12 12 12 12 12 12 12 12 12 12 12 12 12 12 12 12 12 12 12 12 12 12 12 12 12 12 12 12 12 12 12 12 12 12 12 12 12 12 12 12 12 12 12 12 12 12 12 12 12 12 12 12 12 12 12 12 12 12 12 12 12 12 12 12 12 12 12 12 12 12 12 12 12 9 9 10 10 10 10 10 10 10 10 10 10 10 10 10 10 10 10 10 10 10 10 10 10 10 10 10 10 10 10 10 10 10 10 10 10 10 10 10 10 10 10 10 10 10 10 10 10 10 10 10 10 10 10 10 10 10 10 10 10 10 10 10 10 10 10 10 10 10 10 10 10 10 10 10 10 10 10 10 10 10 10 10 10 10 10 10 10 10 10 10 11 1
ciInstanceKlass sun/misc/Unsafe 1 1 389 8 8 7 7 7 7 7 7 7 7 7 7 1 1 1 1 1 1 1 1 1 1 1 1 1 1 1 1 1 1 1 1 1 1 1 1 1 1 1 1 1 1 1 1 1 1 1 1 1 1 1 1 1 1 1 1 1 1 1 1 1 1 1 1 1 1 1 1 1 1 1 1 1 1 1 1 1 1 1 1 1 1 1 1 1 1 1 1 1 1 1 1 1 1 1 1 1 1 1 1 1 1 1 1 1 1 1 1 1 1 1 1 1 1 1 1 1 1 1 1 1 1 1 1 1 1 1 1 1 1 1 1 1 1 1 1 1 1 1 1 1 1 1 1 1 1 1 1 1 1 1 1 1 1 1 1 1 1 1 1 1 1 1 1 1 1 1 1 1 1 1 1 1 1 1 1 1 1 1 1 3 100 7 100 7 7 100 7 100 100 7 7 1 1 1 1 1 1 1 1 1 1 1 1 1 1 1 1 1 1 1 1 1 1 1 1 1 1 1 1 1 1 1 1 1 1 1 1 1 1 1 1 1 1 1 1 1 1 1 1 1 1 1 1 1 1 1 1 1 1 1 1 1 1 1 1 1 1 1 1 1 12 12 12 12 12 12 12 12 12 12 12 12 12 12 12 12 12 12 12 12 12 12 12 12 12 12 12 12 12 12 12 12 12 12 12 12 12 12 12 12 12 12 12 12 12 12 12 12 12 12 12 12 12 12 12 12 12 12 12 12 12 12 9 9 9 9 9 9 9 9 9 9 9 9 9 9 9 9 9 9 9 9 10 10 10 10 10 10 10 10 10 10 10 10 10 10 10 10 10 10 10 10 10 10 10 10 10 10 10 10 10 10 10 10 10 10 10 10 10 10 10 10 10 10 10 10 1
staticfield sun/misc/Unsafe theUnsafe Lsun/misc/Unsafe; sun/misc/Unsafe
staticfield sun/misc/Unsafe ARRAY_BOOLEAN_BASE_OFFSET I 16
staticfield sun/misc/Unsafe ARRAY_BYTE_BASE_OFFSET I 16
staticfield sun/misc/Unsafe ARRAY_SHORT_BASE_OFFSET I 16
staticfield sun/misc/Unsafe ARRAY_CHAR_BASE_OFFSET I 16
staticfield sun/misc/Unsafe ARRAY_INT_BASE_OFFSET I 16
staticfield sun/misc/Unsafe ARRAY_LONG_BASE_OFFSET I 16
staticfield sun/misc/Unsafe ARRAY_FLOAT_BASE_OFFSET I 16
staticfield sun/misc/Unsafe ARRAY_DOUBLE_BASE_OFFSET I 16
staticfield sun/misc/Unsafe ARRAY_OBJECT_BASE_OFFSET I 16
staticfield sun/misc/Unsafe ARRAY_BOOLEAN_INDEX_SCALE I 1
staticfield sun/misc/Unsafe ARRAY_BYTE_INDEX_SCALE I 1
staticfield sun/misc/Unsafe ARRAY_SHORT_INDEX_SCALE I 2
staticfield sun/misc/Unsafe ARRAY_CHAR_INDEX_SCALE I 2
staticfield sun/misc/Unsafe ARRAY_INT_INDEX_SCALE I 4
staticfield sun/misc/Unsafe ARRAY_LONG_INDEX_SCALE I 8
staticfield sun/misc/Unsafe ARRAY_FLOAT_INDEX_SCALE I 4
staticfield sun/misc/Unsafe ARRAY_DOUBLE_INDEX_SCALE I 8
staticfield sun/misc/Unsafe ARRAY_OBJECT_INDEX_SCALE I 4
staticfield sun/misc/Unsafe ADDRESS_SIZE I 8
instanceKlass com/fasterxml/jackson/core/io/MergedStream
instanceKlass org/apache/http/conn/EofSensorInputStream
instanceKlass org/apache/http/impl/io/EmptyInputStream
instanceKlass org/apache/http/impl/io/ContentLengthInputStream
instanceKlass org/apache/http/impl/io/IdentityInputStream
instanceKlass org/apache/http/impl/io/ChunkedInputStream
instanceKlass org/postgresql/util/ReaderInputStream
instanceKlass java/util/jar/JarVerifier$VerifierStream
instanceKlass org/postgresql/core/VisibleBufferedInputStream
instanceKlass org/postgresql/gss/GSSInputStream
instanceKlass javax/servlet/ServletInputStream
instanceKlass java/io/ObjectInputStream
instanceKlass sun/nio/ch/ChannelInputStream
instanceKlass java/util/zip/ZipFile$ZipFileInputStream
instanceKlass java/io/FilterInputStream
instanceKlass java/io/FileInputStream
instanceKlass java/io/ByteArrayInputStream
ciInstanceKlass java/io/InputStream 1 1 61 8 1 1 1 1 1 1 1 1 1 1 1 1 1 1 1 1 1 1 1 1 1 1 1 1 1 1 1 1 1 1 1 1 1 1 1 3 5 0 100 100 7 7 100 100 100 7 12 12 12 12 12 10 10 10 10 10 10 10 1
instanceKlass sun/security/util/DerInputBuffer
ciInstanceKlass java/io/ByteArrayInputStream 1 1 62 1 1 1 1 1 1 1 1 1 1 1 1 1 1 1 1 1 1 1 1 1 1 1 1 1 1 1 1 1 1 1 1 1 1 1 1 7 100 7 100 7 100 7 1 12 12 12 12 12 12 12 9 9 9 9 10 10 10 10 10 1
ciInstanceKlass java/io/File 1 1 578 8 8 8 8 8 8 8 8 8 8 8 8 8 8 8 8 8 8 8 7 1 1 1 1 1 1 1 1 1 1 1 1 1 1 1 1 1 1 1 1 1 1 1 1 1 1 1 1 1 1 1 1 1 1 1 1 1 1 1 1 1 1 1 1 1 1 1 1 1 1 1 1 1 1 1 1 1 1 1 1 1 1 1 1 1 1 1 1 1 1 1 1 1 1 1 1 1 1 1 1 1 1 1 1 1 1 1 1 1 1 1 1 1 1 1 1 1 1 1 1 1 1 1 1 1 1 1 1 1 1 1 1 1 1 1 1 1 1 1 1 1 1 1 1 1 1 1 1 1 1 1 1 1 1 1 1 1 1 1 1 1 1 1 1 1 1 1 1 1 1 1 1 1 1 1 1 1 1 1 1 1 1 1 1 1 1 1 1 1 1 1 1 1 1 1 1 1 1 1 1 1 1 1 1 1 1 1 1 1 1 1 1 1 1 1 1 1 1 1 1 1 1 1 1 1 1 1 1 1 1 1 1 1 1 1 1 1 5 0 100 100 7 7 7 100 100 7 100 7 100 100 100 100 100 7 100 100 100 100 100 7 100 100 100 100 7 7 7 100 7 7 100 100 7 7 100 100 100 7 1 1 1 1 1 1 1 1 1 1 1 1 1 1 1 1 1 1 1 1 1 1 1 1 1 1 1 1 1 1 1 1 1 1 1 1 1 1 1 1 1 1 1 1 1 1 1 1 1 1 1 1 1 1 12 12 12 12 12 12 12 12 12 12 12 12 12 12 12 12 12 12 12 12 12 12 12 12 12 12 12 12 12 12 12 12 12 12 12 12 12 12 12 12 12 12 12 12 12 12 12 12 12 12 12 12 12 12 12 12 12 12 12 12 12 12 12 12 12 12 12 12 12 12 12 12 12 12 12 12 12 12 12 12 12 12 12 12 12 12 12 12 12 12 12 12 12 12 12 12 12 12 12 12 12 12 12 12 12 12 12 12 12 12 12 12 12 12 9 9 9 9 9 9 9 9 9 9 9 9 9 9 9 10 10 10 10 10 10 10 10 10 10 10 10 10 10 10 10 10 10 10 10 10 10 10 10 10 10 10 10 10 10 10 10 10 10 10 10 10 10 10 10 10 10 10 10 10 10 10 10 10 10 10 10 10 10 10 10 10 10 10 10 10 10 10 10 10 10 10 10 10 10 10 10 10 10 10 10 10 10 10 10 10 10 10 10 10 10 10 10 10 10 10 10 10 10 10 10 10 10 10 10 10 10 10 10 10 10 11 11 11 11 11 1 1 1 1
staticfield java/io/File fs Ljava/io/FileSystem; java/io/WinNTFileSystem
staticfield java/io/File separatorChar C 92
staticfield java/io/File separator Ljava/lang/String; "\"
staticfield java/io/File pathSeparatorChar C 59
staticfield java/io/File pathSeparator Ljava/lang/String; ";"
staticfield java/io/File PATH_OFFSET J 16
staticfield java/io/File PREFIX_LENGTH_OFFSET J 12
staticfield java/io/File UNSAFE Lsun/misc/Unsafe; sun/misc/Unsafe
staticfield java/io/File $assertionsDisabled Z 1
instanceKlass org/apache/catalina/loader/WebappClassLoaderBase
instanceKlass sun/misc/Launcher$ExtClassLoader
instanceKlass sun/misc/Launcher$AppClassLoader
ciInstanceKlass java/net/URLClassLoader 1 1 527 8 8 8 8 8 8 8 8 8 8 8 8 1 1 1 1 1 1 1 1 1 1 1 1 1 1 1 1 1 1 1 1 1 1 1 1 1 1 1 1 1 1 1 1 1 1 1 1 1 1 1 1 1 1 1 1 1 1 1 1 1 1 1 1 1 1 1 1 1 1 1 1 1 1 1 1 1 1 1 1 1 1 1 1 1 1 1 1 1 1 1 1 1 1 1 1 1 1 1 1 1 1 1 1 1 1 1 1 1 1 1 1 1 1 1 1 1 1 1 1 1 1 1 1 1 1 1 1 1 1 1 1 1 1 1 1 1 1 1 1 1 1 1 1 1 1 1 1 1 1 1 1 1 1 1 1 1 1 1 1 1 1 1 1 1 1 1 1 1 1 1 1 1 1 1 1 1 1 1 1 1 1 1 1 1 1 1 1 1 1 1 1 1 1 1 100 100 7 7 7 100 100 7 7 7 7 100 7 100 100 100 7 7 7 100 7 100 7 7 7 7 7 100 100 100 7 7 100 100 100 7 7 7 7 100 7 100 100 100 7 7 7 100 7 7 7 7 7 7 100 7 1 1 1 1 1 1 1 1 1 1 1 1 1 1 1 1 1 1 1 1 1 1 1 1 1 1 1 1 1 1 1 1 1 1 1 1 1 1 1 1 1 1 1 1 1 1 1 1 1 1 1 1 1 1 1 1 1 1 1 1 1 1 1 1 1 1 1 1 1 1 12 12 12 12 12 12 12 12 12 12 12 12 12 12 12 12 12 12 12 12 12 12 12 12 12 12 12 12 12 12 12 12 12 12 12 12 12 12 12 12 12 12 12 12 12 12 12 12 12 12 12 12 12 12 12 12 12 12 12 12 12 12 12 12 12 12 12 12 12 12 12 12 12 12 12 12 12 12 12 12 12 12 12 12 12 12 12 12 12 12 12 12 12 12 12 12 12 12 9 9 9 9 9 9 9 9 9 9 9 9 10 10 10 10 10 10 10 10 10 10 10 10 10 10 10 10 10 10 10 10 10 10 10 10 10 10 10 10 10 10 10 10 10 10 10 10 10 10 10 10 10 10 10 10 10 10 10 10 10 10 10 10 10 10 10 10 10 10 10 10 10 10 10 10 10 10 10 10 10 10 10 10 10 10 10 10 10 10 10 10 10 10 10 10 10 10 11 11 11 11 11 11 11 11 11
ciInstanceKlass java/net/URL 1 1 550 8 8 8 8 8 8 8 8 8 8 8 8 8 8 8 8 8 8 8 8 8 8 8 8 8 7 1 1 1 1 1 1 1 1 1 1 1 1 1 1 1 1 1 1 1 1 1 1 1 1 1 1 1 1 1 1 1 1 1 1 1 1 1 1 1 1 1 1 1 1 1 1 1 1 1 1 1 1 1 1 1 1 1 1 1 1 1 1 1 1 1 1 1 1 1 1 1 1 1 1 1 1 1 1 1 1 1 1 1 1 1 1 1 1 1 1 1 1 1 1 1 1 1 1 1 1 1 1 1 1 1 1 1 1 1 1 1 1 1 1 1 1 1 1 1 1 1 1 1 1 1 1 1 1 1 1 1 1 1 1 1 1 1 1 1 1 1 1 1 1 1 1 1 1 1 1 1 1 1 1 1 1 1 1 1 1 1 1 1 1 1 1 1 1 1 1 1 1 1 1 1 1 1 1 1 1 1 1 1 1 1 1 1 1 1 1 1 1 1 1 1 1 1 5 0 100 100 100 100 100 100 7 100 7 7 100 100 100 100 100 7 7 100 7 7 100 100 100 7 7 100 100 7 100 7 7 7 7 100 7 7 7 100 7 100 1 1 1 1 1 1 1 1 1 1 1 1 1 1 1 1 1 1 1 1 1 1 1 1 1 1 1 1 1 1 1 1 1 1 1 1 1 1 1 1 1 1 1 1 1 1 1 1 1 1 1 1 1 12 12 12 12 12 12 12 12 12 12 12 12 12 12 12 12 12 12 12 12 12 12 12 12 12 12 12 12 12 12 12 12 12 12 12 12 12 12 12 12 12 12 12 12 12 12 12 12 12 12 12 12 12 12 12 12 12 12 12 12 12 12 12 12 12 12 12 12 12 12 12 12 12 12 12 12 12 12 12 12 12 12 12 12 12 12 12 12 12 12 12 12 12 12 12 12 12 12 12 12 12 12 12 12 12 12 12 12 9 9 9 9 9 9 9 9 9 9 9 9 9 9 9 9 9 9 9 9 9 10 10 10 10 10 10 10 10 10 10 10 10 10 10 10 10 10 10 10 10 10 10 10 10 10 10 10 10 10 10 10 10 10 10 10 10 10 10 10 10 10 10 10 10 10 10 10 10 10 10 10 10 10 10 10 10 10 10 10 10 10 10 10 10 10 10 10 10 10 10 10 10 10 10 10 10 10 10 10 10 10 10 10 10 10 10 10 10 10 10 10 10 10 10 10 10 10 10 10 10 11 1
staticfield java/net/URL serialPersistentFields [Ljava/io/ObjectStreamField; 7 [Ljava/io/ObjectStreamField;
ciInstanceKlass java/util/jar/Manifest 1 1 256 8 8 8 8 8 8 8 1 1 1 1 1 1 1 1 1 1 1 1 1 1 1 1 1 1 1 1 1 1 1 1 1 1 1 1 1 1 1 1 1 1 1 1 1 1 1 1 1 1 1 1 1 1 1 1 1 1 1 1 1 1 1 1 1 1 1 1 1 1 1 1 1 1 1 1 1 1 1 1 1 1 1 1 1 1 1 1 1 1 1 1 1 1 1 1 1 1 1 1 1 100 100 100 100 100 100 7 7 100 7 100 100 7 7 100 7 100 100 7 100 7 7 1 1 1 1 1 1 1 1 1 1 1 1 1 1 1 1 1 1 1 1 1 1 1 1 1 12 12 12 12 12 12 12 12 12 12 12 12 12 12 12 12 12 12 12 12 12 12 12 12 12 12 12 12 12 12 12 12 12 12 12 12 12 12 12 12 12 12 12 12 12 12 12 12 9 9 9 10 10 10 10 10 10 10 10 10 10 10 10 10 10 10 10 10 10 10 10 10 10 10 10 10 10 10 10 10 10 10 10 10 10 10 10 10 10 10 10 10 10 10 11 11 11 11 11 11 11 11 11 11 11 11 1 1
ciInstanceKlass sun/misc/Launcher 1 1 218 8 8 8 8 8 8 8 8 1 1 1 1 1 1 1 1 1 1 1 1 1 1 1 1 1 1 1 1 1 1 1 1 1 1 1 1 1 1 1 1 1 1 1 1 1 1 1 1 1 1 1 1 1 1 1 1 1 1 1 1 1 1 1 1 1 1 1 1 1 1 1 1 1 1 1 1 1 1 1 1 1 1 1 1 1 1 1 1 1 1 1 1 1 1 1 1 100 100 7 100 100 100 100 100 100 100 100 7 100 7 100 7 7 100 7 7 100 7 7 7 7 7 1 1 1 1 1 1 1 1 1 1 1 1 1 1 1 1 1 1 1 1 1 1 1 12 12 12 12 12 12 12 12 12 12 12 12 12 12 12 12 12 12 12 12 12 12 12 12 12 12 12 12 12 12 12 12 9 9 9 9 9 9 10 10 10 10 10 10 10 10 10 10 10 10 10 10 10 10 10 10 10 10 10 10 10 10 10 10 10 10 10 10 1 1 1 1
ciInstanceKlass sun/misc/Launcher$AppClassLoader 1 1 201 8 8 7 1 1 1 1 1 1 1 1 1 1 1 1 1 1 1 1 1 1 1 1 1 1 1 1 1 1 1 1 1 1 1 1 1 1 1 1 1 1 1 1 1 1 1 1 1 1 1 1 1 1 1 1 1 1 1 1 1 1 1 1 1 1 1 1 1 1 1 1 1 1 1 1 1 1 1 1 1 100 100 100 7 100 7 7 7 7 100 7 7 100 7 7 100 7 100 7 100 7 7 7 100 7 7 1 1 1 1 1 1 1 1 1 1 1 1 1 1 1 1 1 1 1 1 1 1 1 1 1 12 12 12 12 12 12 12 12 12 12 12 12 12 12 12 12 12 12 12 12 12 12 12 12 12 12 12 12 12 12 12 12 12 9 9 10 10 10 10 10 10 10 10 10 10 10 10 10 10 10 10 10 10 10 10 10 10 10 10 10 10 10 10 10 10 10 10 11 1
staticfield sun/misc/Launcher$AppClassLoader $assertionsDisabled Z 1
ciInstanceKlass sun/misc/Launcher$ExtClassLoader 1 1 237 8 8 8 7 1 1 1 1 1 1 1 1 1 1 1 1 1 1 1 1 1 1 1 1 1 1 1 1 1 1 1 1 1 1 1 1 1 1 1 1 1 1 1 1 1 1 1 1 1 1 1 1 1 1 1 1 1 1 1 1 1 1 1 1 1 1 1 1 1 1 1 1 1 1 1 1 1 1 1 1 1 1 1 1 1 1 1 1 1 1 1 1 1 1 100 100 100 100 7 7 7 100 7 7 100 100 100 7 7 7 7 100 7 100 100 100 7 7 7 7 7 100 7 7 7 1 1 1 1 1 1 1 1 1 1 1 1 1 1 1 1 1 1 1 1 1 1 1 1 1 1 12 12 12 12 12 12 12 12 12 12 12 12 12 12 12 12 12 12 12 12 12 12 12 12 12 12 12 12 12 12 12 12 12 12 12 12 12 12 12 12 12 9 9 10 10 10 10 10 10 10 10 10 10 10 10 10 10 10 10 10 10 10 10 10 10 10 10 10 10 10 10 10 10 10 10 10 10 10 10 10 10 10 11 11 1
ciInstanceKlass java/security/CodeSource 1 1 324 8 8 8 8 8 8 8 8 8 8 8 8 8 8 1 1 1 1 1 1 1 1 1 1 1 1 1 1 1 1 1 1 1 1 1 1 1 1 1 1 1 1 1 1 1 1 1 1 1 1 1 1 1 1 1 1 1 1 1 1 1 1 1 1 1 1 1 1 1 1 1 1 1 1 1 1 1 1 1 1 1 1 1 1 1 1 1 1 1 1 1 1 1 1 1 1 1 1 1 1 1 1 1 1 1 1 1 1 1 1 1 1 1 1 1 1 1 1 1 1 1 1 1 1 1 1 1 1 1 1 1 1 1 1 1 1 5 0 100 7 7 100 100 100 100 100 100 7 7 100 100 7 7 7 7 7 100 100 100 100 7 100 100 100 1 1 1 1 1 1 1 1 1 1 1 1 1 1 1 1 1 1 1 1 1 1 1 1 1 12 12 12 12 12 12 12 12 12 12 12 12 12 12 12 12 12 12 12 12 12 12 12 12 12 12 12 12 12 12 12 12 12 12 12 12 12 12 12 12 12 12 12 12 12 12 12 12 12 12 12 12 12 12 12 12 12 12 12 12 12 9 9 9 9 9 10 10 10 10 10 10 10 10 10 10 10 10 10 10 10 10 10 10 10 10 10 10 10 10 10 10 10 10 10 10 10 10 10 10 10 10 10 10 10 10 10 10 10 10 10 10 10 10 10 10 10 10 10 10 10 10 10 10 10 10 10 10 10 11 11 11 11 1
ciInstanceKlass java/lang/StackTraceElement 1 1 98 8 8 8 8 8 8 8 8 1 1 1 1 1 1 1 1 1 1 1 1 1 1 1 1 1 1 1 1 1 1 1 1 1 1 1 1 1 1 1 1 1 1 1 1 1 1 1 1 1 1 1 5 0 100 7 7 7 100 7 1 1 1 1 1 1 12 12 12 12 12 12 12 12 12 12 12 12 12 12 12 9 9 9 9 10 10 10 10 10 10 10 10 10 10 10 10 1
instanceKlass java/nio/LongBuffer
instanceKlass java/nio/CharBuffer
instanceKlass java/nio/ByteBuffer
ciInstanceKlass java/nio/Buffer 1 1 103 8 8 8 8 1 1 1 1 1 1 1 1 1 1 1 1 1 1 1 1 1 1 1 1 1 1 1 1 1 1 1 1 1 1 1 1 1 1 1 1 1 1 1 1 1 1 1 1 1 1 1 1 1 1 1 1 1 1 1 1 3 100 100 7 100 7 100 100 100 1 1 1 1 12 12 12 12 12 12 12 12 12 12 12 9 9 9 9 10 10 10 10 10 10 10 10 10 10 10 10 10 1
ciInstanceKlass java/lang/Boolean 1 1 110 8 8 8 1 1 1 1 1 1 1 1 1 1 1 1 1 1 1 1 1 1 1 1 1 1 1 1 1 1 1 1 1 1 1 1 1 1 1 1 1 1 1 1 1 1 1 1 1 1 1 1 1 1 1 1 1 1 1 1 1 5 0 100 7 7 100 100 100 7 100 7 7 1 1 1 1 1 1 1 1 12 12 12 12 12 12 12 12 12 12 12 12 12 12 9 9 9 9 10 10 10 10 10 10 10 10 10 10 1
staticfield java/lang/Boolean TRUE Ljava/lang/Boolean; java/lang/Boolean
staticfield java/lang/Boolean FALSE Ljava/lang/Boolean; java/lang/Boolean
staticfield java/lang/Boolean TYPE Ljava/lang/Class; java/lang/Class
ciInstanceKlass java/lang/Character 1 1 459 3 3 3 3 3 3 3 3 8 8 7 1 1 1 1 1 1 1 1 1 1 1 1 1 1 1 1 1 1 1 1 1 1 1 1 1 1 1 1 1 1 1 1 1 1 1 1 1 1 1 1 1 1 1 1 1 1 1 1 1 1 1 1 1 1 1 1 1 1 1 1 1 1 1 1 1 1 1 1 1 1 1 1 1 1 1 1 1 1 1 1 1 1 1 1 1 1 1 1 1 1 1 1 1 1 1 1 1 1 1 1 1 1 1 1 1 1 1 1 1 1 1 1 1 1 1 1 1 1 1 1 1 1 1 1 1 1 1 1 1 1 1 1 1 1 1 1 1 1 1 1 1 1 1 1 1 1 1 1 1 1 1 1 1 1 1 1 1 1 1 1 1 1 1 1 1 1 1 1 1 1 1 1 1 1 1 1 1 1 1 1 1 1 1 1 1 1 1 1 1 1 1 1 1 1 1 1 1 1 1 1 1 1 1 1 1 1 1 1 1 1 1 1 1 3 3 3 3 3 3 3 3 3 3 3 3 3 3 3 3 3 3 3 3 3 3 3 3 3 3 3 3 3 3 3 3 3 3 3 3 3 5 0 5 0 100 100 7 7 100 100 100 7 100 7 100 100 100 100 7 7 100 100 1 1 1 1 1 1 1 1 1 1 1 1 1 1 1 12 12 12 12 12 12 12 12 12 12 12 12 12 12 12 12 12 12 12 12 12 12 12 12 12 12 12 12 12 12 12 12 12 12 12 12 12 12 12 12 12 12 12 12 12 12 12 12 12 12 12 12 12 12 12 12 12 12 12 12 12 12 12 12 12 12 12 12 9 9 9 9 9 10 10 10 10 10 10 10 10 10 10 10 10 10 10 10 10 10 10 10 10 10 10 10 10 10 10 10 10 10 10 10 10 10 10 10 10 10 10 10 10 10 10 10 10 10 10 10 10 10 10 10 10 10 10 10 10 10 10 10 10 10 10 10 10 10 10 10 10 10 10 10 10 10 10 10 10 10 10 10 10 11 11 1 1 1 1 1
staticfield java/lang/Character TYPE Ljava/lang/Class; java/lang/Class
staticfield java/lang/Character $assertionsDisabled Z 1
instanceKlass com/google/gson/internal/LazilyParsedNumber
instanceKlass java/util/concurrent/atomic/Striped64
instanceKlass java/math/BigDecimal
instanceKlass java/math/BigInteger
instanceKlass java/util/concurrent/atomic/AtomicLong
instanceKlass java/util/concurrent/atomic/AtomicInteger
instanceKlass java/lang/Long
instanceKlass java/lang/Integer
instanceKlass java/lang/Short
instanceKlass java/lang/Byte
instanceKlass java/lang/Double
instanceKlass java/lang/Float
ciInstanceKlass java/lang/Number 1 1 34 1 1 1 1 1 1 1 1 1 1 1 1 1 1 1 1 1 1 1 1 1 1 1 5 0 100 100 7 12 12 10 10 1
ciInstanceKlass java/lang/Float 1 1 169 3 3 3 4 4 4 4 8 8 8 1 1 1 1 1 1 1 1 1 1 1 1 1 1 1 1 1 1 1 1 1 1 1 1 1 1 1 1 1 1 1 1 1 1 1 1 1 1 1 1 1 1 1 1 1 1 1 1 1 1 1 1 1 1 1 1 1 1 1 1 1 1 1 1 1 1 1 1 1 1 1 1 1 1 1 1 1 1 1 1 1 1 1 1 1 1 1 1 3 3 3 3 4 4 5 0 7 100 100 7 100 7 100 100 7 1 1 1 1 1 1 1 1 1 12 12 12 12 12 12 12 12 12 12 12 12 12 12 12 12 12 12 12 12 12 9 9 10 10 10 10 10 10 10 10 10 10 10 10 10 10 10 10 10 10 10 10 1
staticfield java/lang/Float TYPE Ljava/lang/Class; java/lang/Class
ciInstanceKlass java/lang/Double 1 1 223 8 8 8 8 8 8 8 8 8 8 1 1 1 1 1 1 1 1 1 1 1 1 1 1 1 1 1 1 1 1 1 1 1 1 1 1 1 1 1 1 1 1 1 1 1 1 1 1 1 1 1 1 1 1 1 1 1 1 1 1 1 1 1 1 1 1 1 1 1 1 1 1 1 1 1 1 1 1 1 1 1 1 1 1 1 1 1 1 1 1 1 1 1 1 1 1 1 1 1 1 1 1 1 1 1 1 1 1 1 1 1 3 3 3 3 5 0 5 0 5 0 5 0 5 0 6 0 6 0 6 0 6 0 6 0 6 0 6 0 7 100 7 100 100 7 100 100 100 7 1 1 1 1 1 1 1 1 1 1 1 12 12 12 12 12 12 12 12 12 12 12 12 12 12 12 12 12 12 12 12 12 12 12 12 12 12 12 12 12 12 9 9 10 10 10 10 10 10 10 10 10 10 10 10 10 10 10 10 10 10 10 10 10 10 10 10 10 10 10 10 10 1
staticfield java/lang/Double TYPE Ljava/lang/Class; java/lang/Class
ciInstanceKlass java/lang/Byte 1 1 153 8 8 8 8 8 1 1 1 1 1 1 1 1 1 1 1 1 1 1 1 1 1 1 1 1 1 1 1 1 1 1 1 1 1 1 1 1 1 1 1 1 1 1 1 1 1 1 1 1 1 1 1 1 1 1 1 1 1 1 1 1 1 1 1 1 1 1 1 1 1 1 1 1 1 1 1 1 3 3 3 3 5 0 5 0 7 7 7 100 7 7 100 100 1 1 1 1 1 1 1 1 1 1 1 1 1 1 12 12 12 12 12 12 12 12 12 12 12 12 12 12 12 12 12 12 12 12 12 9 9 9 10 10 10 10 10 10 10 10 10 10 10 10 10 10 10 10 10 10 10 1 1
staticfield java/lang/Byte TYPE Ljava/lang/Class; java/lang/Class
ciInstanceKlass java/lang/Short 1 1 159 3 3 8 8 8 8 8 1 1 1 1 1 1 1 1 1 1 1 1 1 1 1 1 1 1 1 1 1 1 1 1 1 1 1 1 1 1 1 1 1 1 1 1 1 1 1 1 1 1 1 1 1 1 1 1 1 1 1 1 1 1 1 1 1 1 1 1 1 1 1 1 1 1 1 1 1 1 1 1 1 1 3 3 3 3 5 0 5 0 7 100 7 7 100 7 7 100 1 1 1 1 1 1 1 1 1 1 1 1 1 1 12 12 12 12 12 12 12 12 12 12 12 12 12 12 12 12 12 12 12 12 12 12 9 9 9 10 10 10 10 10 10 10 10 10 10 10 10 10 10 10 10 10 10 10 10 1 1
staticfield java/lang/Short TYPE Ljava/lang/Class; java/lang/Class
ciInstanceKlass java/lang/Integer 1 1 309 3 3 3 3 3 3 3 3 3 3 3 3 3 3 3 8 8 8 8 8 8 8 8 8 8 8 8 8 8 8 8 1 1 1 1 1 1 1 1 1 1 1 1 1 1 1 1 1 1 1 1 1 1 1 1 1 1 1 1 1 1 1 1 1 1 1 1 1 1 1 1 1 1 1 1 1 1 1 1 1 1 1 1 1 1 1 1 1 1 1 1 1 1 1 1 1 1 1 1 1 1 1 1 1 1 1 1 1 1 1 1 1 1 1 1 1 1 1 1 1 1 1 1 1 1 1 1 1 1 1 1 1 1 1 1 1 1 1 1 1 1 1 1 1 1 1 1 1 1 1 1 1 1 1 1 1 1 1 1 1 1 1 1 1 1 1 1 1 1 3 3 5 0 5 0 5 0 100 7 7 100 100 7 7 100 7 100 7 100 100 100 7 100 7 1 1 1 1 1 1 1 1 1 1 1 1 1 1 1 1 1 12 12 12 12 12 12 12 12 12 12 12 12 12 12 12 12 12 12 12 12 12 12 12 12 12 12 12 12 12 12 12 12 12 12 12 12 12 12 12 12 12 12 12 12 12 12 12 9 9 9 9 9 9 9 9 10 10 10 10 10 10 10 10 10 10 10 10 10 10 10 10 10 10 10 10 10 10 10 10 10 10 10 10 10 10 10 10 10 10 10 10 10 10 10 10 1 1
staticfield java/lang/Integer TYPE Ljava/lang/Class; java/lang/Class
staticfield java/lang/Integer digits [C 36
staticfield java/lang/Integer DigitTens [C 100
staticfield java/lang/Integer DigitOnes [C 100
staticfield java/lang/Integer sizeTable [I 10
ciInstanceKlass java/lang/Long 1 1 356 3 3 8 8 8 8 8 8 8 8 8 8 8 8 8 8 8 8 8 1 1 1 1 1 1 1 1 1 1 1 1 1 1 1 1 1 1 1 1 1 1 1 1 1 1 1 1 1 1 1 1 1 1 1 1 1 1 1 1 1 1 1 1 1 1 1 1 1 1 1 1 1 1 1 1 1 1 1 1 1 1 1 1 1 1 1 1 1 1 1 1 1 1 1 1 1 1 1 1 1 1 1 1 1 1 1 1 1 1 1 1 1 1 1 1 1 1 1 1 1 1 1 1 1 1 1 1 1 1 1 1 1 1 1 1 1 1 1 1 1 1 1 1 1 1 1 1 1 1 1 1 1 1 1 1 1 1 1 1 1 1 1 1 3 3 5 0 5 0 5 0 5 0 5 0 5 0 5 0 5 0 5 0 5 0 5 0 5 0 5 0 5 0 5 0 100 7 7 100 100 7 7 7 7 100 7 100 100 100 7 100 7 100 1 1 1 1 1 1 1 1 1 1 1 1 1 1 1 1 1 1 1 1 1 1 12 12 12 12 12 12 12 12 12 12 12 12 12 12 12 12 12 12 12 12 12 12 12 12 12 12 12 12 12 12 12 12 12 12 12 12 12 12 12 12 12 12 12 12 12 12 12 12 12 12 12 12 12 12 12 12 12 12 9 9 9 9 9 9 10 10 10 10 10 10 10 10 10 10 10 10 10 10 10 10 10 10 10 10 10 10 10 10 10 10 10 10 10 10 10 10 10 10 10 10 10 10 10 10 10 10 10 10 10 10 10 10 10 10 10 10 10 10 1 1
staticfield java/lang/Long TYPE Ljava/lang/Class; java/lang/Class
ciInstanceKlass java/lang/NullPointerException 1 1 21 1 1 1 1 1 1 1 1 1 1 1 5 0 100 100 12 12 10 10 1
ciInstanceKlass java/lang/ArithmeticException 1 1 21 1 1 1 1 1 1 1 1 1 1 1 5 0 100 100 12 12 10 10 1
ciInstanceKlass java/util/Collection 1 1 87 1 1 1 1 1 1 1 1 1 1 1 1 1 1 1 1 1 1 1 1 1 1 1 1 1 1 1 1 1 1 1 1 1 1 1 1 1 1 1 1 1 1 100 100 7 7 7 100 7 7 1 1 1 1 1 1 1 1 1 1 1 1 1 1 1 1 1 12 12 12 12 12 12 12 12 12 10 10 10 11 11 11 11 11 11 1
ciInstanceKlass java/util/List 1 1 112 1 1 1 1 1 1 1 1 1 1 1 1 1 1 1 1 1 1 1 1 1 1 1 1 1 1 1 1 1 1 1 1 1 1 1 1 1 1 1 1 1 1 1 1 1 1 1 1 1 1 1 1 100 100 100 100 100 100 100 100 100 100 1 1 1 1 1 1 1 1 1 1 1 1 1 1 1 1 1 1 1 1 1 1 1 1 1 1 1 1 1 1 12 12 12 12 12 12 12 12 12 10 10 10 11 11 11 11 11 11 1
instanceKlass java/util/concurrent/ConcurrentSkipListMap$Values
instanceKlass org/apache/logging/log4j/ThreadContext$EmptyThreadContextStack
instanceKlass org/springframework/boot/web/servlet/ServletContextInitializerBeans
instanceKlass java/util/TreeMap$Values
instanceKlass java/util/concurrent/ConcurrentLinkedDeque
instanceKlass java/util/LinkedHashMap$LinkedValues
instanceKlass java/util/IdentityHashMap$Values
instanceKlass java/util/HashMap$Values
instanceKlass java/util/AbstractQueue
instanceKlass java/util/ArrayDeque
instanceKlass java/util/AbstractSet
instanceKlass java/util/AbstractList
ciInstanceKlass java/util/AbstractCollection 1 1 143 3 3 8 8 8 1 1 1 1 1 1 1 1 1 1 1 1 1 1 1 1 1 1 1 1 1 1 1 1 1 1 1 1 1 1 1 1 1 1 1 1 1 1 1 1 1 1 1 1 1 1 1 1 1 1 1 1 1 1 1 1 1 1 1 1 7 7 7 100 7 100 100 7 7 100 7 7 7 1 1 1 1 1 1 1 1 1 1 1 1 1 1 1 1 1 12 12 12 12 12 12 12 12 12 12 12 12 12 12 12 12 12 12 12 12 12 10 10 10 10 10 10 10 10 10 10 10 10 10 10 10 10 10 10 10 10 11 11 11 11 11 1
instanceKlass net/bytebuddy/matcher/FilterableList$Empty
instanceKlass net/bytebuddy/matcher/FilterableList$AbstractBase
instanceKlass sun/security/jca/ProviderList$ServiceList
instanceKlass sun/security/jca/ProviderList$3
instanceKlass java/util/ArrayList$SubList
instanceKlass java/util/Collections$SingletonList
instanceKlass java/util/SubList
instanceKlass java/util/Arrays$ArrayList
instanceKlass java/util/AbstractSequentialList
instanceKlass java/util/Collections$EmptyList
instanceKlass java/util/ArrayList
instanceKlass java/util/Vector
ciInstanceKlass java/util/AbstractList 1 1 167 8 8 1 1 1 1 1 1 1 1 1 1 1 1 1 1 1 1 1 1 1 1 1 1 1 1 1 1 1 1 1 1 1 1 1 1 1 1 1 1 1 1 1 1 1 1 1 1 1 1 1 1 1 1 1 1 1 1 1 1 1 1 1 1 1 1 1 1 1 100 7 100 100 7 7 100 7 7 100 7 7 7 7 7 7 1 1 1 1 1 1 1 1 1 1 1 1 1 1 1 1 1 1 1 1 12 12 12 12 12 12 12 12 12 12 12 12 12 12 12 12 12 12 12 12 12 12 12 12 12 12 9 10 10 10 10 10 10 10 10 10 10 10 10 10 10 10 10 10 10 10 10 10 11 11 11 11 11 11 11 11 11 11 11 1 1
instanceKlass com/thoughtworks/xstream/converters/reflection/AbstractReflectionConverter$ArraysList
instanceKlass com/thoughtworks/xstream/core/util/CompositeClassLoader$1
instanceKlass com/thoughtworks/xstream/core/util/PresortedMap$ArraySet
instanceKlass com/thoughtworks/xstream/core/util/OrderRetainingMap$ArraySet
instanceKlass org/springframework/beans/factory/support/ManagedList
ciInstanceKlass java/util/ArrayList 1 1 356 3 3 8 8 8 8 8 8 8 8 7 1 1 1 1 1 1 1 1 1 1 1 1 1 1 1 1 1 1 1 1 1 1 1 1 1 1 1 1 1 1 1 1 1 1 1 1 1 1 1 1 1 1 1 1 1 1 1 1 1 1 1 1 1 1 1 1 1 1 1 1 1 1 1 1 1 1 1 1 1 1 1 1 1 1 1 1 1 1 1 1 1 1 1 1 1 1 1 1 1 1 1 1 1 1 1 1 1 1 1 1 1 1 1 1 1 1 1 1 1 1 1 1 1 1 1 1 1 1 1 1 1 1 1 1 1 1 1 1 1 1 1 1 1 1 1 1 1 1 1 1 1 3 5 0 100 100 100 100 100 100 100 100 100 100 7 7 100 100 7 100 7 7 7 7 7 7 7 100 7 100 100 7 100 7 100 100 100 100 1 1 1 1 1 1 1 1 1 1 1 1 1 1 1 1 1 1 1 1 1 1 1 1 1 1 1 1 1 1 1 1 1 1 1 1 1 1 1 1 1 1 1 1 1 1 1 1 1 1 1 12 12 12 12 12 12 12 12 12 12 12 12 12 12 12 12 12 12 12 12 12 12 12 12 12 12 12 12 12 12 12 12 12 12 12 12 12 12 12 12 12 12 12 12 12 12 12 12 12 12 12 12 12 9 9 9 9 9 10 10 10 10 10 10 10 10 10 10 10 10 10 10 10 10 10 10 10 10 10 10 10 10 10 10 10 10 10 10 10 10 10 10 10 10 10 10 10 10 10 10 10 10 10 10 11 11 11 11 11 11 1 1 1 1 1
staticfield java/util/ArrayList EMPTY_ELEMENTDATA [Ljava/lang/Object; 0 [Ljava/lang/Object;
staticfield java/util/ArrayList DEFAULTCAPACITY_EMPTY_ELEMENTDATA [Ljava/lang/Object; 0 [Ljava/lang/Object;
ciInstanceKlass java/util/Set 1 1 48 1 1 1 1 1 1 1 1 1 1 1 1 1 1 1 1 1 1 1 1 1 1 1 1 1 1 1 1 100 100 100 100 1 1 1 1 1 1 1 1 1 1 1 1 12 10 1
instanceKlass com/sun/jersey/core/util/KeyComparatorHashMap$EntrySet
instanceKlass java/util/TreeMap$EntrySet
instanceKlass java/util/EnumMap$EntrySet
instanceKlass java/util/concurrent/ConcurrentSkipListMap$EntrySet
instanceKlass java/util/concurrent/ConcurrentSkipListMap$KeySet
instanceKlass java/util/concurrent/ConcurrentSkipListSet
instanceKlass java/util/WeakHashMap$EntrySet
instanceKlass io/netty/channel/group/DefaultChannelGroup
instanceKlass org/springframework/util/ConcurrentReferenceHashMap$EntrySet
instanceKlass java/util/TreeMap$KeySet
instanceKlass java/util/TreeSet
instanceKlass java/lang/ProcessEnvironment$CheckedKeySet
instanceKlass java/util/concurrent/CopyOnWriteArraySet
instanceKlass java/lang/ProcessEnvironment$CheckedEntrySet
instanceKlass java/util/Hashtable$KeySet
instanceKlass java/util/Collections$SingletonSet
instanceKlass java/util/AbstractMap$1
instanceKlass java/util/EnumSet
instanceKlass java/util/HashMap$EntrySet
instanceKlass java/util/IdentityHashMap$EntrySet
instanceKlass sun/util/resources/ParallelListResourceBundle$KeySet
instanceKlass java/util/HashMap$KeySet
instanceKlass java/util/LinkedHashMap$LinkedEntrySet
instanceKlass java/util/LinkedHashMap$LinkedKeySet
instanceKlass java/util/HashSet
instanceKlass java/util/WeakHashMap$KeySet
instanceKlass java/util/Collections$SetFromMap
instanceKlass java/util/Hashtable$EntrySet
instanceKlass java/util/Collections$EmptySet
ciInstanceKlass java/util/AbstractSet 1 1 71 1 1 1 1 1 1 1 1 1 1 1 1 1 1 1 1 1 1 1 1 1 1 1 1 1 1 1 1 1 1 1 1 100 100 7 7 7 7 7 7 7 1 1 1 1 12 12 12 12 12 12 12 12 12 12 12 10 10 10 10 10 10 10 11 11 11 11 11 11 1
instanceKlass com/sun/jersey/core/util/KeyComparatorHashMap
instanceKlass com/thoughtworks/xstream/core/util/WeakCache
instanceKlass com/google/common/collect/MapMakerInternalMap
instanceKlass org/apache/commons/configuration/MapConfiguration$1
instanceKlass java/util/concurrent/ConcurrentSkipListMap
instanceKlass org/hibernate/internal/util/collections/BoundedConcurrentHashMap
instanceKlass org/apache/tomcat/util/collections/ManagedConcurrentWeakHashMap
instanceKlass java/util/TreeMap$NavigableSubMap
instanceKlass org/hibernate/validator/internal/util/ConcurrentReferenceHashMap
instanceKlass java/util/Collections$SingletonMap
instanceKlass java/util/TreeMap
instanceKlass java/util/EnumMap
instanceKlass org/springframework/util/ConcurrentReferenceHashMap
instanceKlass java/util/IdentityHashMap
instanceKlass java/util/concurrent/ConcurrentHashMap
instanceKlass sun/util/PreHashedMap
instanceKlass java/util/WeakHashMap
instanceKlass java/util/HashMap
instanceKlass java/util/Collections$EmptyMap
ciInstanceKlass java/util/AbstractMap 1 1 152 8 8 1 1 1 1 1 1 1 1 1 1 1 1 1 1 1 1 1 1 1 1 1 1 1 1 1 1 1 1 1 1 1 1 1 1 1 1 1 1 1 1 1 1 1 1 1 1 1 1 1 1 1 1 1 1 1 1 1 1 1 100 100 100 7 100 100 7 7 100 100 100 100 7 7 7 7 1 1 1 1 1 1 1 1 1 1 1 1 1 1 1 1 1 1 1 12 12 12 12 12 12 12 12 12 12 12 12 12 12 12 12 12 12 12 12 12 12 12 9 9 10 10 10 10 10 10 10 10 10 10 10 10 10 10 11 11 11 11 11 11 11 11 11 11 11 11 11 1 1 1
instanceKlass org/springframework/web/servlet/FlashMap
instanceKlass com/fasterxml/jackson/databind/deser/impl/PropertyBasedCreator$CaseInsensitiveMap
instanceKlass sun/nio/ch/WindowsSelectorImpl$FdMap
instanceKlass com/sun/jersey/core/util/MultivaluedMapImpl
instanceKlass com/sun/jersey/core/header/MediaTypes$4
instanceKlass com/thoughtworks/xstream/core/util/OrderRetainingMap
instanceKlass org/springframework/cloud/configuration/SpringBootVersionVerifier$1
instanceKlass org/hibernate/annotations/common/reflection/java/TypeEnvironmentMap$ContextScope
instanceKlass java/lang/ProcessEnvironment
instanceKlass java/util/LinkedHashMap
ciInstanceKlass java/util/HashMap 1 1 482 3 3 4 4 4 4 4 8 8 8 100 7 100 1 1 1 1 1 1 1 1 1 1 1 1 1 1 1 1 1 1 1 1 1 1 1 1 1 1 1 1 1 1 1 1 1 1 1 1 1 1 1 1 1 1 1 1 1 1 1 1 1 1 1 1 1 1 1 1 1 1 1 1 1 1 1 1 1 1 1 1 1 1 1 1 1 1 1 1 1 1 1 1 1 1 1 1 1 1 1 1 1 1 1 1 1 1 1 1 1 1 1 1 1 1 1 1 1 1 1 1 1 1 1 1 1 1 1 1 1 1 1 1 1 1 1 1 1 1 1 1 1 1 1 1 1 1 1 1 1 1 1 1 1 1 1 1 1 1 1 1 1 1 1 1 1 1 1 1 1 1 1 1 1 1 1 1 1 1 1 1 1 1 1 1 1 1 1 1 1 3 3 3 3 5 0 100 7 100 100 100 100 100 100 100 100 100 7 100 100 100 100 7 100 100 100 7 100 100 7 100 7 100 100 100 100 7 100 7 7 100 100 7 7 7 7 7 7 100 7 100 100 1 1 1 1 1 1 1 1 1 1 1 1 1 1 1 1 1 1 1 1 1 1 1 1 1 1 1 1 1 1 1 1 1 1 1 1 1 1 1 1 1 1 1 1 1 1 1 1 1 1 1 1 1 1 1 1 1 1 1 1 1 1 1 1 1 1 1 1 1 1 1 1 12 12 12 12 12 12 12 12 12 12 12 12 12 12 12 12 12 12 12 12 12 12 12 12 12 12 12 12 12 12 12 12 12 12 12 12 12 12 12 12 12 12 12 12 12 12 12 12 12 12 12 12 12 12 12 12 12 12 12 12 12 12 12 12 12 12 12 12 12 12 12 12 12 9 9 9 9 9 9 9 9 9 9 9 9 9 9 10 10 10 10 10 10 10 10 10 10 10 10 10 10 10 10 10 10 10 10 10 10 10 10 10 10 10 10 10 10 10 10 10 10 10 10 10 10 10 10 10 10 10 10 10 10 10 10 10 10 10 10 10 11 11 11 11 11 11 11 11 11 11 11 11 11 11 1 1 1 1 1 1 1 1 1 1 1 1 1
instanceKlass java/util/LinkedHashMap$Entry
ciInstanceKlass java/util/HashMap$Node 1 1 85 8 1 1 1 1 1 1 1 1 1 1 1 1 1 1 1 1 1 1 1 1 1 1 1 1 1 1 1 1 1 1 1 1 1 1 1 1 1 1 1 1 1 7 100 100 7 100 100 7 1 1 1 1 1 1 1 1 1 12 12 12 12 12 12 12 12 12 12 12 12 9 9 9 9 10 10 10 10 10 10 10 11 11 1
ciInstanceKlass java/lang/Math 1 1 281 3 3 3 3 3 3 4 4 4 4 4 8 8 7 1 1 1 1 1 1 1 1 1 1 1 1 1 1 1 1 1 1 1 1 1 1 1 1 1 1 1 1 1 1 1 1 1 1 1 1 1 1 1 1 1 1 1 1 1 1 1 1 1 1 1 1 1 1 1 1 1 1 1 1 1 1 1 1 1 1 1 1 1 1 1 1 1 1 1 1 1 1 1 1 1 1 1 1 1 1 1 1 1 1 1 1 1 1 1 1 1 1 1 1 1 1 1 1 1 1 1 1 1 1 1 5 0 5 0 5 0 5 0 5 0 5 0 5 0 5 0 5 0 5 0 6 0 6 0 6 0 6 0 6 0 6 0 6 0 6 0 6 0 100 100 7 7 7 100 100 100 100 1 12 12 12 12 12 12 12 12 12 12 12 12 12 12 12 12 12 12 12 12 12 12 12 12 12 12 12 12 12 12 12 12 12 12 12 12 12 12 12 12 12 12 12 12 12 12 12 12 12 12 12 12 9 9 9 9 9 9 10 10 10 10 10 10 10 10 10 10 10 10 10 10 10 10 10 10 10 10 10 10 10 10 10 10 10 10 10 10 10 10 10 10 10 10 10 10 10 10 10 10 10 10 10 10 10 1 1
staticfield java/lang/Math $assertionsDisabled Z 1
ciInstanceKlass java/util/Iterator 1 1 45 8 1 1 1 1 1 1 1 1 1 1 1 1 1 1 1 1 1 1 1 1 1 1 1 100 100 7 7 7 1 1 1 1 12 12 12 12 12 10 10 11 11 11 1
ciInstanceKlass java/util/Arrays 1 1 800 3 8 8 8 8 8 8 8 8 100 100 100 100 100 100 7 100 100 7 1 1 1 1 1 1 1 1 1 1 1 1 1 1 1 1 1 1 1 1 1 1 1 1 1 1 1 1 1 1 1 1 1 1 1 1 1 1 1 1 1 1 1 1 1 1 1 1 1 1 1 1 1 1 1 1 1 1 1 1 1 1 1 1 1 1 1 1 1 1 1 1 1 1 1 1 1 1 1 1 1 1 1 1 1 1 1 1 1 1 1 1 1 1 1 1 1 1 1 1 1 1 1 1 1 1 1 1 1 1 1 1 1 1 1 1 1 1 1 1 1 1 1 1 1 1 1 1 1 1 1 1 1 1 1 1 1 1 1 1 1 1 1 1 1 1 1 1 1 1 1 1 1 1 1 1 1 1 1 1 1 1 1 1 1 1 1 1 1 1 1 1 1 1 1 1 1 1 1 1 1 1 1 1 1 1 1 1 1 1 1 1 1 1 1 1 1 1 1 1 1 1 1 1 1 1 1 1 1 1 1 1 1 1 1 1 1 1 1 1 1 1 1 1 1 1 1 1 1 1 1 1 1 1 1 1 1 1 1 1 1 1 1 1 1 1 1 1 1 1 1 1 1 1 1 1 3 3 100 100 100 7 7 100 100 100 7 7 7 7 7 100 100 100 7 100 100 100 100 100 7 7 100 100 100 100 100 100 100 100 100 100 100 100 100 100 100 100 100 100 7 7 7 100 100 100 100 100 100 100 7 7 100 100 100 100 100 100 7 1 1 1 1 1 1 1 1 1 1 1 1 1 1 1 1 1 1 1 1 1 1 1 1 1 1 1 1 1 1 1 1 1 1 1 1 1 1 1 1 1 1 1 1 1 1 1 1 1 1 1 1 1 1 1 1 1 1 1 1 1 1 1 1 1 1 1 1 1 1 1 1 1 1 1 1 1 1 1 1 1 1 1 1 1 1 1 1 1 1 1 1 1 1 1 1 1 1 1 1 1 1 1 1 1 1 1 1 1 1 1 1 1 1 1 1 1 1 1 1 1 1 1 1 1 1 1 1 1 1 1 1 12 12 12 12 12 12 12 12 12 12 12 12 12 12 12 12 12 12 12 12 12 12 12 12 12 12 12 12 12 12 12 12 12 12 12 12 12 12 12 12 12 12 12 12 12 12 12 12 12 12 12 12 12 12 12 12 12 12 12 12 12 12 12 12 12 12 12 12 12 12 12 12 12 12 12 12 12 12 12 12 12 12 12 12 12 12 12 12 12 12 12 12 12 12 12 12 12 12 12 12 12 12 12 12 12 12 12 12 12 12 12 12 12 12 12 12 12 12 12 12 12 12 12 12 12 12 12 12 12 12 12 12 12 12 12 12 12 12 12 12 12 12 12 9 9 10 10 10 10 10 10 10 10 10 10 10 10 10 10 10 10 10 10 10 10 10 10 10 10 10 10 10 10 10 10 10 10 10 10 10 10 10 10 10 10 10 10 10 10 10 10 10 10 10 10 10 10 10 10 10 10 10 10 10 10 10 10 10 10 10 10 10 10 10 10 10 10 10 10 10 10 10 10 10 10 10 10 10 10 10 10 10 10 10 10 10 10 10 10 10 10 10 10 10 10 10 10 10 10 10 10 10 10 10 10 10 10 10 10 10 10 10 10 10 10 10 10 10 10 10 10 10 10 10 10 10 10 10 10 10 10 10 10 10 10 10 11 11 11 11 11 11 11 11 11 11 11 11 15 15 15 15 15 16 18 18 18 18 1 1 1 1 1 1 1 1 1 1 1 1 1 1 1 1 1 1 1 1 1
staticfield java/util/Arrays $assertionsDisabled Z 1
instanceKlass com/netflix/discovery/util/DeserializerStringCache$1
instanceKlass org/springframework/jdbc/core/namedparam/NamedParameterJdbcTemplate$1
instanceKlass org/springframework/web/servlet/view/AbstractCachingViewResolver$2
instanceKlass org/springframework/ui/ModelMap
instanceKlass org/hibernate/internal/util/collections/BoundedConcurrentHashMap$LRU
instanceKlass org/postgresql/util/LruCache$LimitedMap
instanceKlass org/apache/tomcat/util/res/StringManager$1
instanceKlass org/springframework/beans/factory/support/ManagedMap
instanceKlass org/springframework/boot/autoconfigure/template/TemplateAvailabilityProviders$1
instanceKlass org/springframework/util/LinkedCaseInsensitiveMap$1
instanceKlass com/fasterxml/classmate/util/LRUTypeCache$CacheMap
instanceKlass org/springframework/core/type/classreading/CachingMetadataReaderFactory$LocalResourceCache
instanceKlass org/springframework/core/annotation/AnnotationAttributes
instanceKlass org/joda/time/format/DateTimeFormat$1
instanceKlass java/io/ExpiringCache$1
ciInstanceKlass java/util/LinkedHashMap 1 1 230 1 1 1 1 1 1 1 1 1 1 1 1 1 1 1 1 1 1 1 1 1 1 1 1 1 1 1 1 1 1 1 1 1 1 1 1 1 1 1 1 1 1 1 1 1 1 1 1 1 1 1 1 1 1 1 1 1 1 1 1 1 1 1 1 1 1 1 1 1 1 1 1 1 1 1 1 1 1 1 1 1 1 1 1 1 5 0 100 100 100 100 100 100 7 7 100 7 7 7 7 7 7 7 7 7 100 100 100 7 100 1 1 1 1 1 1 1 1 1 1 1 1 1 1 1 1 1 1 1 1 1 1 1 1 1 1 1 1 1 1 1 1 1 1 1 1 1 1 1 1 1 1 12 12 12 12 12 12 12 12 12 12 12 12 12 12 12 12 12 12 12 12 12 12 12 12 12 12 12 12 12 12 12 9 9 9 9 9 9 9 9 9 9 9 9 9 10 10 10 10 10 10 10 10 10 10 10 10 10 10 10 10 10 10 10 10 10 10 11 11 1 1 1 1 1 1 1 1 1
instanceKlass java/util/HashMap$TreeNode
ciInstanceKlass java/util/LinkedHashMap$Entry 1 1 27 1 1 1 1 1 1 1 1 1 1 1 1 1 1 100 7 100 100 1 1 1 1 1 12 10 1
instanceKlass java/security/InvalidParameterException
instanceKlass org/springframework/web/servlet/resource/ResourceUrlEncodingFilter$LookupPathIndexException
instanceKlass java/nio/charset/UnsupportedCharsetException
instanceKlass java/util/IllegalFormatException
instanceKlass java/nio/file/InvalidPathException
instanceKlass org/springframework/aop/framework/adapter/UnknownAdviceTypeException
instanceKlass org/springframework/http/InvalidMediaTypeException
instanceKlass org/springframework/util/InvalidMimeTypeException
instanceKlass org/springframework/core/Constants$ConstantException
instanceKlass java/util/regex/PatternSyntaxException
instanceKlass java/lang/NumberFormatException
ciInstanceKlass java/lang/IllegalArgumentException 1 1 27 1 1 1 1 1 1 1 1 1 1 1 1 5 0 100 7 1 12 12 12 12 10 10 10 10 1
ciInstanceKlass java/util/Collections$SetFromMap 1 1 157 8 1 1 1 1 1 1 1 1 1 1 1 1 1 1 1 1 1 1 1 1 1 1 1 1 1 1 1 1 1 1 1 1 1 1 1 1 1 1 1 1 1 1 1 1 1 1 1 1 1 1 1 1 1 1 1 1 1 1 1 1 5 0 100 100 100 7 100 100 100 7 100 7 7 7 1 1 1 1 1 1 1 1 1 1 1 1 1 1 1 1 1 1 1 1 1 1 1 1 1 12 12 12 12 12 12 12 12 12 12 12 12 12 12 12 12 12 12 12 12 12 12 12 12 12 12 12 9 9 9 10 10 10 10 11 11 11 11 11 11 11 11 11 11 11 11 11 11 11 11 11 11 11 11 1 1
instanceKlass com/fasterxml/jackson/core/util/InternCache
ciInstanceKlass java/util/concurrent/ConcurrentHashMap 1 1 1012 3 3 3 4 8 8 8 8 7 7 7 7 7 7 1 1 1 1 1 1 1 1 1 1 1 1 1 1 1 1 1 1 1 1 1 1 1 1 1 1 1 1 1 1 1 1 1 1 1 1 1 1 1 1 1 1 1 1 1 1 1 1 1 1 1 1 1 1 1 1 1 1 1 1 1 1 1 1 1 1 1 1 1 1 1 1 1 1 1 1 1 1 1 1 1 1 1 1 1 1 1 1 1 1 1 1 1 1 1 1 1 1 1 1 1 1 1 1 1 1 1 1 1 1 1 1 1 1 1 1 1 1 1 1 1 1 1 1 1 1 1 1 1 1 1 1 1 1 1 1 1 1 1 1 1 1 1 1 1 1 1 1 1 1 1 1 1 1 1 1 1 1 1 1 1 1 1 1 1 1 1 1 1 1 1 1 1 1 1 1 1 1 1 1 1 1 1 1 1 1 1 1 1 1 1 1 1 1 1 1 1 1 1 1 1 1 1 1 1 1 1 1 1 1 1 1 1 1 1 1 1 1 1 1 1 1 1 1 1 1 1 1 1 1 1 1 1 1 1 1 1 1 1 1 1 1 1 1 1 1 1 1 1 1 1 1 1 1 1 1 1 1 1 1 1 1 1 1 1 1 1 1 1 1 1 1 1 1 1 1 1 1 1 1 1 1 1 1 1 1 1 1 1 1 1 1 1 1 1 1 1 1 1 1 1 1 1 1 1 1 3 3 3 3 3 3 3 3 5 0 5 0 5 0 5 0 5 0 5 0 8 8 8 8 8 8 100 100 100 100 100 100 7 100 7 7 100 100 100 100 100 7 100 100 7 7 100 7 100 7 100 7 100 7 7 7 7 100 100 100 100 7 100 100 100 100 100 100 100 100 100 7 100 7 100 100 100 100 100 100 100 100 100 100 100 100 100 100 100 100 100 100 7 100 100 100 7 100 100 100 100 100 100 7 7 7 100 100 7 100 100 100 100 7 100 7 7 1 1 1 1 1 1 1 1 1 1 1 1 1 1 1 1 1 1 1 1 1 1 1 1 1 1 1 1 1 1 1 1 1 1 1 1 1 1 1 1 1 1 1 1 1 1 1 1 1 1 1 1 1 1 1 1 1 1 1 1 1 1 1 1 1 1 1 1 1 1 1 1 1 1 1 1 1 1 1 1 1 1 1 1 1 1 1 1 1 1 1 1 1 1 1 1 1 1 1 1 1 1 1 1 1 1 1 1 1 1 1 1 1 1 1 1 1 1 1 1 1 1 1 1 1 1 1 1 1 1 1 1 1 1 1 1 1 1 1 1 1 1 1 1 1 1 1 1 1 1 1 1 1 1 1 1 1 1 1 1 1 1 1 1 1 1 1 1 1 1 1 1 12 12 12 12 12 12 12 12 12 12 12 12 12 12 12 12 12 12 12 12 12 12 12 12 12 12 12 12 12 12 12 12 12 12 12 12 12 12 12 12 12 12 12 12 12 12 12 12 12 12 12 12 12 12 12 12 12 12 12 12 12 12 12 12 12 12 12 12 12 12 12 12 12 12 12 12 12 12 12 12 12 12 12 12 12 12 12 12 12 12 12 12 12 12 12 12 12 12 12 12 12 12 12 12 12 12 12 12 12 12 12 12 12 12 12 12 12 12 12 12 12 12 12 12 12 12 12 12 12 12 12 12 12 12 12 12 12 12 12 12 12 12 12 12 12 12 12 12 12 12 9 9 9 9 9 9 9 9 9 9 9 9 9 9 9 9 9 9 9 9 9 9 9 9 9 9 9 9 9 9 9 9 9 9 9 9 10 10 10 10 10 10 10 10 10 10 10 10 10 10 10 10 10 10 10 10 10 10 10 10 10 10 10 10 10 10 10 10 10 10 10 10 10 10 10 10 10 10 10 10 10 10 10 10 10 10 10 10 10 10 10 10 10 10 10 10 10 10 10 10 10 10 10 10 10 10 10 10 10 10 10 10 10 10 10 10 10 10 10 10 10 10 10 10 10 10 10 10 10 10 10 10 10 10 10 10 10 10 10 10 10 10 10 10 10 10 10 10 10 10 10 10 10 10 10 10 10 10 10 10 10 10 10 10 10 10 10 10 10 10 10 10 10 10 10 10 10 10 10 10 10 10 10 10 11 11 11 11 11 11 11 11 11 11 11 11 11 11 1 1 1 1 1 1 1 1 1 1 1 1 1 1 1 1 1 1 1 1 1 1 1 1 1 1 1 1 1 1 1 1 1 1 1 1 1 1 1 1 1 1 1 1 1 1 1 1 1 1 1 1 1 1
staticfield java/util/concurrent/ConcurrentHashMap MAX_RESIZERS I 65535
staticfield java/util/concurrent/ConcurrentHashMap RESIZE_STAMP_SHIFT I 16
staticfield java/util/concurrent/ConcurrentHashMap NCPU I 12
staticfield java/util/concurrent/ConcurrentHashMap serialPersistentFields [Ljava/io/ObjectStreamField; 3 [Ljava/io/ObjectStreamField;
staticfield java/util/concurrent/ConcurrentHashMap U Lsun/misc/Unsafe; sun/misc/Unsafe
staticfield java/util/concurrent/ConcurrentHashMap SIZECTL J 20
staticfield java/util/concurrent/ConcurrentHashMap TRANSFERINDEX J 32
staticfield java/util/concurrent/ConcurrentHashMap BASECOUNT J 24
staticfield java/util/concurrent/ConcurrentHashMap CELLSBUSY J 36
staticfield java/util/concurrent/ConcurrentHashMap CELLVALUE J 144
staticfield java/util/concurrent/ConcurrentHashMap ABASE J 16
staticfield java/util/concurrent/ConcurrentHashMap ASHIFT I 2
instanceKlass java/util/concurrent/ConcurrentHashMap$TreeBin
instanceKlass java/util/concurrent/ConcurrentHashMap$TreeNode
instanceKlass java/util/concurrent/ConcurrentHashMap$ReservationNode
instanceKlass java/util/concurrent/ConcurrentHashMap$ForwardingNode
ciInstanceKlass java/util/concurrent/ConcurrentHashMap$Node 1 1 87 8 1 1 1 1 1 1 1 1 1 1 1 1 1 1 1 1 1 1 1 1 1 1 1 1 1 1 1 1 1 1 1 1 1 1 1 1 1 1 1 1 1 1 7 100 100 100 100 100 7 1 1 1 1 1 1 1 1 1 12 12 12 12 12 12 12 12 12 12 12 12 9 9 9 9 10 10 10 10 10 10 10 10 11 11 1
instanceKlass com/sun/jersey/spi/service/ServiceFinder$1
instanceKlass org/springframework/data/mapping/model/SimpleTypeHolder$1
instanceKlass java/util/LinkedHashSet
ciInstanceKlass java/util/HashSet 1 1 243 4 4 4 8 8 8 100 1 1 1 1 1 1 1 1 1 1 1 1 1 1 1 1 1 1 1 1 1 1 1 1 1 1 1 1 1 1 1 1 1 1 1 1 1 1 1 1 1 1 1 1 1 1 1 1 1 1 1 1 1 1 1 1 1 1 1 1 1 1 1 1 1 1 1 1 1 1 1 1 1 1 1 1 1 1 1 1 1 1 1 1 1 1 1 1 1 1 1 1 1 1 1 1 1 1 1 1 5 0 100 100 100 100 100 100 100 100 100 100 7 7 100 7 7 7 7 7 100 7 100 100 100 7 100 100 1 1 1 1 1 1 1 1 1 1 1 1 1 1 1 1 1 1 1 12 12 12 12 12 12 12 12 12 12 12 12 12 12 12 12 12 12 12 12 12 12 12 12 12 12 12 12 12 12 12 12 12 12 12 12 12 12 12 12 9 9 10 10 10 10 10 10 10 10 10 10 10 10 10 10 10 10 10 10 10 10 10 10 10 10 10 10 10 10 10 10 10 10 10 10 10 10 10 10 10 11 11 11 11 11 1 1
staticfield java/util/HashSet PRESENT Ljava/lang/Object; java/lang/Object
ciInstanceKlass java/util/LinkedHashMap$LinkedKeySet 1 1 100 1 1 1 1 1 1 1 1 1 1 1 1 1 1 1 1 1 1 1 1 1 1 1 1 1 1 1 1 1 1 1 1 1 1 1 1 1 1 1 1 1 100 7 100 100 100 7 100 7 7 7 100 1 1 1 1 1 1 1 1 1 1 1 1 1 1 12 12 12 12 12 12 12 12 12 12 12 12 12 12 9 9 9 9 9 9 10 10 10 10 10 10 10 10 10 11 1 1 1
instanceKlass java/util/LinkedHashMap$LinkedValueIterator
instanceKlass java/util/LinkedHashMap$LinkedEntryIterator
instanceKlass java/util/LinkedHashMap$LinkedKeyIterator
ciInstanceKlass java/util/LinkedHashMap$LinkedHashIterator 1 1 80 1 1 1 1 1 1 1 1 1 1 1 1 1 1 1 1 1 1 1 1 1 1 1 1 1 1 1 1 1 1 1 1 1 1 1 100 7 100 7 7 7 7 7 100 1 1 1 1 1 1 1 1 12 12 12 12 12 12 12 12 12 12 12 9 9 9 9 9 9 9 9 10 10 10 10 10 10 1 1
ciInstanceKlass java/util/LinkedHashMap$LinkedKeyIterator 1 1 39 1 1 1 1 1 1 1 1 1 1 1 1 1 1 1 1 1 1 100 100 7 7 7 1 1 1 1 12 12 12 12 9 10 10 10 1 1 1
ciInstanceKlass java/util/function/Function 1 1 65 1 1 1 1 1 1 1 1 1 1 1 1 1 1 1 1 1 1 1 1 1 1 1 1 100 7 100 100 7 7 1 1 1 1 1 1 1 1 1 1 12 12 12 12 12 12 12 12 10 10 11 11 11 11 15 15 15 15 16 18 18 18 1 1
ciInstanceKlass sun/misc/URLClassPath$JarLoader 1 1 522 8 8 8 8 8 8 8 8 8 8 8 1 1 1 1 1 1 1 1 1 1 1 1 1 1 1 1 1 1 1 1 1 1 1 1 1 1 1 1 1 1 1 1 1 1 1 1 1 1 1 1 1 1 1 1 1 1 1 1 1 1 1 1 1 1 1 1 1 1 1 1 1 1 1 1 1 1 1 1 1 1 1 1 1 1 1 1 1 1 1 1 1 1 1 1 1 1 1 1 1 1 1 1 1 1 1 1 1 1 1 1 1 1 1 1 1 1 1 1 1 1 1 1 1 1 1 1 1 1 1 1 1 1 1 1 1 1 1 1 1 1 1 1 1 1 1 1 1 1 1 1 1 1 1 1 1 1 1 1 1 1 1 1 1 1 1 1 1 1 1 1 1 1 1 1 1 1 1 1 1 1 1 1 1 1 1 1 1 1 1 1 1 1 1 1 1 7 100 7 7 7 100 100 100 100 7 7 7 100 100 100 7 100 100 100 100 7 7 100 7 7 7 7 7 100 100 100 100 7 100 7 7 7 100 7 7 100 7 7 7 7 7 7 7 100 7 7 7 1 1 1 1 1 1 1 1 1 1 1 1 1 1 1 1 1 1 1 1 1 1 1 1 1 1 1 1 1 1 1 1 1 1 1 1 1 1 1 1 1 1 1 1 1 1 1 1 1 1 1 1 1 1 1 1 1 1 1 1 1 1 1 1 1 1 1 1 1 12 12 12 12 12 12 12 12 12 12 12 12 12 12 12 12 12 12 12 12 12 12 12 12 12 12 12 12 12 12 12 12 12 12 12 12 12 12 12 12 12 12 12 12 12 12 12 12 12 12 12 12 12 12 12 12 12 12 12 12 12 12 12 12 12 12 12 12 12 12 12 12 12 12 12 12 12 12 12 12 12 12 12 12 12 12 12 12 12 12 12 12 12 12 12 12 9 9 9 9 9 9 9 9 9 9 9 9 9 10 10 10 10 10 10 10 10 10 10 10 10 10 10 10 10 10 10 10 10 10 10 10 10 10 10 10 10 10 10 10 10 10 10 10 10 10 10 10 10 10 10 10 10 10 10 10 10 10 10 10 10 10 10 10 10 10 10 10 10 10 10 10 10 10 10 10 10 10 10 10 10 10 10 10 10 10 10 10 10 10 10 10 10 10 10 10 11 11 11 11 11 1 1 1
staticfield sun/misc/URLClassPath$JarLoader zipAccess Lsun/misc/JavaUtilZipFileAccess; java/util/zip/ZipFile$1
ciInstanceKlass java/io/FilePermission 1 1 205 8 8 8 8 8 8 8 8 8 8 1 1 1 1 1 1 1 1 1 1 1 1 1 1 1 1 1 1 1 1 1 1 1 1 1 1 1 1 1 1 1 1 1 1 1 1 1 1 1 1 1 1 1 1 1 1 1 1 1 1 1 1 1 1 1 1 1 1 1 1 1 1 1 1 1 1 1 1 1 1 1 1 1 1 1 1 1 1 1 1 1 1 1 1 1 1 1 1 1 1 1 1 1 1 1 1 3 3 3 3 3 3 3 3 3 5 0 100 7 7 7 7 100 100 100 100 100 100 100 7 100 7 7 1 1 1 1 1 1 1 1 1 1 12 12 12 12 12 12 12 12 12 12 12 12 12 12 12 12 12 12 12 12 12 12 12 12 12 12 12 12 12 9 9 9 9 9 9 10 10 10 10 10 10 10 10 10 10 10 10 10 10 10 10 10 10 10 10 10 10 10 10 10 10
ciInstanceKlass java/util/concurrent/ConcurrentHashMap$ForwardingNode 1 1 56 1 1 1 1 1 1 1 1 1 1 1 1 1 1 1 1 1 1 1 1 1 1 1 100 100 100 7 7 1 1 1 1 1 1 1 1 1 12 12 12 12 12 12 12 12 9 9 9 9 10 10 10 10 1 1
instanceKlass com/thoughtworks/xstream/mapper/AnnotationMapper$1
instanceKlass com/thoughtworks/xstream/mapper/AnnotationMapper$UnprocessedTypesSet
instanceKlass org/springframework/beans/factory/support/ManagedSet
ciInstanceKlass java/util/LinkedHashSet 1 1 56 4 1 1 1 1 1 1 1 1 1 1 1 1 1 1 1 1 1 1 1 1 1 1 1 1 1 1 5 0 100 100 7 7 7 7 100 7 1 1 1 1 1 1 1 12 12 12 12 12 10 10 10 10 11 1
instanceKlass java/util/ArrayList$ListItr
ciInstanceKlass java/util/ArrayList$Itr 1 1 87 1 1 1 1 1 1 1 1 1 1 1 1 1 1 1 1 1 1 1 1 1 1 1 1 1 1 1 1 1 1 1 1 1 1 1 1 1 1 100 100 100 7 7 7 100 100 100 7 7 1 1 1 1 1 1 1 1 12 12 12 12 12 12 12 12 12 12 12 12 9 9 9 9 9 9 10 10 10 10 10 10 10 10 11 1 1
instanceKlass java/util/HashMap$EntryIterator
instanceKlass java/util/HashMap$KeyIterator
instanceKlass java/util/HashMap$ValueIterator
ciInstanceKlass java/util/HashMap$HashIterator 1 1 81 1 1 1 1 1 1 1 1 1 1 1 1 1 1 1 1 1 1 1 1 1 1 1 1 1 1 1 1 1 1 1 1 1 1 100 100 7 100 7 7 7 100 1 1 1 1 1 1 1 1 12 12 12 12 12 12 12 12 12 12 12 12 9 9 9 9 9 9 9 9 9 9 10 10 10 10 10 10 1 1
ciInstanceKlass org/springframework/beans/factory/BeanFactory 1 0 49 100 100 1 1 1 8 1 1 1 100 1 1 1 1 1 1 1 1 1 1 1 1 1 1 1 1 100 1 1 1 1 1 1 1 1 1 1 1 1 1 1 1 1 1 1 1 1 1
ciInstanceKlass org/apache/commons/logging/Log 1 0 22 100 100 1 1 1 1 1 1 1 1 1 1 1 1 1 1 1 1 1 1 1
ciInstanceKlass java/util/HashMap$KeySet 1 1 98 1 1 1 1 1 1 1 1 1 1 1 1 1 1 1 1 1 1 1 1 1 1 1 1 1 1 1 1 1 1 1 1 1 1 1 1 1 1 1 100 100 7 100 7 7 7 100 100 100 1 1 1 1 1 1 1 1 1 1 1 1 1 1 12 12 12 12 12 12 12 12 12 12 12 12 12 12 9 9 9 9 9 9 10 10 10 10 10 10 10 10 10 11 1 1 1 1
ciInstanceKlass java/util/HashMap$KeyIterator 1 1 40 1 1 1 1 1 1 1 1 1 1 1 1 1 1 1 1 1 1 1 100 7 7 7 100 1 1 1 1 12 12 12 12 9 9 10 10 1 1 1
ciInstanceKlass org/springframework/util/Assert 1 1 322 10 7 10 10 8 10 100 10 8 10 8 10 8 10 10 8 10 10 8 10 10 18 10 10 8 10 8 10 10 8 10 11 11 11 10 8 10 8 10 10 8 10 8 10 10 10 10 10 8 10 100 10 10 8 10 10 8 8 10 8 8 10 8 8 8 8 11 100 8 8 7 100 1 1 1 1 1 1 1 1 1 1 1 1 1 1 1 1 1 1 1 1 1 1 1 1 1 1 1 1 1 1 1 1 1 1 1 1 1 1 1 1 1 1 1 1 1 1 1 1 1 1 1 1 1 1 1 1 1 1 100 1 1 1 1 1 1 1 1 1 100 1 1 1 1 1 1 1 1 1 1 1 1 1 1 1 1 1 1 1 1 1 1 1 1 1 1 1 1 1 1 1 1 1 1 100 1 1 1 1 1 1 100 100 1 1 1 1 1 1 1 12 1 12 12 1 12 1 1 12 1 12 1 12 7 12 1 12 12 1 12 12 1 15 16 15 16 12 12 7 12 1 12 1 12 7 12 1 12 100 12 100 12 12 12 1 12 1 7 12 12 1 12 1 12 12 12 12 12 1 12 1 12 1 12 12 1 1 12 1 1 12 1 1 1 1 100 12 1 1 1 1 1 1 1 1 1 10 1 10 1 1 1 1 1 1 1 1 1 1 1 1 1 1 1 1 1 1 1 1 1 1 1 1 1 1 1 1 1 100 12 12 1 1 100 1 1 1 100 1 1
ciInstanceKlass org/springframework/util/ClassUtils 1 1 914 10 9 10 11 10 10 7 7 10 10 10 10 8 10 10 11 7 8 10 10 10 10 10 10 8 10 8 8 10 10 10 7 10 7 10 10 10 10 7 100 8 8 10 10 100 100 8 8 10 8 100 10 8 10 10 9 9 11 10 10 10 10 9 9 8 8 10 8 10 8 10 8 8 8 10 8 10 10 10 100 8 10 11 11 11 10 10 9 11 7 8 10 10 10 10 10 10 10 10 7 10 10 11 10 8 10 10 7 9 11 10 10 10 10 10 8 10 10 10 8 8 10 10 10 8 10 10 10 10 10 10 8 10 10 8 10 10 10 10 7 10 10 10 8 10 8 10 10 10 11 11 7 11 8 10 10 10 10 10 10 10 9 18 11 10 10 10 8 10 10 10 7 10 10 7 10 7 10 7 10 7 9 7 9 7 9 7 9 7 9 7 9 7 9 7 9 7 11 7 11 11 10 11 11 7 7 7 7 7 7 7 7 10 7 7 7 7 7 7 7 7 7 7 7 7 7 7 7 7 7 7 7 7 7 7 7 7 7 7 7 7 7 7 7 7 7 10 1 1 1 1 1 1 1 1 1 1 1 3 1 3 1 3 1 1 1 1 1 1 1 1 1 1 1 1 1 1 1 1 1 1 1 1 1 1 1 1 1 1 1 1 1 1 1 1 1 1 100 100 1 1 1 1 1 1 1 1 100 1 1 1 1 1 1 1 1 1 1 1 1 1 1 100 100 100 1 1 1 1 1 1 1 100 100 1 1 1 1 1 100 1 1 1 1 1 1 1 1 1 1 1 1 1 1 1 1 1 1 1 1 1 1 1 1 1 1 1 1 1 1 1 1 1 1 1 1 1 1 1 1 1 1 1 1 1 1 1 1 1 1 1 1 1 100 100 1 1 1 1 1 1 1 1 1 1 1 1 1 1 1 1 1 1 1 1 1 1 1 1 100 1 1 1 1 1 1 1 1 1 1 1 1 1 1 1 1 1 1 1 1 1 1 1 1 1 1 1 100 1 1 1 1 1 1 1 1 1 1 1 1 1 1 1 1 1 1 100 100 1 1 1 1 1 1 1 1 1 100 1 1 1 1 1 1 1 1 1 1 1 1 1 1 1 1 1 1 100 1 1 1 1 1 1 1 1 1 1 1 1 1 1 1 1 1 1 1 1 1 1 1 1 1 1 1 1 1 1 1 1 1 1 1 12 12 12 12 7 12 12 1 1 12 100 12 12 12 1 7 12 12 12 1 1 12 12 12 12 100 12 12 1 12 1 1 12 12 12 1 12 1 12 12 12 1 1 1 1 12 12 1 1 1 1 1 1 12 1 12 12 12 12 12 12 12 12 12 12 12 1 1 12 1 12 1 12 1 1 1 12 1 7 12 12 7 12 1 1 12 12 12 12 12 12 12 1 12 12 12 12 12 12 12 7 12 1 12 12 12 1 12 7 12 1 12 12 12 12 7 12 12 12 1 12 12 12 1 1 12 12 1 12 12 12 12 12 100 12 1 12 12 1 12 12 12 1 12 12 12 1 12 1 12 12 12 12 1 12 1 12 12 12 12 12 7 12 12 1 15 16 15 16 12 12 12 12 12 1 12 12 12 1 12 12 1 1 1 1 1 1 1 1 1 1 1 1 12 1 12 12 12 12 12 1 1 1 1 1 1 1 1 12 1 1 1 1 1 1 1 1 1 1 1 1 1 1 1 1 1 1 1 1 1 1 1 1 1 1 1 1 1 1 1 1 1 12 1 1 1 1 1 1 1 1 1 1 1 1 1 1 1 1 1 1 1 1 1 1 1 1 1 1 1 1 1 1 1 1 1 1 1 1 1 1 1 1 1 1 1 1 1 1 1 1 1 1 1 1 1 1 1 1 1 1 1 1 1 1 1 1 1 1 1 1 1 1 1 1 1 1 1 1 1 1 1 1 1 1 1 1 1 1 1 1 1 1 1 1 1 1 1 1 1 1 1 1 1 1 1 1 1 1 10 10 1 1 1 1 1 1 1 1 1 1 1 1 1 1 1 1 1 1 1 7 12 12 1 1 100 1 1 100 1 1
staticfield org/springframework/util/ClassUtils EMPTY_CLASS_ARRAY [Ljava/lang/Class; 0 [Ljava/lang/Class;
staticfield org/springframework/util/ClassUtils primitiveWrapperTypeMap Ljava/util/Map; java/util/IdentityHashMap
staticfield org/springframework/util/ClassUtils primitiveTypeToWrapperMap Ljava/util/Map; java/util/IdentityHashMap
staticfield org/springframework/util/ClassUtils primitiveTypeNameMap Ljava/util/Map; java/util/HashMap
staticfield org/springframework/util/ClassUtils commonClassCache Ljava/util/Map; java/util/HashMap
staticfield org/springframework/util/ClassUtils javaLanguageInterfaces Ljava/util/Set; java/util/HashSet
staticfield org/springframework/util/ClassUtils interfaceMethodCache Ljava/util/Map; org/springframework/util/ConcurrentReferenceHashMap
ciInstanceKlass org/springframework/util/StringUtils 1 1 637 10 8 10 11 10 10 11 10 10 10 10 10 10 10 7 10 10 10 10 10 10 10 10 10 10 10 10 10 10 7 10 10 8 10 10 10 10 10 10 10 10 7 8 10 10 8 10 10 7 10 8 8 11 11 11 10 10 10 8 10 7 10 10 100 8 8 10 10 10 10 10 10 10 10 8 10 10 8 10 8 100 10 10 8 8 10 10 8 10 8 10 8 10 9 11 7 10 10 10 10 7 10 10 11 11 10 10 7 10 10 100 10 10 10 10 7 10 10 10 10 10 8 10 11 11 11 10 10 10 100 10 10 10 10 10 100 1 1 1 1 1 1 1 1 1 1 3 1 1 1 1 1 1 1 1 1 1 1 1 1 1 1 1 1 1 1 1 1 1 1 1 1 1 1 1 1 1 1 1 1 100 1 1 1 1 1 1 1 1 1 1 1 1 1 1 1 1 1 1 1 1 1 1 1 1 1 1 1 1 1 1 1 1 1 1 1 1 1 1 1 1 100 1 100 1 1 1 1 100 1 1 1 1 1 1 1 1 1 1 1 1 1 1 1 1 1 1 1 1 1 1 1 1 1 1 1 1 1 1 1 100 1 1 1 1 1 1 1 1 1 1 1 1 1 1 1 1 1 100 100 1 1 1 1 1 1 1 1 1 1 1 1 1 1 1 1 1 100 1 1 1 1 1 1 1 1 1 1 1 1 1 100 1 1 1 1 1 1 1 1 1 1 1 1 1 1 1 1 1 1 1 1 1 1 1 100 1 1 1 1 1 1 1 1 1 1 1 1 1 1 1 1 1 1 1 100 1 1 1 1 1 1 1 1 100 1 1 1 1 1 1 1 1 1 1 1 1 1 1 1 100 1 1 1 1 1 1 1 1 1 1 1 1 1 100 100 1 1 1 1 1 12 1 12 7 12 12 12 12 7 12 12 12 12 12 1 12 12 12 12 12 12 12 12 12 12 12 12 1 12 1 12 12 12 12 12 12 12 12 1 1 12 12 1 12 12 1 1 1 7 12 12 12 12 12 12 1 7 12 1 12 1 1 1 12 100 12 12 12 12 12 12 1 12 12 1 12 1 1 12 12 1 1 12 12 1 100 12 1 12 1 7 12 12 7 12 7 12 12 7 12 100 12 1 7 12 12 7 12 12 12 12 1 12 1 12 12 12 1 12 12 12 12 1 12 12 7 12 12 12 12 12 1 12 12 12 12 1 1 1 1 1 1 1 1 1 1 1 1 1 1 1 1 1 1 1 1 1 1 1 1 1 1 1 1 1 1 1 1 1 1 1 1 1 1 1 1 1 1 1 1 1 1 1 1 1 1 1 1 1 1 1 1 1 1 1 1 1 1 1 1 1 1 1 1 1 1 1 1 1 1 1 1 1 1 1 1 1 1 1 1 1 1 1 1 1 1 1 1 1 1 1 1 1 1 1
staticfield org/springframework/util/StringUtils EMPTY_STRING_ARRAY [Ljava/lang/String; 0 [Ljava/lang/String;
ciInstanceKlass org/springframework/util/CollectionUtils 1 1 333 10 11 11 10 10 11 10 11 11 100 10 10 11 11 11 10 11 10 10 11 10 10 10 10 100 11 11 11 11 11 100 10 10 10 100 10 10 8 10 7 10 100 11 10 18 11 10 10 10 7 100 1 1 1 1 1 1 1 1 1 1 1 1 1 1 1 1 1 1 1 1 1 1 1 1 1 1 1 1 1 1 1 1 1 1 1 1 100 100 100 1 1 1 1 1 1 1 1 1 1 1 1 100 100 1 1 1 1 1 1 1 1 1 1 1 1 1 1 100 1 1 1 1 1 1 1 1 1 1 1 1 1 1 1 1 1 1 1 1 1 100 1 1 1 1 1 1 1 100 1 1 1 1 1 1 1 1 1 1 1 1 1 1 1 1 1 1 1 1 1 1 1 1 100 1 1 1 1 1 1 1 1 1 1 1 1 1 1 1 1 1 1 1 1 1 1 12 7 12 7 100 12 100 12 12 100 12 100 12 12 1 12 12 12 100 12 12 12 12 12 12 12 100 12 12 12 12 1 12 100 7 12 12 12 1 12 1 12 100 12 1 7 12 1 12 1 100 12 1 15 16 15 16 12 12 12 12 12 1 1 1 1 1 1 1 1 1 1 1 1 1 1 1 1 1 1 1 1 1 1 1 1 1 1 1 1 1 1 1 1 1 1 1 1 1 1 1 1 1 1 1 1 1 1 1 1 1 1 1 1 10 1 10 1 1 1 1 1 1 1 1 100 12 12 1 1 100 1 1 100 1 1
instanceKlass org/springframework/beans/factory/BeanInitializationException
instanceKlass org/springframework/beans/InvalidPropertyException
instanceKlass org/springframework/beans/factory/BeanExpressionException
instanceKlass org/springframework/beans/factory/support/BeanDefinitionValidationException
instanceKlass org/springframework/beans/factory/CannotLoadBeanClassException
instanceKlass org/springframework/beans/factory/BeanDefinitionStoreException
instanceKlass org/springframework/beans/factory/FactoryBeanNotInitializedException
instanceKlass org/springframework/beans/factory/BeanCreationException
instanceKlass org/springframework/context/ApplicationContextException
instanceKlass org/springframework/beans/BeanInstantiationException
ciInstanceKlass org/springframework/beans/FatalBeanException 1 1 25 10 10 100 7 1 1 1 1 1 1 1 1 1 1 1 1 1 1 1 1 12 12 1 1
ciInstanceKlass java/lang/invoke/MethodType$ConcurrentWeakInternSet$WeakEntry 1 1 46 1 1 1 1 1 1 1 1 1 1 1 1 1 1 1 1 1 1 1 1 1 7 100 100 7 7 1 1 1 1 12 12 12 12 12 12 9 10 10 10 10 10 1 1 1
ciInstanceKlass java/lang/invoke/BoundMethodHandle$Species_L 1 1 112 8 7 1 1 1 1 1 1 1 1 1 1 1 1 1 1 1 1 1 1 1 1 1 1 1 1 1 1 1 1 1 1 1 1 1 1 1 1 1 1 1 1 1 1 100 7 7 100 7 7 100 1 1 1 1 1 1 1 1 1 1 1 1 1 1 1 1 1 1 12 12 12 12 12 12 12 12 12 12 12 12 12 12 12 12 12 12 12 9 9 9 9 9 9 9 10 10 10 10 10 10 10 10 10 10 10 10 1 1 1 1
staticfield java/lang/invoke/BoundMethodHandle$Species_L SPECIES_DATA Ljava/lang/invoke/BoundMethodHandle$SpeciesData; java/lang/invoke/BoundMethodHandle$SpeciesData
ciInstanceKlass java/util/concurrent/ConcurrentHashMap$ReservationNode 1 1 24 1 1 1 1 1 1 1 1 1 1 1 1 100 7 100 1 1 1 1 12 10 1 1
ciInstanceKlass java/lang/invoke/LambdaForm$MH 1 1 20 1 7 1 100 1 1 1 1 1 1 1 7 1 1 12 9 1 1 1
ciInstanceKlass java/lang/invoke/LambdaForm$MH 1 1 20 1 7 1 100 1 1 1 1 1 1 1 7 1 1 12 10 1 1 1
ciInstanceKlass java/util/NoSuchElementException 0 0 21 1 1 1 1 1 1 1 1 1 1 1 5 0 100 100 12 12 10 10 1
instanceKlass org/springframework/core/ResolvableType$1
ciInstanceKlass org/springframework/core/ResolvableType 1 1 668 9 9 10 9 10 10 9 9 10 10 9 9 10 7 10 7 11 7 11 10 10 10 10 10 8 10 9 10 10 10 11 10 10 10 10 7 7 11 10 10 10 10 10 10 7 10 11 10 7 10 10 10 11 7 7 10 10 10 9 10 100 9 10 10 10 10 10 7 11 11 10 7 10 10 9 10 11 9 10 10 11 11 10 11 11 11 10 7 10 100 10 10 8 10 10 8 10 10 8 10 7 10 8 10 8 8 10 8 10 7 10 7 10 7 10 8 7 11 8 7 10 10 10 10 10 8 7 10 10 10 8 10 10 8 10 10 7 10 10 9 10 8 10 10 10 9 10 10 10 10 10 10 9 7 10 100 7 1 1 7 1 1 1 1 7 1 1 1 1 1 1 1 1 1 1 1 1 7 1 1 1 1 1 1 1 1 1 1 1 1 1 1 1 1 1 1 1 1 1 1 1 1 1 1 1 1 100 100 1 1 1 1 1 1 100 1 1 1 1 1 100 1 1 1 1 1 1 1 1 1 1 1 1 1 1 1 1 1 1 1 1 1 1 1 1 1 1 1 1 100 100 100 100 1 1 1 1 1 1 1 1 1 1 1 1 1 1 1 1 100 1 1 1 1 100 1 1 1 1 1 1 1 1 1 1 100 1 1 1 1 1 1 1 1 100 1 1 1 1 1 100 1 1 1 1 1 1 1 1 100 1 1 1 1 1 1 1 1 1 1 1 1 1 1 1 1 1 1 1 1 1 1 1 1 1 100 100 1 1 1 1 1 1 1 1 1 1 1 1 1 1 1 1 1 1 1 1 1 1 1 1 1 1 1 1 1 1 1 1 1 1 1 1 1 1 1 1 1 1 1 1 1 1 1 1 1 1 1 1 1 1 1 1 1 1 1 1 1 1 1 1 1 1 1 1 1 1 1 1 1 1 100 1 1 1 1 1 1 1 1 1 1 1 1 1 1 1 1 1 1 1 1 1 1 1 1 1 12 12 12 12 12 12 12 12 12 12 12 12 12 1 7 12 1 12 1 12 12 12 12 12 12 1 7 12 12 12 12 12 12 12 12 12 12 1 1 12 12 12 7 12 12 12 1 12 12 1 12 12 12 12 1 1 12 12 12 12 12 1 12 12 12 12 12 12 1 12 12 12 1 12 12 12 12 12 12 7 12 12 12 12 7 12 12 12 12 1 12 1 12 1 12 12 1 12 1 100 12 1 12 1 12 1 1 12 1 12 1 1 12 1 12 1 1 12 1 1 1 12 12 7 12 12 12 1 1 12 12 12 1 12 12 1 12 1 1 12 12 12 12 1 12 100 12 12 12 12 12 12 1 1 1 1 1 1 1 1 1 1 1 1 1 1 1 1 1 1 1 1 1 1 1 1 1 1 1 1 1 1 1 1 1 1 1 1 1 1 1 1 1 1 1 1 1 1 1 1 1 1 1 1 1 1 1 1 1 1 1 1 1 1 1 1 1 1 1 1 1 1 1 1 1 1 1 1 1 1
staticfield org/springframework/core/ResolvableType NONE Lorg/springframework/core/ResolvableType; org/springframework/core/ResolvableType
staticfield org/springframework/core/ResolvableType EMPTY_TYPES_ARRAY [Lorg/springframework/core/ResolvableType; 0 [Lorg/springframework/core/ResolvableType;
staticfield org/springframework/core/ResolvableType cache Lorg/springframework/util/ConcurrentReferenceHashMap; org/springframework/util/ConcurrentReferenceHashMap
ciInstanceKlass org/springframework/core/ResolvableType$1 1 1 55 9 10 10 10 10 7 7 1 1 1 1 1 1 1 1 1 1 1 1 1 1 1 1 1 1 1 1 1 1 1 1 100 1 1 1 12 12 12 12 7 12 12 1 1 1 1 1 1 1 1 1 1 1 1
instanceKlass org/springframework/beans/factory/NoUniqueBeanDefinitionException
ciInstanceKlass org/springframework/beans/factory/NoSuchBeanDefinitionException 1 1 88 7 10 8 10 8 10 10 9 9 8 10 10 10 8 10 10 7 7 1 1 1 1 1 1 1 1 1 1 1 1 1 1 1 1 1 1 1 1 1 1 1 1 1 1 1 1 1 1 1 1 100 1 1 1 1 1 1 1 1 12 1 12 1 12 12 12 12 1 7 12 12 12 1 12 12 1 1 1 1 1 1 1 1 1 1 1 1
ciInstanceKlass org/springframework/core/convert/converter/GenericConverter$ConvertiblePair 1 1 80 10 8 10 8 9 9 10 7 10 100 10 10 10 8 10 7 1 1 1 1 1 1 1 1 1 1 1 1 1 1 1 1 1 1 1 1 1 1 1 1 1 1 100 1 1 1 1 1 1 1 1 12 1 7 12 1 12 12 12 100 1 12 1 100 12 12 1 12 1 1 1 1 1 1 1 1 1 1 1
ciInstanceKlass java/util/ConcurrentModificationException 0 0 27 1 1 1 1 1 1 1 1 1 1 1 1 5 0 100 100 1 12 12 12 12 10 10 10 10 1
ciInstanceKlass java/util/concurrent/locks/LockSupport 1 1 118 8 8 8 8 7 1 1 1 1 1 1 1 1 1 1 1 1 1 1 1 1 1 1 1 1 1 1 1 1 1 1 1 1 1 1 1 1 1 1 1 1 1 1 1 1 1 1 1 1 1 1 1 7 100 100 100 100 100 7 7 1 1 1 1 1 1 1 1 1 1 1 1 1 1 1 12 12 12 12 12 12 12 12 12 12 12 12 12 12 12 12 12 12 12 12 9 9 9 9 9 10 10 10 10 10 10 10 10 10 10 10 10 10 10 10 10 1
staticfield java/util/concurrent/locks/LockSupport UNSAFE Lsun/misc/Unsafe; sun/misc/Unsafe
staticfield java/util/concurrent/locks/LockSupport parkBlockerOffset J 88
staticfield java/util/concurrent/locks/LockSupport SEED J 232
staticfield java/util/concurrent/locks/LockSupport PROBE J 240
staticfield java/util/concurrent/locks/LockSupport SECONDARY J 244
ciInstanceKlass org/springframework/beans/factory/config/ConfigurableBeanFactory 1 0 100 100 100 100 100 1 1 1 8 1 8 1 1 1 100 1 1 1 1 1 1 1 1 1 1 1 1 1 1 1 1 1 1 1 1 1 1 1 1 1 1 1 1 1 1 1 1 1 1 1 1 1 1 1 1 1 1 1 1 1 1 1 1 1 1 1 1 1 1 100 1 1 1 100 1 1 1 1 1 1 1 1 1 1 1 1 1 1 1 1 1 1 1 1 1 1 1 1 1 1
ciInstanceKlass org/springframework/beans/factory/config/BeanDefinition 1 1 122 100 11 10 11 10 100 100 100 100 1 1 1 8 1 8 1 1 3 1 3 1 3 1 1 1 1 1 1 1 1 1 1 1 1 1 1 1 1 1 1 1 1 1 1 1 1 1 1 1 1 1 1 1 1 1 1 1 1 1 1 1 1 1 1 1 1 1 1 1 1 1 1 1 1 1 1 1 1 1 1 1 1 12 100 12 12 100 1 1 1 1 1 1 1 1 1 1 100 1 8 1 1 12 10 1 1 1 8 1 1 1 8 1 1 8 1 1 1 8 1 1
instanceKlass org/springframework/beans/factory/support/DefaultSingletonBeanRegistry
ciInstanceKlass org/springframework/core/SimpleAliasRegistry 1 1 268 10 10 10 9 7 10 9 8 10 8 10 11 11 100 10 8 10 8 10 11 11 7 10 100 8 8 8 8 10 8 8 8 8 10 11 11 8 11 10 10 8 8 11 7 10 10 10 18 11 8 10 7 10 18 8 8 8 8 11 8 8 8 11 7 7 100 1 1 1 1 1 1 1 1 1 1 1 1 1 1 1 1 1 1 1 1 100 100 100 1 1 1 1 1 1 1 1 1 1 1 1 1 1 100 100 1 1 1 1 1 1 1 1 100 1 1 1 1 1 1 1 1 1 1 1 1 12 12 7 12 12 1 12 12 1 7 12 1 12 7 12 7 12 1 1 12 1 12 12 12 1 12 1 1 1 1 1 12 1 1 1 1 12 12 12 1 12 7 12 12 1 1 12 1 12 7 12 1 15 16 15 16 12 12 1 12 1 12 15 12 1 1 1 1 7 12 1 1 1 7 12 1 1 1 1 1 1 1 1 1 1 1 1 1 1 1 1 1 1 1 1 1 1 1 1 1 1 1 1 1 1 1 1 1 1 1 1 1 1 1 10 1 10 1 1 1 1 1 1 1 10 1 1 1 7 12 12 12 1 1 100 1 1 1 100 1 1
instanceKlass org/springframework/beans/factory/support/FactoryBeanRegistrySupport
ciInstanceKlass org/springframework/beans/factory/support/DefaultSingletonBeanRegistry 1 1 448 10 7 10 9 7 10 9 9 7 10 9 10 9 9 9 7 10 9 9 9 9 8 10 8 11 7 100 10 8 10 10 8 8 8 10 10 10 11 11 11 8 11 10 10 7 11 100 8 10 9 11 8 8 11 10 9 10 10 100 11 11 11 100 10 11 7 11 10 11 10 7 10 8 8 18 11 7 10 10 18 18 10 7 100 10 11 8 11 11 10 11 10 11 10 100 10 8 8 11 100 11 8 8 11 11 100 11 11 11 7 100 1 1 1 3 1 1 1 1 1 1 1 1 1 1 1 1 1 1 1 1 1 1 1 1 1 1 1 1 1 1 1 1 1 1 1 1 1 1 1 1 1 1 100 100 100 100 1 1 1 1 1 1 1 1 1 1 1 1 1 1 1 1 1 1 1 1 1 100 100 100 100 1 1 1 1 1 1 1 1 1 1 1 1 1 1 1 1 1 1 1 1 1 1 1 100 1 1 1 1 1 1 1 1 1 1 1 1 1 1 1 100 1 1 1 1 1 1 1 1 1 1 100 1 1 1 1 1 1 1 1 1 1 1 1 1 1 1 1 1 1 1 1 1 1 1 1 12 1 12 12 1 12 12 1 12 7 12 12 12 12 1 12 12 12 12 1 7 12 1 7 12 1 1 1 12 12 1 1 1 12 12 12 12 12 12 1 12 12 12 1 12 1 1 12 12 7 12 1 1 12 12 12 12 1 12 100 12 12 1 12 12 1 12 7 12 12 12 1 1 1 1 15 16 15 16 12 12 1 12 12 15 15 12 1 1 12 1 12 12 12 12 12 12 1 12 1 1 12 1 12 1 1 12 12 1 12 12 12 1 1 1 1 1 1 1 1 1 1 1 1 1 1 1 1 1 1 1 1 1 1 1 1 1 1 1 1 1 1 1 1 1 1 1 1 1 1 1 1 1 1 1 1 10 10 1 1 1 1 1 10 10 1 1 1 1 1 1 1 1 1 1 1 1 7 12 12 12 12 1 1 100 1 1 100 1 1
instanceKlass org/springframework/beans/factory/support/AbstractBeanFactory
ciInstanceKlass org/springframework/beans/factory/support/FactoryBeanRegistrySupport 1 1 253 10 7 10 9 10 10 18 10 10 100 11 100 9 8 11 11 11 10 10 10 10 10 10 10 100 8 10 11 8 18 10 100 10 11 100 100 10 10 8 8 100 10 7 100 10 8 10 10 8 10 10 10 11 10 11 10 7 7 1 1 1 1 1 1 1 1 1 1 1 1 1 1 1 1 1 1 1 1 100 1 1 1 1 1 1 1 1 1 1 1 1 1 1 1 100 100 100 100 1 1 1 1 1 1 1 1 100 100 100 1 1 1 1 100 1 1 1 1 1 1 1 1 1 1 1 12 1 12 12 7 12 100 12 1 15 16 15 16 12 12 100 12 1 12 1 12 1 100 12 7 12 12 12 12 12 12 12 12 12 1 1 12 12 1 15 12 12 1 12 12 1 1 12 12 1 1 1 1 1 1 12 12 1 12 12 12 12 12 1 1 1 1 1 1 1 1 1 1 1 1 10 1 1 1 1 1 1 1 1 1 1 1 1 1 1 1 1 1 1 1 1 1 1 1 1 1 1 1 1 1 1 1 1 1 1 1 1 1 1 1 1 100 12 1 1 100 1 1 1 100 1 1
instanceKlass org/springframework/beans/factory/support/AbstractAutowireCapableBeanFactory
ciInstanceKlass org/springframework/beans/factory/support/AbstractBeanFactory 1 1 1332 10 10 9 9 7 10 9 7 10 9 7 10 9 9 7 10 9 7 10 9 10 9 7 8 10 9 9 10 10 10 9 11 10 7 10 8 10 8 10 11 8 8 10 10 100 10 10 10 10 7 11 11 11 10 10 10 10 10 100 10 8 8 10 10 10 100 8 10 10 18 10 10 10 10 10 10 10 100 8 10 11 7 8 18 11 8 8 10 7 10 10 10 11 100 10 10 100 8 8 10 11 10 10 10 11 10 7 11 11 10 7 8 11 10 18 10 10 7 10 100 11 10 7 10 10 10 10 10 10 10 9 9 10 11 10 7 10 10 10 10 10 10 10 10 10 10 11 7 10 10 10 11 10 8 11 10 11 10 8 10 8 9 9 9 8 10 11 8 8 11 10 9 10 7 10 10 10 8 11 11 11 11 7 11 8 11 7 9 7 9 11 8 8 100 8 8 100 8 10 11 8 8 8 8 11 8 8 11 9 11 10 8 11 10 11 10 11 10 11 10 11 11 11 10 11 11 11 11 10 10 7 11 10 7 100 10 10 11 11 10 7 10 10 10 8 8 8 11 10 10 11 7 10 11 7 11 10 10 10 8 10 8 8 10 10 11 18 11 7 9 10 10 11 10 10 10 8 8 8 10 100 11 8 10 10 10 11 11 10 10 10 10 10 10 10 9 9 9 10 100 10 18 10 10 18 10 10 100 10 100 100 10 100 10 10 10 10 100 10 10 8 10 8 8 8 10 10 10 7 10 11 10 10 10 9 10 10 8 10 8 8 8 11 7 10 10 100 10 10 10 10 10 10 10 10 10 10 10 10 11 10 10 100 11 10 7 1 1 1 1 1 1 1 1 1 1 1 1 1 1 1 1 1 1 1 1 1 1 1 1 1 1 1 1 1 1 1 1 1 1 1 1 1 1 1 1 1 1 1 1 1 1 1 1 1 1 1 1 1 1 1 1 1 1 1 1 1 1 1 1 1 1 1 1 1 1 1 1 1 1 1 1 1 1 1 1 1 1 1 1 1 1 1 1 1 1 1 100 100 100 100 100 100 100 100 100 100 100 100 100 100 1 1 1 1 1 1 1 1 1 1 100 1 1 1 1 1 1 1 1 1 1 1 1 1 1 1 1 1 1 1 1 1 100 100 100 1 1 1 1 1 1 1 1 1 1 1 1 1 1 1 1 1 1 1 100 1 1 1 1 1 1 100 1 1 1 1 1 1 1 1 1 1 1 1 1 1 1 1 1 1 1 1 1 1 1 1 1 1 1 1 1 1 1 1 1 1 1 1 1 1 1 1 1 1 1 100 1 1 1 1 1 1 1 1 1 100 1 1 1 1 1 1 1 1 1 1 1 1 1 1 1 1 1 1 1 1 1 100 1 1 1 1 1 1 100 1 1 1 1 1 1 1 1 1 1 1 1 1 1 1 1 1 1 1 1 1 1 1 1 1 1 1 1 100 100 100 100 1 1 1 1 1 1 1 1 1 1 100 1 1 1 1 1 1 1 1 1 1 1 1 1 1 100 100 100 1 1 1 1 1 1 1 1 1 100 1 1 1 1 1 1 1 1 1 100 1 1 1 1 1 1 1 1 1 1 1 1 1 1 1 1 1 1 1 1 1 1 1 1 1 1 1 1 1 1 1 1 1 1 100 1 1 1 1 1 1 1 1 1 1 1 12 7 12 12 12 1 12 12 1 12 1 12 12 1 12 1 12 7 12 12 1 1 12 12 12 12 12 12 12 7 12 12 1 1 12 1 12 12 1 1 12 12 1 12 12 12 1 12 12 12 12 12 12 12 12 1 12 1 1 12 12 1 1 12 12 1 15 16 15 12 12 12 12 12 12 12 7 12 1 1 7 12 1 1 15 12 1 1 12 1 12 12 12 100 12 1 7 12 12 1 1 1 12 12 12 7 12 12 12 12 1 12 12 1 1 12 7 12 15 16 12 12 7 12 1 12 1 12 1 12 12 12 12 12 12 12 12 12 12 12 1 12 7 12 12 12 12 12 12 12 12 1 12 12 7 12 12 1 100 12 12 12 1 12 1 12 12 12 1 7 12 1 1 12 12 12 12 1 12 12 1 12 12 7 12 12 1 12 1 12 1 12 1 12 12 1 1 1 1 1 1 1 12 1 1 1 1 12 1 1 12 12 100 12 1 12 12 12 12 12 12 12 12 12 12 12 7 12 1 12 12 1 1 12 12 1 12 12 12 1 1 1 12 12 7 1 12 1 12 12 1 12 1 1 12 12 16 15 16 12 12 1 12 12 12 7 12 12 12 1 1 1 12 1 1 12 12 12 12 7 12 12 12 12 12 12 12 1 15 16 12 12 12 15 16 12 12 12 1 12 1 1 12 1 12 12 12 1 12 12 1 100 12 1 1 1 12 12 1 12 7 12 12 12 12 12 12 12 1 100 12 1 1 1 7 12 1 12 12 1 12 12 12 12 12 12 12 12 12 12 12 12 12 12 100 12 1 100 12 12 1 1 1 1 1 1 1 1 1 1 1 1 1 1 1 1 1 1 1 1 1 1 1 1 1 1 1 1 1 1 1 1 1 1 1 1 1 1 10 1 10 1 1 1 1 1 1 1 1 1 10 1 1 1 1 1 1 1 1 1 1 1 1 1 1 1 1 1 10 1 1 1 1 1 1 1 1 1 1 1 1 1 1 1 1 1 1 1 1 1 1 1 1 1 1 1 1 1 1 1 1 1 1 1 1 1 1 1 1 1 1 1 1 1 1 1 1 1 1 1 1 1 1 1 1 1 1 1 1 1 1 1 1 1 1 1 1 1 1 1 10 1 1 1 1 1 1 1 1 1 1 1 1 1 1 1 1 1 1 1 1 1 10 1 1 1 10 1 1 1 1 1 1 1 1 1 1 1 1 1 1 1 1 1 1 1 1 1 1 1 1 1 1 1 1 1 1 1 1 1 1 1 1 1 1 1 1 1 1 1 1 1 7 12 12 12 12 12 12 12 1 1 100 1 1 1 100 1 1
instanceKlass org/springframework/beans/factory/support/DefaultListableBeanFactory
ciInstanceKlass org/springframework/beans/factory/support/AbstractAutowireCapableBeanFactory 1 1 1604 10 7 10 9 7 10 9 9 9 7 10 9 9 7 8 10 9 7 10 9 9 9 7 10 7 7 10 10 11 10 7 11 7 10 100 8 10 10 10 9 10 10 10 10 7 10 10 10 10 10 10 10 10 10 10 10 100 10 11 10 18 10 10 10 11 100 8 10 11 10 10 11 11 11 7 11 11 7 10 10 10 10 10 10 9 11 100 10 8 10 8 10 11 7 10 10 10 10 10 10 100 100 10 8 10 10 100 7 8 10 10 8 7 8 10 11 7 10 11 7 9 9 9 10 8 10 8 8 18 10 10 10 8 10 10 10 100 10 10 11 100 8 8 10 8 10 10 8 10 10 10 7 7 11 10 10 10 10 10 10 9 10 9 10 8 10 10 10 10 10 10 18 11 7 10 10 10 10 10 10 10 11 10 7 10 10 10 10 10 10 11 8 10 11 10 10 10 9 10 9 10 10 7 10 10 10 10 10 10 10 10 10 10 10 7 10 9 10 10 10 11 10 11 10 10 100 100 10 8 10 10 11 10 10 10 8 7 11 9 9 10 10 10 10 7 11 10 10 10 8 10 10 10 9 9 9 10 10 10 10 7 10 11 10 10 10 10 11 18 8 7 10 10 10 10 8 11 10 7 10 10 10 10 11 10 11 10 10 10 10 10 8 8 8 8 8 8 10 11 10 10 100 100 10 11 8 11 100 10 10 100 10 10 11 10 10 10 11 10 10 100 10 11 7 10 10 18 11 100 11 10 11 10 10 8 10 11 10 10 11 11 8 10 11 7 10 11 10 7 10 11 10 10 9 8 100 100 10 10 10 11 10 10 10 7 10 100 10 10 10 10 10 11 18 10 10 10 8 7 11 11 11 7 8 10 8 18 10 100 10 11 10 10 10 10 8 10 10 10 10 8 8 10 8 8 8 10 18 10 18 100 10 10 10 10 10 11 10 10 7 1 1 1 1 1 1 1 1 1 1 1 1 1 1 1 1 1 1 1 1 1 1 1 1 1 1 1 1 1 1 1 1 1 1 1 1 1 1 1 1 1 1 1 1 1 1 1 1 1 1 1 1 1 1 1 1 1 1 1 1 1 1 1 1 1 1 1 1 1 1 1 1 1 1 1 1 1 1 1 1 1 1 1 1 1 100 100 1 1 1 1 1 1 1 100 1 1 1 1 1 1 1 1 1 1 100 100 1 1 1 1 1 1 1 1 1 100 100 100 100 100 1 1 1 1 1 1 1 1 1 1 1 1 1 100 100 100 100 1 1 1 1 1 1 1 1 1 1 1 100 100 100 1 1 1 1 1 1 1 1 1 1 1 100 1 1 1 1 1 100 1 1 1 1 1 1 1 1 1 1 1 1 1 1 1 1 1 1 1 1 1 1 100 100 100 100 100 100 1 1 1 1 1 1 1 1 1 1 100 1 1 1 1 1 1 1 1 1 1 1 1 1 1 1 1 1 1 1 100 100 1 1 1 1 1 1 1 1 1 1 1 1 1 1 1 1 1 1 1 1 1 1 1 100 100 1 1 1 1 1 1 1 1 1 1 1 1 1 1 1 1 1 1 1 1 1 1 1 1 1 1 1 1 100 100 100 1 1 1 1 1 100 1 1 1 1 1 1 1 1 1 1 1 1 1 100 100 100 100 1 1 1 1 1 1 1 1 1 1 1 1 1 1 1 1 1 1 1 1 1 1 1 1 1 1 1 1 1 1 1 1 1 100 100 100 1 1 1 1 1 1 1 1 1 1 1 1 1 1 1 100 1 1 1 1 100 1 1 1 1 1 1 1 1 1 100 1 1 1 1 1 1 1 1 1 1 1 1 1 1 1 1 12 1 12 1 12 12 12 1 12 12 1 1 12 12 1 12 12 12 1 12 1 1 12 7 12 12 1 12 1 12 1 1 12 12 7 12 12 12 12 12 12 1 12 12 12 12 12 12 12 12 12 12 12 1 12 12 7 12 1 15 16 15 12 12 100 12 12 7 12 1 1 100 12 12 12 7 12 7 12 12 1 12 12 1 12 12 12 12 12 12 12 7 12 1 1 12 1 12 12 1 12 12 12 12 12 12 1 1 12 1 12 12 1 1 1 12 1 1 1 12 7 12 1 12 12 1 12 12 12 12 1 12 1 1 15 12 12 12 12 1 12 12 12 1 12 12 12 1 1 1 7 12 1 12 12 1 12 12 12 1 1 12 12 12 12 12 7 12 12 12 7 12 12 12 1 12 12 12 12 12 7 12 16 15 16 12 12 7 12 7 12 12 12 12 12 12 100 12 1 12 12 12 100 12 12 12 12 1 12 12 12 12 12 12 12 12 12 12 1 12 12 12 12 12 12 12 12 12 1 7 12 12 12 12 12 12 12 12 1 1 12 1 12 12 12 12 12 12 1 1 12 7 12 12 12 12 12 1 12 12 12 1 12 12 12 12 12 12 12 12 12 1 12 7 12 12 12 12 15 12 1 1 12 12 1 12 1 12 12 12 12 12 12 12 12 12 12 12 12 1 1 1 1 1 1 12 12 12 100 12 1 1 12 1 12 1 12 1 12 12 12 7 12 12 12 12 12 1 100 12 12 16 15 16 12 12 1 12 12 12 1 12 12 12 12 1 12 12 1 12 12 1 7 12 1 1 1 12 12 12 7 12 12 12 1 12 1 12 12 12 12 12 100 12 15 12 12 12 12 1 1 12 12 12 1 1 12 1 15 12 12 1 12 12 12 12 12 12 1 100 12 12 12 12 1 1 1 1 1 12 15 12 12 15 12 1 12 12 12 12 12 12 12 1 1 1 1 1 1 1 1 1 1 1 1 1 1 1 1 1 1 1 1 1 1 1 1 1 1 1 1 1 1 1 1 1 1 1 1 1 1 1 1 1 1 1 1 1 1 1 1 1 1 1 1 10 10 1 1 1 1 1 1 1 1 1 1 1 1 1 1 1 1 1 1 1 1 1 1 1 1 1 1 1 1 1 1 1 1 1 1 1 1 1 1 1 1 1 1 1 1 1 1 1 1 1 1 1 1 1 1 10 1 1 1 1 1 1 1 1 1 1 1 1 1 1 1 1 1 1 1 1 1 1 1 1 1 1 1 1 1 1 1 1 1 1 1 1 1 1 1 1 1 10 1 1 1 1 1 1 1 1 1 1 1 1 1 1 1 1 1 1 1 1 1 1 1 1 1 1 1 1 1 1 1 1 1 1 1 1 1 1 1 1 1 1 1 1 1 1 1 1 100 1 1 1 100 1 1 1 1 1 1 1 1 1 1 1 1 1 1 1 1 1 1 1 1 1 1 1 1 1 1 1 1 1 1 1 1 1 1 1 1 1 10 1 1 1 1 1 1 1 1 1 1 1 1 1 1 1 1 1 1 1 1 1 1 1 1 1 1 1 1 1 1 1 1 1 1 1 1 1 1 1 1 1 1 1 1 1 1 1 1 1 1 1 1 1 1 1 1 1 1 1 1 1 1 1 1 1 1 1 1 1 10 1 1 1 1 1 1 10 1 1 1 1 1 1 1 1 1 1 1 1 1 1 1 1 10 1 1 10 1 1 1 1 1 1 1 1 1 7 12 12 12 12 1 1 12 12 12 12 12 1 1 100 1 1 100 1 1
ciInstanceKlass org/springframework/beans/factory/support/DefaultListableBeanFactory 1 1 1651 10 9 9 10 10 10 10 9 9 9 9 7 10 9 9 9 9 9 7 10 9 7 10 9 10 7 10 11 11 9 8 10 7 10 18 10 10 11 10 7 10 11 10 11 100 10 8 10 7 10 10 7 10 10 10 10 11 11 11 11 10 8 11 11 9 10 7 10 10 10 10 10 10 10 11 10 10 10 11 11 11 7 10 10 10 10 10 10 10 10 10 10 10 10 10 7 10 100 8 10 10 11 100 100 8 10 8 9 11 10 11 10 10 10 8 10 10 7 10 10 7 7 10 7 10 10 11 8 8 10 11 7 11 10 11 10 10 18 11 10 7 10 9 11 11 11 10 10 10 11 8 7 10 100 8 10 8 10 8 10 10 10 10 7 10 100 11 7 10 9 9 7 10 10 10 18 11 7 10 10 11 8 8 10 100 10 10 10 10 11 10 9 10 8 10 7 7 10 18 100 10 11 10 7 18 11 8 10 8 7 10 100 11 8 10 10 100 10 11 11 8 8 8 11 10 11 8 8 11 8 10 11 11 10 10 8 11 10 10 10 100 100 11 11 10 18 18 10 10 18 18 10 18 18 11 10 11 100 11 10 10 11 11 7 10 10 10 10 10 100 11 10 10 10 7 10 7 7 7 10 9 100 10 10 11 10 10 10 11 10 10 10 10 10 10 11 100 10 11 10 11 10 10 11 10 10 10 10 10 10 11 7 11 11 11 10 10 100 10 7 11 11 18 11 18 11 10 11 10 10 10 10 7 10 11 11 10 10 7 10 10 10 10 7 11 7 10 11 10 7 10 10 9 7 10 18 11 7 10 10 10 10 10 10 10 10 10 11 11 10 10 10 8 10 10 10 8 8 10 10 10 10 10 10 8 10 10 10 10 10 10 7 10 10 10 8 10 8 8 8 100 8 10 100 10 8 10 11 11 11 8 10 10 100 7 100 100 1 1 1 1 100 1 1 1 100 1 1 1 1 1 1 1 1 1 1 1 1 1 1 1 1 1 1 1 1 1 1 1 1 1 1 1 1 1 1 1 1 1 1 1 1 1 1 1 1 1 1 1 1 1 1 1 1 1 1 1 1 1 1 1 1 1 1 1 1 1 1 1 1 1 1 1 1 1 1 1 1 1 1 1 1 1 1 1 1 1 1 100 1 1 1 1 1 1 100 1 1 1 1 1 1 1 1 1 1 1 1 1 1 1 1 1 100 100 100 1 1 1 1 1 1 1 1 1 1 1 1 1 1 1 1 100 1 1 1 1 1 100 1 1 1 1 1 1 1 1 1 1 1 1 1 1 1 1 100 100 100 100 100 100 100 100 100 100 1 1 1 1 1 1 1 1 1 1 1 1 1 1 1 1 100 100 1 1 1 1 1 1 1 1 1 1 1 1 1 1 1 1 1 1 1 1 1 1 1 1 1 1 1 1 1 1 1 1 1 1 1 1 1 1 1 1 100 1 1 1 1 1 1 1 1 1 1 1 1 1 1 1 1 1 1 1 1 100 100 1 1 1 1 1 1 100 1 1 1 1 1 1 1 1 100 1 1 1 1 1 1 1 1 1 1 1 1 1 1 1 1 1 1 1 1 1 1 1 1 1 1 1 1 1 1 1 1 1 1 1 1 1 1 1 1 1 1 1 1 1 1 100 100 100 100 100 1 1 1 1 1 1 1 1 1 1 1 1 100 1 1 1 1 1 1 1 1 100 1 1 1 100 1 100 1 1 1 1 1 1 1 1 1 1 1 1 1 1 1 1 1 1 1 1 1 1 1 1 100 1 1 1 1 1 1 1 1 1 1 1 1 1 100 1 1 1 1 1 1 1 1 1 1 1 1 1 1 1 1 1 1 100 1 1 1 1 100 1 1 1 1 100 1 1 100 1 1 1 1 1 1 1 1 1 1 1 1 1 1 1 1 1 1 1 1 1 1 1 1 1 1 1 1 1 1 1 1 1 1 1 1 1 1 1 1 1 1 100 1 1 12 12 12 12 12 12 12 12 12 7 12 12 1 12 12 12 12 12 12 1 12 1 12 12 1 12 12 12 12 1 7 12 1 7 12 1 15 16 15 12 12 100 12 12 12 1 12 7 12 12 12 12 1 7 12 1 12 12 1 12 12 12 12 12 12 12 7 12 1 12 12 12 7 12 7 12 12 12 12 12 12 12 12 12 7 12 12 7 12 12 1 12 12 12 12 12 12 12 12 12 12 12 12 12 1 1 1 12 12 12 1 1 1 100 12 1 12 7 12 12 7 12 12 12 1 12 12 1 12 1 1 12 1 12 12 12 1 1 12 12 1 12 12 12 12 16 15 16 12 7 12 12 1 12 7 12 7 12 12 12 12 12 12 12 1 1 12 1 1 12 1 12 1 12 12 12 12 1 1 12 1 12 12 12 1 12 12 12 16 15 16 12 12 1 12 12 12 1 1 1 12 12 12 12 12 12 12 1 12 1 1 12 15 16 12 1 12 12 12 1 15 12 12 1 12 1 1 12 1 12 1 12 12 1 12 12 12 1 1 1 12 12 1 1 12 1 12 12 12 12 1 12 12 12 1 1 12 12 16 15 16 12 15 16 12 12 12 15 12 15 15 15 12 7 12 7 12 1 12 12 12 12 12 1 12 12 12 12 12 1 12 12 12 7 12 1 12 1 1 1 12 12 1 12 12 12 12 12 12 12 12 12 12 12 12 12 7 12 1 12 12 12 12 12 12 12 12 12 12 12 12 12 1 12 12 12 12 1 12 1 12 15 16 12 7 12 15 12 12 12 12 12 12 12 1 12 12 12 12 100 12 1 12 12 12 12 1 12 1 12 12 1 12 12 12 1 16 15 16 12 12 1 12 12 12 7 12 7 12 12 12 12 12 12 12 12 12 1 12 12 100 1 1 12 12 12 12 1 12 12 12 12 12 12 1 12 12 1 12 1 1 1 1 1 1 1 1 12 12 1 1 1 1 1 1 1 1 1 1 1 1 1 1 1 1 1 1 1 1 1 1 1 1 1 1 1 1 1 1 1 1 1 1 1 1 1 1 10 10 1 1 1 1 1 1 1 1 1 1 1 1 1 1 1 1 1 1 1 1 1 1 1 1 1 1 1 1 1 1 1 1 1 1 1 1 1 1 1 1 1 1 1 1 1 1 1 1 1 1 1 1 1 1 1 1 1 1 1 1 1 1 1 1 1 1 1 1 1 1 1 1 1 1 1 1 1 1 1 1 1 1 1 1 1 1 1 1 1 1 1 1 1 1 1 1 1 1 1 1 1 1 1 1 1 1 1 1 1 1 1 1 10 1 1 1 1 1 1 1 1 1 1 1 1 1 1 1 1 1 10 1 1 1 1 1 1 1 1 1 1 1 1 1 1 1 1 1 1 1 10 1 1 1 10 1 11 1 10 10 10 1 1 1 1 1 1 1 1 1 1 1 1 1 1 1 1 1 1 1 1 1 1 1 1 1 1 1 1 1 1 1 1 1 1 1 1 1 1 1 1 1 1 1 1 1 1 1 1 1 1 1 1 1 1 1 10 1 1 1 10 1 1 1 1 1 1 1 1 1 1 1 1 1 1 1 1 1 1 1 1 1 1 1 1 10 1 1 1 1 1 1 1 1 1 1 1 1 1 1 1 1 1 1 1 1 1 1 1 1 1 1 1 1 1 1 1 1 1 1 1 1 1 7 12 12 12 12 12 12 12 12 12 12 12 12 1 1 100 1 1 100 1 1
staticfield org/springframework/beans/factory/support/DefaultListableBeanFactory serializableFactories Ljava/util/Map; java/util/concurrent/ConcurrentHashMap
instanceKlass org/springframework/beans/factory/parsing/BeanDefinitionParsingException
instanceKlass org/springframework/beans/factory/xml/XmlBeanDefinitionStoreException
instanceKlass org/springframework/beans/factory/support/BeanDefinitionOverrideException
ciInstanceKlass org/springframework/beans/factory/BeanDefinitionStoreException 0 0 59 10 9 9 10 10 100 10 8 10 8 8 10 100 100 1 1 1 1 1 1 1 1 1 1 1 1 1 1 1 1 1 1 1 1 1 1 1 1 1 1 12 12 12 12 12 1 12 1 12 1 1 12 1 1 1 1 1 1
ciInstanceKlass org/springframework/beans/factory/CannotLoadBeanClassException 0 0 72 100 10 8 10 8 8 8 10 8 10 9 9 9 8 8 100 100 1 1 1 1 1 1 1 1 1 1 1 1 1 1 1 1 100 100 100 1 1 1 100 1 1 1 1 1 1 1 12 1 12 1 1 1 12 1 12 12 12 12 1 1 1 1 1 1 1 1 1 1 1 1
instanceKlass org/springframework/beans/BeanMetadataAttributeAccessor
ciInstanceKlass org/springframework/core/AttributeAccessorSupport 1 1 108 10 7 10 9 8 10 11 10 11 11 11 11 10 8 11 11 10 7 11 11 7 7 100 1 1 1 1 1 1 1 1 1 1 1 1 1 1 1 1 1 1 1 1 1 1 1 1 1 1 1 1 1 1 1 1 1 1 100 100 100 1 1 1 1 1 1 1 12 1 12 1 7 12 7 12 12 12 12 12 12 7 12 1 12 12 12 1 12 12 1 1 1 1 1 1 1 1 1 1 1 1 1 1 1 1 1 1
instanceKlass org/springframework/beans/factory/support/AutowireCandidateQualifier
instanceKlass org/springframework/beans/PropertyValue
instanceKlass org/springframework/beans/factory/support/AbstractBeanDefinition
ciInstanceKlass org/springframework/beans/BeanMetadataAttributeAccessor 1 1 64 10 9 10 10 10 7 10 10 10 7 7 100 1 1 1 1 1 1 1 1 1 1 1 1 1 1 1 1 1 1 1 1 1 1 1 1 1 1 1 1 1 1 100 100 1 1 1 12 12 12 12 12 1 12 12 12 1 1 1 1 1 1 1
instanceKlass org/springframework/beans/factory/support/ChildBeanDefinition
instanceKlass org/springframework/beans/factory/support/GenericBeanDefinition
instanceKlass org/springframework/beans/factory/support/RootBeanDefinition
ciInstanceKlass org/springframework/beans/factory/support/AbstractBeanDefinition 1 1 751 100 10 10 7 8 9 9 9 9 9 9 7 10 9 9 9 7 10 9 9 9 9 7 9 9 9 11 10 11 10 11 10 11 10 11 10 11 10 11 10 11 10 10 10 10 10 10 7 11 10 10 10 7 11 10 10 10 10 10 10 10 10 10 10 10 10 10 10 10 10 10 10 10 10 10 10 10 10 10 10 10 10 10 10 10 10 10 10 10 10 10 10 11 11 10 10 10 10 10 10 10 10 10 10 10 10 9 7 10 7 100 8 10 100 10 8 10 10 8 10 10 10 10 9 8 10 8 10 9 10 10 9 10 11 11 11 7 100 11 10 8 10 11 9 9 9 10 10 10 10 10 9 9 9 9 7 10 11 7 10 10 10 100 8 10 10 10 18 11 10 10 8 8 8 10 10 10 10 10 10 10 10 10 8 10 8 8 10 8 8 10 8 8 8 8 8 8 8 8 7 100 1 1 1 1 1 3 1 3 1 3 1 3 1 3 1 1 1 1 1 1 1 1 8 1 1 1 1 1 1 1 1 1 1 1 1 1 1 1 1 1 1 1 1 1 1 1 1 1 1 1 1 1 1 1 1 1 1 1 1 1 1 1 1 1 1 1 1 1 1 1 1 1 1 1 1 1 1 1 1 100 100 100 1 1 1 1 1 1 1 1 1 1 1 1 1 100 1 1 1 1 1 1 1 1 1 1 1 1 1 1 1 1 1 1 100 100 1 1 1 100 1 1 1 1 1 1 1 1 1 1 1 1 1 1 1 1 1 1 1 1 1 1 100 1 1 1 1 1 1 1 1 1 1 1 1 1 1 1 1 1 1 1 1 1 1 1 1 1 1 1 1 1 1 1 1 1 1 1 1 1 1 1 1 1 1 1 1 1 1 1 1 1 1 1 1 1 1 1 1 1 1 1 1 1 1 1 1 1 1 1 1 1 1 1 1 1 1 100 1 1 1 1 1 1 1 1 1 1 1 1 1 1 1 1 1 1 1 1 1 1 1 1 1 1 100 1 1 1 12 12 1 1 12 12 12 12 12 12 1 12 12 12 1 12 12 12 12 1 12 12 12 12 12 12 12 12 12 12 12 12 12 12 12 12 12 12 12 12 12 12 12 12 1 12 12 12 12 1 12 12 12 12 12 12 12 12 7 12 12 12 12 12 12 12 12 12 12 12 12 12 12 12 12 12 12 12 12 12 12 12 12 12 12 12 12 12 12 12 12 12 12 100 12 12 12 12 7 12 1 12 1 1 1 12 1 1 12 12 1 12 7 12 7 12 12 1 12 1 12 12 12 100 12 12 12 7 12 12 12 1 1 12 12 1 7 12 12 12 12 12 12 12 12 12 12 1 100 12 1 12 12 1 1 12 12 1 15 16 15 16 12 100 12 100 12 12 1 1 1 12 12 7 12 100 12 12 12 12 12 1 1 1 12 1 1 12 1 1 1 1 1 1 1 1 1 1 1 1 1 1 1 1 1 1 1 1 1 1 1 1 1 1 1 1 1 1 1 1 1 1 1 1 1 1 1 1 1 1 1 1 1 1 1 1 1 1 1 1 1 1 1 1 1 1 1 1 1 1 1 1 1 1 1 10 10 1 1 1 1 1 1 1 1 1 1 1 1 1 1 1 1 1 1 1 100 12 12 1 1 100 1 1 1 100 1 1 1 100 1 8 1 1 12 10 1 1 1 8 1
instanceKlass org/springframework/context/annotation/ConfigurationClassBeanDefinitionReader$ConfigurationClassBeanDefinition
ciInstanceKlass org/springframework/beans/factory/support/RootBeanDefinition 1 1 287 10 9 7 10 9 9 9 9 10 10 10 10 10 7 10 10 10 10 9 9 9 9 9 100 8 10 10 9 10 9 10 10 8 10 10 10 10 10 9 7 10 11 11 9 9 7 10 10 100 10 8 10 10 10 10 1 1 1 1 1 1 1 1 1 1 1 1 1 1 1 1 1 1 1 1 1 1 1 1 1 1 1 1 1 1 1 1 1 1 1 1 1 1 1 1 1 1 1 1 1 1 1 1 1 1 1 1 1 1 1 1 1 1 1 1 1 1 1 1 1 1 100 100 1 1 1 1 1 1 1 1 1 1 1 1 1 1 1 1 1 1 1 1 1 1 1 1 1 1 1 1 100 1 1 1 1 1 1 1 100 1 1 1 1 1 1 1 1 1 1 1 1 1 1 1 1 1 1 100 100 1 1 1 1 1 1 1 1 1 1 1 1 1 1 1 1 1 1 12 12 1 12 12 12 12 12 12 12 12 12 1 12 12 12 12 12 12 12 12 12 1 1 12 100 12 12 12 12 12 12 1 7 12 12 7 12 12 7 12 12 1 12 7 12 12 12 12 1 12 1 1 12 12 12 1 1 1 1 1 1 1 1 1 1 1 1 1 1 1 1 1 1 1 1 1 1 1 1 1 1 1 1 1 1 1 1
ciInstanceKlass org/springframework/beans/factory/ObjectFactory 1 0 17 100 100 1 1 1 100 1 1 1 1 1 1 1 1 1 1
ciInstanceKlass org/springframework/context/annotation/ConfigurationClassPostProcessor 1 1 652 9 10 10 10 9 7 10 9 7 10 9 7 10 9 10 9 7 10 9 9 7 10 9 9 9 9 9 9 9 100 3 8 10 8 8 9 8 10 10 10 10 11 100 7 10 8 10 10 10 10 8 11 10 7 10 7 10 11 7 10 11 11 9 11 11 8 11 10 7 10 11 11 18 11 7 100 8 11 100 100 10 7 10 7 10 11 10 10 10 10 11 9 7 10 10 10 11 11 11 10 10 11 11 11 7 10 11 11 11 11 11 10 7 10 11 11 7 11 11 7 10 7 8 10 10 10 100 8 10 8 100 8 8 10 11 11 8 11 11 11 7 10 11 7 11 9 9 10 10 10 11 8 7 11 10 10 11 10 10 10 10 7 10 7 8 100 100 100 100 100 1 1 1 1 1 1 1 1 1 1 1 1 1 1 1 1 1 1 1 1 1 1 1 1 1 1 1 1 1 1 1 1 1 1 1 1 1 1 1 1 1 1 1 1 1 1 1 100 100 1 1 1 100 1 1 1 1 1 1 1 1 1 1 1 1 1 1 1 1 1 1 1 1 1 1 1 1 1 1 1 1 1 1 1 1 1 1 1 1 1 1 1 1 1 1 1 1 1 1 1 1 1 1 100 100 100 100 100 100 100 100 100 1 1 1 1 1 1 1 1 1 1 1 1 1 1 1 1 1 1 1 1 1 1 1 1 1 1 1 100 100 100 100 100 100 100 100 100 100 1 1 1 1 1 1 1 1 1 1 1 1 12 12 12 7 12 12 1 12 1 12 1 12 7 12 12 1 12 12 1 12 12 12 7 12 12 12 12 1 1 7 12 1 1 12 1 12 12 7 12 7 12 7 12 1 1 1 12 12 12 12 1 12 12 1 12 1 12 7 12 1 12 12 12 7 12 7 12 1 12 12 1 12 7 12 1 15 16 15 16 12 12 1 1 1 12 1 1 1 12 1 12 12 12 12 12 12 12 12 1 12 12 12 12 12 12 7 12 12 7 12 12 1 12 7 12 12 12 12 12 1 1 12 1 12 1 1 7 12 12 12 1 1 12 1 1 1 1 12 1 12 7 12 1 12 1 12 7 12 7 12 12 12 12 12 1 1 12 7 12 12 12 12 12 12 12 1 1 1 1 1 1 1 1 1 1 1 1 1 1 1 1 1 1 1 1 1 1 1 1 1 1 1 1 1 1 1 1 1 1 1 1 1 1 1 1 1 1 1 1 1 1 1 1 1 1 1 1 1 1 1 1 1 1 1 1 1 1 1 1 1 1 10 1 10 1 1 1 1 1 1 1 1 1 1 1 1 1 1 1 1 1 1 1 1 1 1 1 1 1 1 1 1 1 1 1 1 1 1 1 1 1 1 1 1 1 1 1 1 1 1 1 1 1 1 1 1 1 1 1 1 1 1 1 1 1 1 1 1 1 1 1 1 1 1 1 1 1 1 1 7 12 12 1 1 100 1 1 100 1 1
staticfield org/springframework/context/annotation/ConfigurationClassPostProcessor IMPORT_BEAN_NAME_GENERATOR Lorg/springframework/context/annotation/AnnotationBeanNameGenerator; org/springframework/context/annotation/FullyQualifiedAnnotationBeanNameGenerator
staticfield org/springframework/context/annotation/ConfigurationClassPostProcessor IMPORT_REGISTRY_BEAN_NAME Ljava/lang/String; "org.springframework.context.annotation.ConfigurationClassPostProcessor.importRegistry"
instanceKlass org/springframework/beans/factory/parsing/BeanComponentDefinition
ciInstanceKlass org/springframework/beans/factory/config/BeanDefinitionHolder 1 1 146 10 10 8 10 8 9 9 9 8 10 10 10 11 10 10 10 100 10 8 10 8 10 8 10 10 10 8 10 10 7 10 10 10 10 10 7 100 1 1 1 1 1 1 1 1 1 1 1 1 1 1 1 1 1 1 1 1 1 1 1 1 1 1 1 1 1 1 1 1 1 1 1 1 1 1 1 100 1 1 1 1 1 12 12 1 7 12 1 12 12 12 1 12 12 12 7 12 7 12 7 12 7 12 1 1 12 1 12 1 100 12 12 12 1 12 12 1 12 12 12 1 1 1 1 1 1 1 1 1 1 1 1 1 1 1 1 1 1 1 1 1 1 1 1 1
ciInstanceKlass org/springframework/beans/factory/annotation/AutowiredAnnotationBeanPostProcessor 1 1 767 10 9 10 10 10 10 9 7 10 9 8 9 9 100 3 9 7 10 10 9 9 9 7 11 7 8 7 10 10 8 11 100 8 10 11 8 10 11 7 100 100 10 8 10 10 10 10 10 10 11 11 11 7 10 18 10 10 7 100 100 8 10 11 7 10 100 8 10 8 8 7 10 10 10 10 10 10 10 100 8 8 10 10 11 8 8 11 10 11 11 8 8 11 11 7 11 10 11 10 8 10 8 8 10 10 7 10 10 10 10 9 10 18 10 18 11 10 11 11 11 11 7 11 11 18 7 11 7 10 10 10 8 10 10 7 11 11 11 8 8 8 100 8 10 11 11 10 10 10 10 10 10 10 8 10 8 10 7 10 10 8 7 10 10 100 11 10 11 100 10 10 100 8 7 100 100 100 100 1 1 1 1 1 1 1 1 1 1 1 1 1 1 1 1 1 1 1 1 1 1 1 1 1 1 1 1 1 1 1 1 1 1 1 100 100 1 1 1 1 1 1 1 1 1 1 1 1 1 1 1 1 1 1 1 1 1 1 1 1 1 1 1 1 1 1 1 1 1 1 1 1 1 1 1 1 1 1 1 1 1 1 1 1 1 1 1 1 1 1 1 1 1 1 1 100 100 100 100 100 100 100 100 100 1 1 1 1 1 1 1 1 1 100 100 100 1 1 1 1 1 1 1 1 1 1 1 1 1 1 1 1 1 1 100 1 1 1 1 1 1 1 1 1 1 1 100 100 1 1 1 1 1 1 1 1 1 100 1 1 1 1 1 1 1 1 1 1 1 100 1 1 1 1 1 1 1 1 1 1 100 100 1 1 1 1 1 1 1 1 1 1 1 1 100 100 100 1 1 1 1 1 1 1 1 1 1 1 12 12 12 12 12 7 12 12 1 12 12 12 12 1 12 1 7 12 12 12 12 1 7 12 1 1 1 12 7 12 1 7 12 1 1 100 12 12 1 12 12 1 1 1 1 12 12 12 12 12 12 12 7 12 12 1 7 12 1 15 16 15 12 7 12 12 1 1 1 1 12 12 12 1 1 12 1 1 1 7 12 12 12 12 12 12 1 1 1 12 12 7 12 1 1 12 12 12 1 1 12 12 1 12 12 12 12 1 12 1 1 12 7 12 1 12 12 12 12 12 16 15 12 12 15 12 12 12 7 12 12 7 12 12 1 12 7 12 16 15 16 12 1 1 12 1 12 12 12 1 100 12 1 12 12 12 1 1 1 1 1 12 12 12 12 7 12 12 12 7 12 7 12 1 1 12 1 12 7 1 1 12 12 1 12 12 12 1 12 100 12 1 1 1 1 1 1 1 1 1 1 1 1 1 1 1 1 1 1 1 1 1 1 1 1 1 1 1 1 1 1 1 1 1 1 1 1 1 1 1 1 1 1 1 1 1 1 1 1 1 1 1 1 1 1 1 1 10 1 10 1 100 1 1 1 1 1 1 1 1 1 1 1 1 1 1 1 1 1 1 1 1 1 1 1 1 1 1 1 1 1 1 1 1 1 1 1 1 1 1 1 1 1 1 1 1 1 1 10 100 1 1 1 1 10 1 1 1 1 1 1 1 1 1 1 1 1 1 10 1 1 1 1 1 1 1 1 1 1 1 1 1 1 1 1 1 1 1 1 1 1 1 1 1 1 1 1 1 1 1 1 1 1 1 1 1 1 1 1 1 1 1 1 7 12 12 1 12 1 12 12 1 1 100 1 1 100 1 1
ciInstanceKlass org/springframework/boot/context/ContextIdApplicationContextInitializer$ContextId 1 1 60 10 7 10 9 9 7 7 10 10 8 10 10 10 10 7 1 1 1 1 1 1 1 1 1 1 1 1 1 1 1 1 1 1 1 1 12 1 12 12 12 100 1 1 12 1 12 12 12 12 1 1 1 1 1 1 1 1 1 1
ciInstanceKlass org/springframework/core/io/DefaultResourceLoader$$Lambda$109 1 1 24 1 7 1 7 1 100 1 1 12 10 1 1 1 1 7 1 7 1 1 12 10 1 1
ciInstanceKlass org/springframework/context/annotation/AnnotationBeanNameGenerator$$Lambda$123 1 1 33 1 7 1 7 1 100 1 1 1 1 1 12 10 12 9 1 1 12 10 1 1 1 1 7 1 7 1 1 12 10 1 1
ciInstanceKlass org/springframework/beans/factory/BeanFactoryUtils 1 1 329 10 100 8 10 8 10 9 18 11 7 7 8 10 10 10 10 100 10 8 11 7 11 7 10 10 11 10 11 11 10 11 10 7 10 11 11 10 18 11 11 10 18 10 7 10 10 11 11 11 11 10 11 11 11 11 100 11 10 100 10 11 11 10 10 7 10 1 1 1 1 1 1 1 1 1 1 1 1 1 1 1 1 1 1 1 1 1 1 1 1 1 1 100 1 1 1 1 1 1 1 1 1 1 1 1 1 1 1 100 1 1 1 1 1 1 1 1 1 1 1 1 1 1 1 1 1 1 1 100 1 100 1 1 1 1 1 1 1 1 1 1 1 1 1 1 1 1 100 100 1 1 1 1 1 1 1 1 1 1 1 1 1 1 12 1 1 12 1 7 12 12 1 15 16 15 16 12 7 12 1 1 1 12 12 12 12 1 12 1 12 1 12 1 12 12 12 12 12 12 12 12 12 1 12 12 12 12 16 15 16 12 12 12 12 15 12 1 7 12 7 12 12 12 12 7 12 12 12 100 12 100 12 1 12 12 1 12 12 12 12 12 1 1 1 1 1 1 1 1 10 1 10 1 1 1 1 1 1 1 1 1 1 1 1 1 1 1 1 1 1 1 1 1 1 1 1 10 1 1 1 1 1 1 10 1 1 1 1 1 1 1 1 1 1 1 1 1 1 1 1 1 1 1 1 1 1 1 1 1 1 1 1 1 1 7 12 12 12 12 1 1 100 1 1 1 100 1 1
staticfield org/springframework/beans/factory/BeanFactoryUtils transformedBeanNameCache Ljava/util/Map; java/util/concurrent/ConcurrentHashMap
ciInstanceKlass org/springframework/beans/factory/FactoryBean 1 1 34 100 100 1 1 1 8 1 1 1 7 1 1 1 1 1 1 1 1 1 1 1 1 1 1 1 1 1 1 1 1 1 1 1
ciInstanceKlass org/springframework/boot/autoconfigure/SharedMetadataReaderFactoryContextInitializer$SharedMetadataReaderFactoryBean 1 1 68 10 7 10 9 7 10 10 7 10 7 7 100 100 100 1 1 1 1 1 1 1 1 1 1 1 1 1 1 1 1 1 1 1 7 1 1 1 1 1 1 1 1 1 1 1 1 1 1 1 12 1 12 12 1 12 12 1 12 100 1 1 1 1 1 1 1 1
ciInstanceKlass org/springframework/beans/PropertyValue 1 1 132 10 9 9 8 10 9 9 8 10 10 10 9 9 9 10 10 10 7 10 10 10 10 100 10 8 10 8 10 7 100 1 1 1 1 1 1 1 1 1 1 1 1 1 1 1 1 1 1 1 1 1 1 1 1 1 1 1 1 1 1 1 1 1 100 100 1 1 1 1 1 1 1 1 1 1 1 1 1 1 1 1 1 12 12 12 1 7 12 12 12 1 12 12 12 12 12 12 12 12 12 1 100 12 100 12 12 12 1 1 12 1 12 1 1 1 1 1 1 1 1 1 1 1 1 1 1 1 1 1 1 1
ciInstanceKlass org/springframework/beans/factory/support/NullBean 1 1 31 10 100 10 8 7 1 1 1 1 1 1 1 1 1 1 1 1 1 1 1 1 1 1 1 1 12 1 12 1 1
ciInstanceKlass org/springframework/beans/factory/BeanFactoryUtils$$Lambda$128 1 1 24 1 7 1 7 1 100 1 1 12 10 1 1 1 1 7 1 7 1 1 12 10 1 1
ciInstanceKlass org/springframework/beans/factory/support/AbstractAutowireCapableBeanFactory$$Lambda$130 1 1 43 1 7 1 7 1 100 1 1 1 1 1 1 1 1 1 1 1 12 10 12 9 12 9 12 9 12 9 1 1 12 10 1 1 1 1 7 1 1 12 10 1 1
ciInstanceKlass org/springframework/context/annotation/ConfigurationClassBeanDefinitionReader$ConfigurationClassBeanDefinition 1 1 97 10 10 9 9 9 10 10 10 10 10 10 10 10 7 10 10 7 100 1 1 1 1 1 1 1 1 1 1 1 1 1 1 1 1 1 1 1 1 1 1 1 1 1 1 1 1 1 1 1 1 1 1 1 1 1 1 1 12 7 12 12 12 12 12 12 12 12 12 7 12 12 7 12 100 1 12 12 1 1 1 1 1 1 1 1 1 1 1 1 1 1 1 1 1 1 1
ciInstanceKlass org/springframework/beans/factory/support/AbstractAutowireCapableBeanFactory$$Lambda$170 1 1 24 1 7 1 7 1 100 1 1 12 10 1 1 1 1 7 1 7 1 1 12 10 1 1
ciInstanceKlass org/springframework/orm/jpa/LocalContainerEntityManagerFactoryBean 1 1 279 10 7 10 9 9 10 10 10 10 10 10 10 10 7 10 10 10 10 10 10 10 10 10 9 10 7 11 11 10 8 10 10 11 100 8 10 10 10 10 7 9 11 100 10 8 10 11 8 10 11 10 11 10 10 11 11 10 11 11 10 10 7 7 100 100 1 1 1 1 1 1 1 1 1 1 1 1 1 1 1 1 1 1 1 1 1 1 1 1 1 1 1 1 1 1 1 1 1 1 1 1 1 1 1 1 1 1 1 1 1 1 1 1 1 1 1 1 1 1 1 1 1 1 1 1 1 1 1 1 100 100 1 7 1 1 1 1 1 1 1 1 1 1 1 100 100 1 1 1 1 1 1 1 1 1 1 1 100 1 1 12 1 12 12 12 12 12 12 12 12 12 12 1 12 12 12 12 12 12 12 12 12 12 12 1 7 12 12 1 7 12 12 7 12 1 1 12 12 100 12 100 12 1 12 7 12 1 1 12 12 1 12 12 12 12 12 7 12 12 12 12 12 12 1 1 1 1 1 1 1 1 1 1 1 1 1 1 1 1 1 1 1 1 1 1 1 1 1 1 1 1 1 1 1 1 1 1 1 1 1 1 1 1 1 1 1 1 1 1 1 1 1 1 1 1 1 1 1
ciInstanceKlass java/util/concurrent/ConcurrentHashMap$TreeNode 1 1 69 1 1 1 1 1 1 1 1 1 1 1 1 1 1 1 1 1 1 1 1 1 1 1 1 1 1 1 1 1 100 7 7 7 7 1 1 1 1 1 1 1 1 1 1 1 1 12 12 12 12 12 12 12 12 12 12 9 9 9 9 9 10 10 10 10 10 1 1
ciInstanceKlass java/util/concurrent/ConcurrentHashMap$TreeBin 1 1 231 8 7 7 1 1 1 1 1 1 1 1 1 1 1 1 1 1 1 1 1 1 1 1 1 1 1 1 1 1 1 1 1 1 1 1 1 1 1 1 1 1 1 1 1 1 1 1 1 1 1 1 1 1 1 1 1 1 1 1 1 1 1 1 1 1 1 1 1 1 1 1 1 1 1 1 1 1 1 1 1 1 1 1 1 1 1 3 3 3 100 7 100 100 7 100 100 100 100 7 7 100 7 1 1 1 1 1 1 1 1 1 1 1 1 1 1 1 1 1 1 1 1 1 1 1 1 1 1 1 1 1 1 1 1 12 12 12 12 12 12 12 12 12 12 12 12 12 12 12 12 12 12 12 12 12 12 12 12 12 12 12 12 12 12 12 12 12 12 12 12 12 12 12 12 12 12 12 12 12 9 9 9 9 9 9 9 9 9 9 9 9 9 9 9 9 9 9 10 10 10 10 10 10 10 10 10 10 10 10 10 10 10 10 10 10 10 10 10 10 10 10 10 10 10 10 10 10 1 1 1
staticfield java/util/concurrent/ConcurrentHashMap$TreeBin U Lsun/misc/Unsafe; sun/misc/Unsafe
staticfield java/util/concurrent/ConcurrentHashMap$TreeBin LOCKSTATE J 28
staticfield java/util/concurrent/ConcurrentHashMap$TreeBin $assertionsDisabled Z 1
compile org/springframework/beans/factory/support/DefaultListableBeanFactory doGetBeanNamesForType (Lorg/springframework/core/ResolvableType;ZZ)[Ljava/lang/String; -1 4 inline 136 0 -1 org/springframework/beans/factory/support/DefaultListableBeanFactory doGetBeanNamesForType (Lorg/springframework/core/ResolvableType;ZZ)[Ljava/lang/String; 1 4 java/util/ArrayList <init> ()V 2 1 java/util/AbstractList <init> ()V 3 1 java/util/AbstractCollection <init> ()V 4 1 java/lang/Object <init> ()V 1 13 java/util/ArrayList iterator ()Ljava/util/Iterator; 2 5 java/util/ArrayList$Itr <init> (Ljava/util/ArrayList;)V 3 6 java/lang/Object <init> ()V 1 22 java/util/ArrayList$Itr hasNext ()Z 2 8 java/util/ArrayList access$000 (Ljava/util/ArrayList;)I 1 32 java/util/ArrayList$Itr next ()Ljava/lang/Object; 2 1 java/util/ArrayList$Itr checkForComodification ()V 2 14 java/util/ArrayList access$000 (Ljava/util/ArrayList;)I 1 45 org/springframework/core/SimpleAliasRegistry isAlias (Ljava/lang/String;)Z 2 5 java/util/concurrent/ConcurrentHashMap containsKey (Ljava/lang/Object;)Z 3 2 java/util/concurrent/ConcurrentHashMap get (Ljava/lang/Object;)Ljava/lang/Object; 4 1 java/lang/String hashCode ()I 4 4 java/util/concurrent/ConcurrentHashMap spread (I)I 4 34 java/util/concurrent/ConcurrentHashMap tabAt ([Ljava/util/concurrent/ConcurrentHashMap$Node;I)Ljava/util/concurrent/ConcurrentHashMap$Node; 1 61 org/springframework/beans/factory/support/AbstractBeanDefinition isAbstract ()Z 1 73 org/springframework/beans/factory/support/AbstractBeanDefinition hasBeanClass ()Z 1 81 org/springframework/beans/factory/support/AbstractBeanDefinition isLazyInit ()Z 2 11 java/lang/Boolean booleanValue ()Z 1 88 org/springframework/beans/factory/support/DefaultListableBeanFactory isAllowEagerClassLoading ()Z 1 97 org/springframework/beans/factory/support/AbstractBeanDefinition getFactoryBeanName ()Ljava/lang/String; 1 118 org/springframework/beans/factory/support/RootBeanDefinition getDecoratedDefinition ()Lorg/springframework/beans/factory/config/BeanDefinitionHolder; 1 133 org/springframework/beans/factory/support/DefaultSingletonBeanRegistry containsSingleton (Ljava/lang/String;)Z 2 5 java/util/concurrent/ConcurrentHashMap containsKey (Ljava/lang/Object;)Z 3 2 java/util/concurrent/ConcurrentHashMap get (Ljava/lang/Object;)Ljava/lang/Object; 4 1 java/lang/String hashCode ()I 4 4 java/util/concurrent/ConcurrentHashMap spread (I)I 4 34 java/util/concurrent/ConcurrentHashMap tabAt ([Ljava/util/concurrent/ConcurrentHashMap$Node;I)Ljava/util/concurrent/ConcurrentHashMap$Node; 1 153 org/springframework/beans/factory/support/AbstractBeanDefinition isLazyInit ()Z 2 11 java/lang/Boolean booleanValue ()Z 1 182 org/springframework/beans/factory/support/DefaultListableBeanFactory isSingleton (Ljava/lang/String;Lorg/springframework/beans/factory/support/RootBeanDefinition;Lorg/springframework/beans/factory/config/BeanDefinitionHolder;)Z 2 13 org/springframework/beans/factory/support/AbstractBeanFactory isSingleton (Ljava/lang/String;)Z 3 2 org/springframework/beans/factory/support/AbstractBeanFactory transformedBeanName (Ljava/lang/String;)Ljava/lang/String; 4 2 org/springframework/beans/factory/BeanFactoryUtils transformedBeanName (Ljava/lang/String;)Ljava/lang/String; 5 3 org/springframework/util/Assert notNull (Ljava/lang/Object;Ljava/lang/String;)V 5 9 java/lang/String startsWith (Ljava/lang/String;)Z 6 3 java/lang/String startsWith (Ljava/lang/String;I)Z 5 21 java/lang/invoke/LambdaForm$MH linkToTargetMethod (Ljava/lang/Object;)Ljava/lang/Object; 6 4 java/lang/invoke/LambdaForm$MH identity_L (Ljava/lang/Object;)Ljava/lang/Object; 4 5 org/springframework/core/SimpleAliasRegistry canonicalName (Ljava/lang/String;)Ljava/lang/String; 5 7 java/util/concurrent/ConcurrentHashMap get (Ljava/lang/Object;)Ljava/lang/Object; 6 1 java/lang/String hashCode ()I 6 4 java/util/concurrent/ConcurrentHashMap spread (I)I 6 34 java/util/concurrent/ConcurrentHashMap tabAt ([Ljava/util/concurrent/ConcurrentHashMap$Node;I)Ljava/util/concurrent/ConcurrentHashMap$Node; 3 25 org/springframework/beans/factory/BeanFactoryUtils isFactoryDereference (Ljava/lang/String;)Z 4 7 java/lang/String startsWith (Ljava/lang/String;)Z 5 3 java/lang/String startsWith (Ljava/lang/String;I)Z 3 50 org/springframework/beans/factory/BeanFactoryUtils isFactoryDereference (Ljava/lang/String;)Z 4 7 java/lang/String startsWith (Ljava/lang/String;)Z 5 3 java/lang/String startsWith (Ljava/lang/String;I)Z 3 63 org/springframework/beans/factory/support/AbstractBeanFactory getParentBeanFactory ()Lorg/springframework/beans/factory/BeanFactory; 3 75 org/springframework/beans/factory/support/DefaultListableBeanFactory containsBeanDefinition (Ljava/lang/String;)Z 4 3 org/springframework/util/Assert notNull (Ljava/lang/Object;Ljava/lang/String;)V 4 11 java/util/concurrent/ConcurrentHashMap containsKey (Ljava/lang/Object;)Z 5 2 java/util/concurrent/ConcurrentHashMap get (Ljava/lang/Object;)Ljava/lang/Object; 6 1 java/lang/String hashCode ()I 6 4 java/util/concurrent/ConcurrentHashMap spread (I)I 6 34 java/util/concurrent/ConcurrentHashMap tabAt ([Ljava/util/concurrent/ConcurrentHashMap$Node;I)Ljava/util/concurrent/ConcurrentHashMap$Node; 3 103 org/springframework/beans/factory/support/AbstractBeanDefinition isSingleton ()Z 3 165 org/springframework/beans/factory/BeanFactoryUtils isFactoryDereference (Ljava/lang/String;)Z 4 7 java/lang/String startsWith (Ljava/lang/String;)Z 5 3 java/lang/String startsWith (Ljava/lang/String;I)Z 1 223 org/springframework/beans/factory/support/DefaultListableBeanFactory isSingleton (Ljava/lang/String;Lorg/springframework/beans/factory/support/RootBeanDefinition;Lorg/springframework/beans/factory/config/BeanDefinitionHolder;)Z 2 13 org/springframework/beans/factory/support/AbstractBeanFactory isSingleton (Ljava/lang/String;)Z 3 2 org/springframework/beans/factory/support/AbstractBeanFactory transformedBeanName (Ljava/lang/String;)Ljava/lang/String; 4 2 org/springframework/beans/factory/BeanFactoryUtils transformedBeanName (Ljava/lang/String;)Ljava/lang/String; 5 3 org/springframework/util/Assert notNull (Ljava/lang/Object;Ljava/lang/String;)V 5 9 java/lang/String startsWith (Ljava/lang/String;)Z 6 3 java/lang/String startsWith (Ljava/lang/String;I)Z 5 21 java/lang/invoke/LambdaForm$MH linkToTargetMethod (Ljava/lang/Object;)Ljava/lang/Object; 6 4 java/lang/invoke/LambdaForm$MH identity_L (Ljava/lang/Object;)Ljava/lang/Object; 4 5 org/springframework/core/SimpleAliasRegistry canonicalName (Ljava/lang/String;)Ljava/lang/String; 5 7 java/util/concurrent/ConcurrentHashMap get (Ljava/lang/Object;)Ljava/lang/Object; 6 1 java/lang/String hashCode ()I 6 4 java/util/concurrent/ConcurrentHashMap spread (I)I 6 34 java/util/concurrent/ConcurrentHashMap tabAt ([Ljava/util/concurrent/ConcurrentHashMap$Node;I)Ljava/util/concurrent/ConcurrentHashMap$Node; 3 25 org/springframework/beans/factory/BeanFactoryUtils isFactoryDereference (Ljava/lang/String;)Z 4 7 java/lang/String startsWith (Ljava/lang/String;)Z 5 3 java/lang/String startsWith (Ljava/lang/String;I)Z 3 50 org/springframework/beans/factory/BeanFactoryUtils isFactoryDereference (Ljava/lang/String;)Z 4 7 java/lang/String startsWith (Ljava/lang/String;)Z 5 3 java/lang/String startsWith (Ljava/lang/String;I)Z 3 63 org/springframework/beans/factory/support/AbstractBeanFactory getParentBeanFactory ()Lorg/springframework/beans/factory/BeanFactory; 3 75 org/springframework/beans/factory/support/DefaultListableBeanFactory containsBeanDefinition (Ljava/lang/String;)Z 4 3 org/springframework/util/Assert notNull (Ljava/lang/Object;Ljava/lang/String;)V 4 11 java/util/concurrent/ConcurrentHashMap containsKey (Ljava/lang/Object;)Z 5 2 java/util/concurrent/ConcurrentHashMap get (Ljava/lang/Object;)Ljava/lang/Object; 6 1 java/lang/String hashCode ()I 6 4 java/util/concurrent/ConcurrentHashMap spread (I)I 6 34 java/util/concurrent/ConcurrentHashMap tabAt ([Ljava/util/concurrent/ConcurrentHashMap$Node;I)Ljava/util/concurrent/ConcurrentHashMap$Node; 3 103 org/springframework/beans/factory/support/AbstractBeanDefinition isSingleton ()Z 3 165 org/springframework/beans/factory/BeanFactoryUtils isFactoryDereference (Ljava/lang/String;)Z 4 7 java/lang/String startsWith (Ljava/lang/String;)Z 5 3 java/lang/String startsWith (Ljava/lang/String;I)Z 1 249 java/lang/StringBuilder <init> ()V 1 254 java/lang/StringBuilder append (Ljava/lang/String;)Ljava/lang/StringBuilder; 1 259 java/lang/StringBuilder append (Ljava/lang/String;)Ljava/lang/StringBuilder; 1 262 java/lang/StringBuilder toString ()Ljava/lang/String; 1 287 java/util/ArrayList add (Ljava/lang/Object;)Z 2 7 java/util/ArrayList ensureCapacityInternal (I)V 3 6 java/util/ArrayList calculateCapacity ([Ljava/lang/Object;I)I 3 9 java/util/ArrayList ensureExplicitCapacity (I)V 4 22 java/util/ArrayList grow (I)V 5 38 java/util/Arrays copyOf ([Ljava/lang/Object;I)[Ljava/lang/Object; 1 363 java/util/HashSet iterator ()Ljava/util/Iterator; 2 4 java/util/LinkedHashMap keySet ()Ljava/util/Set; 3 14 java/util/LinkedHashMap$LinkedKeySet <init> (Ljava/util/LinkedHashMap;)V 4 6 java/util/AbstractSet <init> ()V 5 1 java/util/AbstractCollection <init> ()V 6 1 java/lang/Object <init> ()V 2 4 java/util/HashMap keySet ()Ljava/util/Set; 3 14 java/util/HashMap$KeySet <init> (Ljava/util/HashMap;)V 4 6 java/util/AbstractSet <init> ()V 5 1 java/util/AbstractCollection <init> ()V 6 1 java/lang/Object <init> ()V 2 7 java/util/LinkedHashMap$LinkedKeySet iterator ()Ljava/util/Iterator; 3 8 java/util/LinkedHashMap$LinkedKeyIterator <init> (Ljava/util/LinkedHashMap;)V 4 7 java/util/LinkedHashMap$LinkedHashIterator <init> (Ljava/util/LinkedHashMap;)V 5 6 java/lang/Object <init> ()V 2 7 java/util/HashMap$KeySet iterator ()Ljava/util/Iterator; 3 8 java/util/HashMap$KeyIterator <init> (Ljava/util/HashMap;)V 4 7 java/util/HashMap$HashIterator <init> (Ljava/util/HashMap;)V 5 6 java/lang/Object <init> ()V 1 372 java/util/LinkedHashMap$LinkedHashIterator hasNext ()Z 1 382 java/util/LinkedHashMap$LinkedKeyIterator next ()Ljava/lang/Object; 2 1 java/util/LinkedHashMap$LinkedHashIterator nextNode ()Ljava/util/LinkedHashMap$Entry; 2 4 java/util/HashMap$Node getKey ()Ljava/lang/Object; 1 463 org/springframework/beans/factory/support/AbstractBeanFactory isTypeMatch (Ljava/lang/String;Lorg/springframework/core/ResolvableType;)Z 1 507 org/springframework/util/StringUtils toStringArray (Ljava/util/Collection;)[Ljava/lang/String; 2 1 org/springframework/util/CollectionUtils isEmpty (Ljava/util/Collection;)Z 3 5 java/util/ArrayList isEmpty ()Z 2 11 java/util/ArrayList toArray ([Ljava/lang/Object;)[Ljava/lang/Object;
